CustomerID,probability_score
0465e1d5adc84233,0.5000646563460067
2e92a20d5ba44245,0.1747132229024633
3415bc0eabec4c83,0.6712047684918333
a9701499e89847d3,0.3757873443535526
808c6d4f17f542d5,0.13195096626829037
8259b518f07a43e9,0.9562177797916175
80fd07b6045542d6,0.06453352190566923
ea9d29b96aa74e87,0.08501595942644304
0132c988354c48bf,0.5851189290152583
0f94ad03af3f43e3,0.09289400262565711
13bc342627b84fca,0.2707894853258626
81a4fd84cbbd4b81,0.12060934909528179
f948143369384b65,0.15711590191352745
694c3c61fed94590,0.5293653446426192
592f978b2df34e70,0.890369402928496
4446c008cdca42fc,0.7479786359329404
22666da57bfc40ee,0.9232096844935154
eb94a9f75bac43e2,0.9105813246111439
01716c732e83427c,0.12328331779279508
047d405da0ed4a8f,0.17676241174330698
9c750444134e4234,0.2838762488576082
6a07a6ef8e534112,0.6978555990971055
3f3d38cae1f2430f,0.0971894103352389
2054897b1ae54e2e,0.42355613293636496
ed309ae54fbe440e,0.145092410441719
f542c55e7d964f3f,0.2032975406847785
ec19c1c6bbe14671,0.36619752297311575
bd7a5b24f1ad41b3,0.5206584524553245
9d6225bae4f042cf,0.45951885597640485
c1e009d64e954fe4,0.5386871712072911
af8a066d655a4f07,0.9449794278850803
4f3bb2e7afbc4025,0.5223423341398318
22a461e6fa254b5b,0.7767824876057768
228fc3116deb4bd0,0.09337797920184719
a595c794b01f4678,0.2750968381311733
25aa8ff7fc55423a,0.9440059785028564
87707586f7ea48e9,0.4677478731639135
bb6ac3ecd92d4fb2,0.2056197638329605
0ba972fa69cb42ac,0.18479367051808104
385a9d150b244b76,0.1182036533517522
05e2b369e2534339,0.1339681897793021
e468471c19654ef4,0.10968832043452326
7f29ac2088d341e8,0.2625606241213607
4b9da8b385984efa,0.09776902686476888
d63809beb7d547a5,0.5751658644951335
99e2c528d84e4e61,0.11258017637672549
f944f4ade25f49df,0.08486802712222441
e4ab9e103f7847c2,0.11162123646410997
3a80e8d8a70a4b71,0.12113960628803996
44999fafe6454343,0.44914697672593235
48145dd67d7b45cd,0.9450309833727593
654b96617bc244a0,0.14371033646991244
81380199ebc642b8,0.23411011270025653
c7ac059960a5402b,0.5166579438639181
09c3150926bf40d3,0.14204026409532616
6f443ae789264d12,0.7615217689914253
9c30900f19804dc9,0.09757225616312747
6a39ba614b1d4288,0.14133034168699177
7bb62ab7e0ed42c9,0.2823430008477372
41473ec291f14e75,0.8315780034204185
342ef47d853348d7,0.13781701961460402
3fb6684f423a4c11,0.1010807236562659
f9aacf78480146af,0.14212033192524157
cb6d73e58bf24c36,0.15006811873608003
4b4b5f97710a4c9e,0.7393640354328127
66af5ed434c44a76,0.18683065049674394
dad82e8603b44813,0.14006517739899527
8e682a36fb884a44,0.11160142647046878
f48aec3f96a04568,0.2149201718654604
e9b72518d15d49a1,0.12024447325481923
c4040e62983b41c4,0.32411006195332037
4185057b916444e5,0.34075155987066225
b05abf77eff54029,0.11602646983859834
3938c151944e49f6,0.13980573300186933
4587d75e502f47d2,0.4933961576755364
6327a78b68934364,0.07084487575488717
7e9cd4aa5b7f428a,0.2216246153228691
aaa976d12996489d,0.08916737724792581
26099a8d7da4454c,0.11267756992555908
bbfa4f17c8864bd0,0.10935304112608728
a74e1baaee344727,0.1268058893682022
b6c8088fcdc3476f,0.16387531030625133
ffbec3a6c5b346ea,0.2615070134709063
92153406aa8b4d5e,0.1291286990439007
29992d60f8354a1c,0.12155370918997238
931091da622d4e53,0.18932528298643558
4fe3f3d3397747a0,0.8905217419268447
c21281b3b048415b,0.09798122242409008
e24da10ad596439d,0.09578644972725824
22b90a9497804343,0.6904851595052758
76f58b46989a4726,0.16301790353195542
ac21c326157f4d4a,0.09891303499989074
bb96cccc488447d0,0.20066002900953311
6b439a4f9c344729,0.27447846114148944
3cda664e8c8144e1,0.20721673560657702
715c8afc4ca74fac,0.16578562711147538
03f21b826d4b46fb,0.12842953292712805
666e170b0bf24ded,0.7306996616877101
09fd6fab1092400d,0.9405080745687212
86270afc04e54867,0.43208228771656637
3e84d20f92634dd1,0.07881663735994938
89924af24d9441de,0.21941879078656146
8baeec3e32d34c91,0.13055357915708557
37c647d92c8b4cb4,0.3285579344317153
100ea5eac6e54b01,0.1416612285573591
81bebd38f30649cf,0.09497108402911283
05139d5407f14287,0.09994420610998968
00611a28aba04e79,0.11051251524768098
6e973d668a6947b0,0.8339270409407021
1f8caecd6270482a,0.10835205407468444
71464fa6c4ad4459,0.20156781719926348
da6cf12a3c184d14,0.5835222084479856
a3209a64e33b4e65,0.08578398887329745
a35e5d9090034033,0.09309685068282401
afe792b76d6f4357,0.8633796359283191
d136d7f7df89420e,0.08516543255906954
341db8d424d141ad,0.13559423484537586
108b3c88f5274041,0.1671680719414472
e28f3e11b1714abb,0.14506161163498588
f741a4e87bec431a,0.09596748191582763
252b47b2f2a74682,0.11433304132754663
2a2d340a80a044b0,0.845105709543126
670545efb4fe477f,0.09768984686464667
7d1f097da16e49b0,0.17456744000572233
dea49983178544a7,0.10825042768475428
fc45910f3c6a49c0,0.15859657856534196
dccff66033d043bb,0.08304124385917883
8c107154b4194d20,0.0822651965694661
9162030984684ee6,0.08440049892355539
130c08310d0d4b20,0.06710153104009701
5daa0146dadd49db,0.07806691138473157
dc52726f779d4aaf,0.4510869734722631
d5795a2407524a62,0.16540865106294678
11b902b588124678,0.16058032076135584
deb22fdbf13a4668,0.32484454499670046
77d7b1e741d44ac2,0.23181147512238448
c942712f77f84d13,0.1412366708840826
cabbd4db689d4a79,0.1386851082370313
e23f2a325ba145c9,0.09630081630921797
1540c329fb4349ad,0.8161634429773398
3e5195ad3c834ac8,0.48837716048036756
5514985c7b154ad1,0.09553873539760163
d6c9d8dc3f124e43,0.13153189077055266
5d99613e4c294f14,0.13315646935013198
693f779c906d4f3a,0.1177884178279048
1ea0e913c170447f,0.18693388397945343
236ff86932ba4243,0.07447637371127518
dedec37c30fa45e0,0.135060861866101
2646d633f83e4bed,0.14521137837858114
732d07118cee46d0,0.19404733190615805
c47b7436648d4079,0.1140524016410834
87743ff9fe7c4fd9,0.24805896511946388
b74bd7abb98947cc,0.09884200044307978
5743a0b8e74b4e06,0.13905458292503398
5bc15169bc4040b0,0.07731152683122064
bd77f911ba224594,0.14098017844514565
c6b8827516f34329,0.14024339631868424
61dfbb92c9854a04,0.545993646490648
5624254a388248d0,0.19558252919306818
4e894dacb6dd4e9c,0.058020200494370754
15f468ccd17448d3,0.17618303503188562
976ac159f8424c4a,0.2287275704233012
15027a19bb134996,0.11080783709867353
35a6efd648004d08,0.8924084881680846
ed0e640f722748bc,0.10463397609704038
9c457df8a0c64273,0.09620580979240363
bd95a05534334d0c,0.4735508779963518
9fcc034678d44f96,0.08245996552763278
5b8ecd9f7c344bee,0.12229788529368757
b5353af5a690487a,0.09988004339217428
e5430b8714b14e58,0.13335856340176502
84ddfd04d03a4bb0,0.13732246103292273
dc0dd9e59b9c4749,0.9125215244086572
48e20ef15d0c40fc,0.11249068275926807
7d8eca8abf324974,0.12728791355196645
20ae778f70d444a5,0.6124730402205663
31d41c9d0d4a452f,0.7890833290681512
aae44e74704a4f35,0.3954577174099191
bf2db42d2a8b4c48,0.10292594054754879
cf1463dd91d34eca,0.9007249809069826
1c365493a508486e,0.12417621392932757
620b583de9a0460e,0.1259815237408106
d3234f34898b4836,0.10138297881775235
27ba066750564c3a,0.1429082111561559
b4891948645d47d7,0.9230175703601138
c41f56352b90419d,0.11773382028534007
afb3bcf76e534c50,0.13142872863791719
8e4c4a078c25496f,0.14288465645478612
0cc2e9a2bf624c30,0.21753932815043422
3f0817436bc94afa,0.0925512491331731
309e1e77c91b46fe,0.09646001559063831
1ed213134bef45b2,0.13087384982102862
b323f4a0fd6d4bc9,0.08541330427177452
1f244e78a9834999,0.051728309480848944
8fc299237722432e,0.27901328274505177
50366941a650440c,0.8160702999786861
7236b08d755846ef,0.2662377691007857
839cadfd0795420e,0.11111008993391604
1cabb4db08444ab6,0.3025532921209831
0cda594b79674b9b,0.46710756478764554
7dd6ba9db7d846f8,0.14060097679418176
2b18ea38a47f4e83,0.09870597589112524
30e8890f190d4509,0.09849369196154094
e107f58fbfba49b4,0.2909977322621159
3c96b6af49f04df3,0.17050637296295187
0b700a056fd34001,0.6321750822411119
6535e569cac74b1b,0.07175294944114488
a2f6f156391f4984,0.11342059019471466
4e0dcd40ec484c6e,0.12853394141485197
3b5010153e7545ab,0.17049576292163113
5e83594a679943e7,0.7661170781540367
5321541614704bbb,0.07856239614723418
3781d2b64daa4823,0.5464204145408651
2eb4213d62814f45,0.10103453212513681
0267be4ca4fa45fa,0.10280529323882903
21d8e4fdd38c4805,0.14447420527132213
80968415bfa34795,0.1298812622360962
20fbdfee86334130,0.2451243944728753
97759165f404465d,0.3778011628117706
0140a90f32314052,0.7030224940869988
e8e15422327042a5,0.04875583796882792
c50ae123e8854225,0.7195009014127778
32a291c8dc6b4795,0.27610467654487714
4a47667ab4144996,0.1489472892356098
b2afb0f845d5479d,0.855639649617807
8b4d620752cb4e5d,0.10371698163347645
ea75cf8398c84022,0.10417469398800601
0753d2e7893f45b6,0.2352613415331047
05b25ef813474f30,0.11115639103520904
e6800771604744af,0.07783089998034201
75fa9c8fc850415d,0.06923340569406133
763ad808e817478e,0.14432939843043305
4cd7dd61548d4afd,0.6267522690529785
eaf8527165b04de1,0.49364576886062406
31dd982860c746b7,0.10922391893907721
e8777b7a8c4442e7,0.5830233426171983
638ffed24f084892,0.7179869398335977
041460928f3e40fd,0.2188198589804227
d98a53b2d7b84600,0.15844048069948888
ffb3859051f6445c,0.16585001260622365
fcda8e7a36b34611,0.755248189639671
a422a325c5824bae,0.9414911766866594
cfaabf0808074915,0.08015242953493786
8d4f7d7a81b44f63,0.20872757714154033
e2d52e7e89e244dc,0.7737396431693273
2d85e9aa32094ebf,0.10675470005630357
c1952682574347ea,0.4040876897926668
8074253722dc436c,0.10763320094685781
b28c7873b2284db2,0.14651846461281717
7797c6d7f870434f,0.1079139079389309
dc70ada301dd489a,0.3150112307622387
042c823a3cee4e45,0.3060406541625245
5065a5d502124ba4,0.11028157358094802
d2bd2d48d3c1414f,0.48257747549797797
97ac395158a2408e,0.6679374748726971
0c388da1e4934348,0.14640400715588037
9ec659927d6d48e0,0.11226707053261582
47bfdde82bfa4cb8,0.08676972524384222
69dbe0030bc1476e,0.14712033795737314
98122e907a844c2a,0.15767204983228042
957761e36e6347a6,0.13980934183812277
3520c688bc764d6c,0.14853352438682738
d52349487748467e,0.09859769238072416
d277639b0cc04d88,0.13345905829135707
5d357c2b969c4ef9,0.26873696435679945
9082ed1c22734783,0.8991511143608213
de9f6c0d135d4340,0.10825401867336928
f6514bf35efd4c68,0.10776788744424443
adba2c8ab2da42fe,0.09220884676695809
31d003a44af440a7,0.0754767223918968
8ddc774413cb45aa,0.1650043154190735
346ac0da09a7428d,0.1301535721259419
1d46dc0135f444f5,0.30943158590748
d5d9caaaaf16472a,0.32332860638933253
e3d9b55ccf65477d,0.13170873592474305
eb8f108a3c214dc2,0.47997548653869154
e2462f6786534df1,0.0963102949679992
ec15d37897d94d4c,0.7871338139391356
4a8a0b3b60514c3b,0.21551476882887988
6d6efeaf84494f9d,0.14570946685369845
3c732bd7bbdf4619,0.3421988005733525
8ed6e9ffeb914d05,0.18165469292430492
4443dbbebd614450,0.09157754274310356
688bef0930fa4ca2,0.19001488430746075
f12ab7292b3843b4,0.10936793635537151
0d3ed0cc13ee400d,0.3475840159535158
aa71f79ee87f4e2c,0.3950697830430236
dfceb4427dde4df9,0.16112335744782502
31842cff491b4468,0.22713305579971066
c1d726e379be42d4,0.13712593174476478
cadb76def79b4452,0.1302583951533425
098220ef01934924,0.11275223725680177
1d54878d2add4e1a,0.09015828296860809
776df4a481ef4ef0,0.10131198459099669
b13c65ae608c4c26,0.23499085975059447
f5d217bd881149ef,0.10980156708729702
ad4068f8ac9f4d2f,0.296862055054884
dbb4711d57394d32,0.1566951672408261
53b531b0229643ac,0.13715268599604857
51f112f066d94c1d,0.15166978589077068
e8cd5bf849c34ca3,0.13766510553038244
d5ec72a18d11402d,0.14151235616603253
7c5567f853404b4b,0.19975075306538034
7d7a34ee16114ca1,0.07367524977712114
05f64e7de6ae4744,0.16401224315846138
5eaa78448dbe4d98,0.5136124270523762
658191963425498b,0.12169632515048583
47612a8b56ae4f52,0.06676641981140656
94b545da647847d8,0.10089058066747274
67e5a76ac9654d1f,0.09888925708854346
a6976eff67604a66,0.11383709032093113
12f8f379695c400c,0.17611144718574115
8cfdd1e9f3a24690,0.12153279308589864
cc2d529cb45f42d3,0.7466831382298975
0eb74903a10f47a3,0.6784667613061187
933a5119b759433a,0.5006032074082767
d817e124ad9c4454,0.10940927155260503
bd15e58fc94d4b58,0.13045063062116058
4c1f5ace34da48ab,0.47536250824048526
1ee6556a27b54c35,0.1905496640580043
6845feec561b436e,0.20465313671166716
cee8212c1f7e43b6,0.11069823326497638
00b175e2fecd4c5f,0.159576053167725
772f073b005249a1,0.09888255289548745
202094f00bb74a81,0.126232408392911
7158445eb2e9481b,0.09142736775778054
8b6fe755588e45ae,0.10028213441143718
439cc944525942bd,0.06853237603560307
62cf7b170c314182,0.12000695346702972
5fe41db960e74804,0.518713047041074
967a72aaafc249d2,0.1563805928330471
9466da674b5544eb,0.10373176873434116
01b565725f734290,0.1795377519716305
a99edf8b953f4c56,0.25204428980705385
95946c87691348c1,0.13319288700984908
76db8a02ae7f42e0,0.39053413677108506
a04db82c8af3450e,0.1667613315448212
22ecc058cb114557,0.11742099523983876
a717199e35804923,0.08307277424698825
2903d92c1485494d,0.09683499353496626
6b6ae127f82c4f7e,0.31867970436516374
84f863370dde40c5,0.1512620331317881
cc9993928bc84a1e,0.08788206247105122
87bc3442bdfd47e1,0.09647158751705699
c67d82b745ee4225,0.22998299592674812
89ab8d792ab64b73,0.08521601185938456
9989f701e0c941e9,0.7988129899945533
806212f77be148f6,0.08411409395713487
c0d7202dec29453f,0.08802035486252639
d8d83715735e4a27,0.13952758255305348
276790e179214cab,0.11908954287209744
d7be196c34634868,0.09761749963661445
f80ab2dae39c4afe,0.13151391747117336
b189dba9d632449d,0.1668937041444649
676aeae1f58f474d,0.1326661359305803
ecc7633a3c4843a6,0.12736887737736338
2c60978b32904b3f,0.7139290403518984
22fa70434cc94e66,0.08915689426955874
f23e711a52154577,0.11577726665941358
979cc7750c104934,0.11518879123899112
b2339d4b935c40d2,0.09375210214941267
285aabc283b14aee,0.2091918422577077
0fdaa78f4b3e48dc,0.21529538484085184
ef178ec19ec8412c,0.10829132390957388
837efc05e2284e6a,0.11895921660876661
b11e8781232d4eca,0.10517008391269687
e681157953d54c29,0.2921447051643829
aef96050496b4d23,0.12588451035287604
2c12891415d4405f,0.1385844091983881
6016edc99d3f40ba,0.1708438328927003
48d69ccb0f0743a1,0.09946933408122365
a97dbc63e45f4424,0.08558449977939593
8c018b71381e40f4,0.5457995527066399
29ef8bcdc72448e0,0.07811554131488914
b441af7fdc2c42e9,0.11475601057534614
dce4777d50434851,0.4165717148677382
04ba8e201a0d426e,0.08248514709973363
41fbd42b60ee40f8,0.16035551924673386
3842d21c6f104b2c,0.4966143444556611
c5d08d74454844af,0.19594894346965566
08a6e5cef3104969,0.17267793543800505
c1cce2dfed084d83,0.20943620579004782
cf4e91cb235243bd,0.09062901243380163
4f1d9b122aaa4f00,0.3177907013360653
6dd4e852867d4191,0.2170480487964021
69bf1fae8481417d,0.13331389566502092
6e89006f45434ab9,0.161108480813333
5e92f50b0af145cd,0.1710053893360023
dbee82bc1f594bca,0.8845158776255819
05a63fc3430d49c4,0.07017471368535631
de1f18926bdd4642,0.0925994837828765
f1dac3923de948d8,0.5348801341669265
0f276924ef734c41,0.4599083680372672
aebb49fb07f046cd,0.08910050274813798
27cafb9007704567,0.24815707163040984
098826ef4f144075,0.5717624480121849
60790db303ed4fdc,0.1085845167320489
ee04d8ae96cc4420,0.11462709057857445
4287236dcdc947f7,0.08030093676069965
df62feddb1474836,0.42837290610810946
8a40d5e6e7b54804,0.17269736311821623
57dda6ad05de41c4,0.07513291757813972
3ab9dfc6804c4c39,0.10907735166887243
ccd48dac9d8646e1,0.8381413095478483
0efb11eb661d425f,0.8044236089224269
743339eb10ca47cc,0.2269607861741201
038ac34aa2254e09,0.11635832358326365
27d148072cc84619,0.262617110535188
2503ac9377584258,0.22681891323520986
51bdd70bcb8647f8,0.11959895332934796
e2205a8c40da4673,0.11823180877902711
14c714b26dc9462d,0.35710568064402676
b7b0575879f04825,0.13089225734730306
20033bab245c43e0,0.12848727328847948
e458988107b04a39,0.10462187018371709
6a3c56feab9b4c52,0.1470962904742062
19a3954cc38e4d23,0.12490677005877125
6a0da1dd922b4633,0.15279383481539627
4c73058161f843ae,0.11462395247621052
ca17440aacfb4c94,0.21977793031446108
2a14c2ccf51147e6,0.874479010206198
8032e37e8792449c,0.1065888232445521
dc8109ccd1a341e3,0.12821113495512368
77841399e67f429c,0.09019227177965723
434c41187aa24efd,0.09341490805838444
07adac095bd64541,0.08153901432201327
7314e097b0e7493b,0.5126766786115242
421965d1e97245b9,0.11106563788720494
99acfe453990437e,0.2301070279598445
646de9d3096e4921,0.1749558213696592
9d1fccd7c6454740,0.22626197069179368
f299fb23f1784916,0.06547965692315362
4905038ba7854e80,0.13431636738230665
5a514a50040c49d3,0.4814062541119333
78233bced87b470c,0.41919874028429077
36a057511b4a4081,0.056061379676279256
b4462ea6ea0c4c4f,0.06461880215617041
2b7bc6a0e4db4c91,0.4612804096284782
a4b8b45390ee4e2d,0.15873959242043745
bfa32a1567f54a36,0.11030280358537292
8c6814a9cd074217,0.06596273377023766
fe2469c637894c6e,0.1651028602041699
f02dc7f08deb4d46,0.095143293966068
509400f5a45d46e7,0.17114091529235081
9ae22978ad104e8a,0.0778696780303245
a46839957a5f4a16,0.1656055375802646
264ca2e34e9246e4,0.597257541515774
788a5183bff04efe,0.11862601364380293
8719c84415fe45b1,0.06558904054068722
35c18691986f4df9,0.19062664269020163
a7722727d1344998,0.2116978037558442
570a0f9e709947b6,0.09065151592859672
16a7a11fe8e74f14,0.2188142599486482
537b24e3f8b04ac5,0.08746009846677384
725becd5652041e2,0.17553594237267317
9cd9f2267fad457f,0.08196310211911663
723fc495b27247f9,0.12368136696824797
1012293ec892452e,0.08436696064178954
c9693ed52d9e456f,0.10865905366577912
07f3a2325d7649e4,0.1577707574864591
da76b07531d34b7c,0.3103691866313948
da3512e0b5104924,0.20576847693875283
3bfb6cc4020040ea,0.13477277645260888
62b8fe08d6884685,0.1408890796009497
f3080e1d4a1a4a5f,0.19301786674691637
750f6371db334a64,0.304751118826689
6dc5ffe4c67042e8,0.12122104948925463
d88e2d5005824580,0.3579308351199106
df6c060feeaf487d,0.09622241357626277
cae00e6a4d704df7,0.39439893489343936
f4ade9597c0d4901,0.07830374846224125
94cfb3af025445f7,0.08236579296452788
9b66e75bbf874202,0.08806454257219729
9affbdb07cec48d5,0.14045160100112536
04c5cbe747844241,0.10363014437274959
52eff8ad516d49ce,0.5151763882141633
8627453dc7ab4eb8,0.12775547038954232
12878ded036744c4,0.23449203467715124
645a7b520a5c4e63,0.150596123732884
423f34cae9b74d5d,0.06630438045601646
19fbe37a54384b8e,0.10465606157358581
eb804c71ed55476c,0.20143092511863742
7c9e165eeadd4071,0.0632529743492661
5ea876142c5a4d70,0.11190545542774526
0d3cfe78c29e4c3a,0.33511128056357375
4b763dde93654d5f,0.17393928498971
7f9e58d48c8749ed,0.08580120925025218
12cfc677dc354069,0.254664801572562
d439363454be4ccd,0.21643886610530452
44b44a96861644ae,0.16155823304439368
8.68E+43,0.12226775188863785
2e6721aec33e4bd0,0.0689580850334572
b77c04dd8b7e4087,0.13869951707487682
f266cfa2b68943e3,0.18798418137225675
ea98cf3bd164403f,0.10864890210701111
8d2467836d95417d,0.12499198072116237
aec89b4f18ac4835,0.15586561571392665
93ee8aef3c9b43f8,0.34506666463098
7bfeff31cd8348e5,0.22047129060882154
b3231bc2356d4551,0.09107520252118972
01e067bee1fe4755,0.09098610826601132
5ebaaf316b214b3a,0.8880019924346085
e6c708ea050047aa,0.6953149172226802
471c53cfc0c34cea,0.15829286492569258
d20e64bd480c43bf,0.27199550029398506
d0be9310d9894981,0.06700037828685176
22bed567d4ef43ef,0.11649965205520013
37a3cfd5027f4099,0.34076074357684344
184e7068a8bc4c6b,0.32315043248923736
27fcf5eefdd34b7f,0.08131433955258265
0ffa0260e5504b85,0.12696701504998711
606d68c9727e4527,0.2352394806590301
c88b3d8428b04f14,0.13283810215212022
92ed47736f5d424d,0.1102785761380969
2708ad409e374e33,0.19001395660649373
525cd9098a7c457a,0.2439228663913197
588974a41c2a4c65,0.11389618259098434
eaa58a3fe9b1494d,0.09222068144434138
1b03db86c12e4437,0.4430471086030848
2cef87623dec4c68,0.12849946945303226
7330ee75851d43b2,0.10592933031303015
8e637431fe3b4a74,0.06828817523830788
4c5d37cbd4b843c7,0.11091579349657364
8641035a6d544a37,0.4360138806252546
1a173934a7bc42be,0.09111471387100654
9953b1f64b0c4280,0.11187195798977775
efe0056b94a74c85,0.2594680776566387
f6fc08f5b4e14138,0.13307975352859988
6a43860847764fed,0.22348082094055485
c80708ca6ce14a6c,0.7176475873748162
4083ae17dc8c45c8,0.07549196380807557
620ab648c7b24e79,0.16487742817659365
845af96d78d34f2f,0.1738570035343015
8afeed5b71074701,0.18146050653368143
208a6a237d714666,0.22797496459513836
267a9a5077fd40eb,0.18386409728395564
1e47aad6c8484586,0.3017284948297718
d4c21994b7714d28,0.11349917347405154
3b3023d0cdf04a12,0.07763519426263021
321dfd17f93144ba,0.10265269231339383
3974ab2c4f2f4f42,0.10974427786006656
ecba8e2ba5f546d3,0.0865036593281336
c3fde5ba41c84c83,0.11811356864507569
1a4810670e1b4767,0.19356947858424894
00ae3371895c4421,0.31135715846532325
d1aac716fc6646a6,0.23698658058730246
04b9c46c26714d7a,0.120222278550577
4117fa3007864aff,0.1375846903870088
80ebf2bea484454c,0.10878680886866939
85234f54900e4e61,0.15573795533718293
e5ec86a0689848e9,0.10307374095170548
f5012bcecdf24dd6,0.17666718337321524
e18d1ddceff24113,0.09865306771541252
e2b0dd497d624721,0.15860628750171105
883a8e8783f24729,0.11016752891170072
98c3413577344f6c,0.3766850327788099
29f873e8cfa04821,0.09210346600222014
abdffb1a39144e67,0.11229648672815164
e98d5818fcac4d5e,0.10259156270346807
cc938b6348b74d86,0.1140859486854399
bb986919b1d145bb,0.23012827691721544
e09239529eeb4453,0.09825659585459405
d0aee39879b74183,0.2748284559892295
1af336c78ab84a69,0.5368683209998468
806374dd842a4f2e,0.10653767193046364
375643dadbb44101,0.12950227521293495
85446f91ff014ebc,0.1420364664399612
00295142d4654a43,0.13636053686371868
4179ca796e2f4daa,0.2523888835277499
dd4293c66e594a96,0.30092643247613865
51520633fb2d49d0,0.0954571696337144
248a3a18655d4417,0.23023346932492667
dcc280c7a7d54a20,0.10715733508698866
782aed9c54e8442d,0.16624785842019957
5622191a8eaf452b,0.7717401075993514
e756bdd3ae4f4ce2,0.10094787011749447
abaac8cedb5e4a69,0.0657175727774284
a060cc8921684fc3,0.10028058512364499
8881305994f646fa,0.15499244547034877
21693eee8c0f4959,0.07761871907116032
0822d8ff30364275,0.1701143819687358
416ca6b87ae14974,0.8339194551741874
37247243d8b74931,0.44932905275483476
15821c3a97da42ec,0.17346293761979337
e2335e4167c84a6c,0.10602045919744234
eb7fcf5a7fbe465b,0.4815693418243371
ed15459bb79246a7,0.14884030983563784
d9aad45ee38949fd,0.07211805916600185
19d6f2b1d5e542b6,0.12913907947506775
d7a9c72b96204cd9,0.11608384091920003
681cac0b8c4d407c,0.813666453021787
a9748ee5eb144c9a,0.3051153684107543
9b776ffc1b744bb2,0.0797520037505763
c8937be618c94b72,0.17536727384229128
0793eb05252746eb,0.7652665687400552
2f33983b2c304358,0.07790090930331162
ea0c39789d014145,0.07335466020605409
b4ee6427ad5743d7,0.15501668639536115
dd02ffb783314878,0.12312946029801425
6655fea8477643b3,0.25888850038163475
28049b266f3b4399,0.14290653866851788
6c426cb115e646eb,0.2848703676787964
00e85f321fad4066,0.13184656125002128
6f3b01714fdb4954,0.20569522366643167
c1b4e2744b28430c,0.38380945623151425
ee29c41fdad64d82,0.2492748505472136
60b6de3398ec488d,0.10453448381418104
5894f0afa5114697,0.12914365105663123
ec60f563da854ca4,0.06535262948843884
9d90302df9884f26,0.5861612891022749
a687b8769ef145d2,0.19528577724639135
f788333c2a534242,0.11385557195416512
78e3db4525e3482d,0.12506148668993025
df0d8982a9704042,0.2353881472397143
b6e76daf62ce4628,0.10181868087459395
36d772a74618486d,0.11573874558917846
8ea8897a926e45b2,0.08158423344089348
4f9ffd673db84951,0.17535678002299376
863df638e6a0495c,0.14250563584483422
4f4c6e935c5e43a5,0.1112977543607236
4fff838afadb4a61,0.08109408825637344
ca269cd159084a51,0.07134760829817617
242a72c6c0dc44d3,0.1060172801746451
59e9fcaf0dee4319,0.12136192411441869
26e3e7b63daf4725,0.1175586387564774
2eed4a8ac63d407d,0.5644815226702025
ff0ef3701ecf4e87,0.4187703846717695
be1b170cf693428f,0.3325240731893218
dceeb421a7324b0d,0.1896229500774112
a606042968db47a7,0.10398614139634382
2a3f44a612a545c9,0.10013089912612162
1dfac3f93d1d4dff,0.5713235893344508
a3b0231eb1ce43cc,0.5788070735601198
5568a8ea69d54111,0.10528903147894685
ed0d87e8fd33461d,0.384340245859496
dccd369ac7d64baf,0.15244284426540042
429fc2d7fc894f32,0.11005821597710908
a0322560971149f3,0.11748744412238174
e3de8266f3604d61,0.20063617393180974
c661cfdddbcf4ae7,0.08700013957703291
0564f8c83a0241b1,0.390605278450623
22a426c01a5f494d,0.08986196775628302
9a0fac49f251442c,0.18052663446253572
78717b1b61624695,0.19186231588475852
0e9d839ec8774d44,0.38509948641984637
5a20ab5ad5604d48,0.1170257903836319
10648c0b853b4206,0.1647709418111188
5df954aede0c4428,0.21453898279073308
2a979bc633b84a0d,0.3277794313901721
9fc7e3f3cf504a5f,0.18617804541572772
d8e19d6e4f774218,0.156832345343292
6fe9087b884b4579,0.09211717870815124
12ebc125126d4dfc,0.38554015028452715
ee558b952551499b,0.8311754058981332
e972f87009b846a4,0.24847450706717153
0e0bacb4715644f9,0.1401394105559251
16f357a16a924519,0.12291342636371182
2d97eb6d737c485a,0.143073116796791
508668deedbb459a,0.17966724841386666
a96532f0fb134755,0.46280765452076333
f701f4c0bf324c7d,0.7825983289309307
3a4220c9cc9645b4,0.16490133132162357
aeb6664ad39246eb,0.1870584626072506
66455e3e98274f61,0.5552643418199381
a0fca86a7d194fcf,0.1336181904540874
e4f6576c554844b2,0.27362442845098506
36bfdb512d094e4d,0.16285157611686552
f3bad77b2bec409f,0.09267887413775444
bb98fcff05784b02,0.6807446635999221
0b9189c3ed1a4a56,0.10033964643475234
e5bc6f1376bd4cd2,0.7019384862539583
03d8477697604193,0.1744915151495996
4b91b93f76df4c43,0.11599512754189178
2b68c5c6221342d8,0.1284244293334103
c17b32a6acb44fab,0.11592511916960907
d778943a4dda479c,0.08177754358974296
776239e037cf4941,0.12813032507276303
c56a5af182b74cfa,0.10025070072656588
fac0776dc5514d98,0.12564969325637956
4e21f70b3b39493f,0.17889679458123256
b1e36a20a45d4750,0.8884839040741601
668e7ec23b42447e,0.13249084880880135
da7d3d7392e3461e,0.09929285955849887
f6c044a99f2a490c,0.19470161969772806
af36c1db7f5a4768,0.5375442819277543
3f990959a1ae4f47,0.09612796807471742
a70a22e18a64445f,0.11353271829825225
3f10090d67e94de7,0.11937950555215383
a13e4e43fe0045b9,0.07848404251268648
a717afafc99a48f9,0.2166242510759457
8894d23f0da6421f,0.41793909834639
153cc3b3edd741cb,0.07603707785157515
fc495311a85e455d,0.13204185436225124
c7cfaf34cfbe4e17,0.15427644872555552
3b6f09b0ca7c4ff1,0.6409388629064037
e2897cd9fbec47ae,0.23776764673270842
0e3d8b83d5ea4158,0.08413856632844366
c7a503f28a0a41fc,0.10330748169674177
0a350583146b46a2,0.11865295885563704
ae5f88dd522f4e2d,0.07553670711909902
97d0e6a172954bc3,0.12892842425116602
9529d97597824763,0.07375618734301359
11a97fe952994d84,0.08431596764952844
66d19dd936a54589,0.08751632481641959
b7d94bdde86a4ec4,0.11064199879640506
8d4bcac527a74eaa,0.0930221417681992
89ad2aebf01f475b,0.12397924774858615
685cbe5cb35f4ddd,0.2426603490548196
c8e331e12aed463d,0.6171254246136709
cd17098b2ed64af4,0.280773633851518
b672dd77f4f14f18,0.0462740059209656
188b939adc454ef7,0.10843690987819436
3a3ff02f88ac420b,0.1620297426689401
d1fae5cdc9d84114,0.48329055810444493
c7ce139b93054e0c,0.11351803937073268
d1025054ea49403a,0.13238778812853583
f8ab835929894079,0.07786424530381407
92c21417b3e249b5,0.6499618791209829
e16b0a40ecc6484d,0.1608838165859188
e070fca4b9ea499b,0.0915709297563646
111da4c67bfe4ab4,0.18031178481467192
40fa7a6927134076,0.6507548236077089
8e65735055b34857,0.09811904056487142
8ee8efa8bfce44ce,0.34032375372471035
a906d8eeb7064b54,0.6023233009919612
27638c5b205741cc,0.10057019336426742
d2ada997f2c74e3d,0.10237701471828681
567e52cc2ce044fa,0.09671845230303888
f463bf93672e4657,0.17705583909588912
79b19d5406754489,0.09669304304561237
bf6c6b141e33418d,0.16470227187323022
44150620a80a4b8b,0.10698968137186951
86719c33bfbe4689,0.09819769760183751
d5825dd770db407b,0.20172891991443673
48e4318a7a7d4ba5,0.18431204455124195
a2b5cc33727341b5,0.08694541853314745
58e80496ec4b4356,0.38779435065170303
952cc32e2ac5456c,0.12468099499181669
0b94418b23ac493c,0.3235412266269359
9ff5e27c27794692,0.21177555163339912
811a2671a6504ef7,0.19015009668152608
385f07aed5b94e2e,0.0763614384171066
3adbd276561f4040,0.12269748918798513
8667851c37004ce6,0.09807478414472941
1103bfbe6bf842a3,0.06354975458000477
8a31ec5cbe8647cd,0.08559359525249882
ad2541628ba34324,0.12420141126733507
2530d70eafe84a72,0.07962477566367385
895da8e846e34742,0.8480056606948452
920898161c6c458d,0.21831714563279828
b10b38f7e797428b,0.08329403810598232
e08c8b8ed9d749b7,0.10173690053503141
9b7ad327accc4f2e,0.15705636113039295
f65a37e6e7fe4417,0.08645573336599505
8272509717f447a4,0.259661264007323
3f01bf3036634998,0.6547760339028846
7313e7eaf3474676,0.4390305810577945
22cb8b6543964cd7,0.3882411893728083
ad95c6506a434f49,0.1947541254239703
92b0fc4fdab046e4,0.10810602792956532
113979154f6d48d6,0.14214712756588707
be9ab441cb584ff0,0.08112408434061562
9d11bf593bfb40e2,0.17846133447757304
1eeb9cf31b874b2e,0.3803441430911221
9d3e64824adb443c,0.15872127241605927
49de1fb6ba08442a,0.7935083691547137
d238a41844ee492c,0.4013553114289305
e50b268670544b4a,0.082825145707465
439e961fd4a0473d,0.2011613510904314
9cdf3e0423fa491a,0.28122868232499176
b009294df519447b,0.07181862497018056
b4ba4ecd13284bd4,0.17033100773477894
af585bc54048431c,0.11096834419806445
e19316363d7a4f27,0.1705585294531251
310a8e4b91dd4723,0.13352726450474153
219fb2bd2c7c4857,0.10287252348310298
cc2d46e557f94992,0.08609774504906097
67953e9c1f0a4218,0.7003569303963844
55864e4f2c574124,0.30115143754983387
be3a2f0f887048e3,0.20558188212371398
9ca04673b3044493,0.10605547584531702
8bd5a01dce844410,0.059864428261883464
071a56b57c17461b,0.3419720172217647
20aff1dff7b34e7a,0.0929186467316454
87722f38ffb8480d,0.12136193718108668
21b05d8c331d4966,0.53258949431105
8537d453561c4271,0.09699501453388051
c3882afa79094d4f,0.5030322298039595
8f75164223804ab7,0.7803534350757569
937d1eed1bd943f8,0.265416360695998
838936e0167f4c45,0.07348454060727963
52bf6296b2db400c,0.3828712713502668
7c18003b545d42b2,0.3596305494889408
b12900bf639c4326,0.429933148333634
908c46dac079463a,0.09521665181460363
9eebfc304a4d4e57,0.07153039166895386
aa16196174a74137,0.3312687707862373
9c21972a36f3409d,0.12320884443108875
a88bf00533b1447d,0.6580258435805553
3360b7381a6b4b19,0.12330655669888532
b8d7d80e3eca48b3,0.3893416122647998
41719e36537f4584,0.1539755144799923
ffc75941d3624359,0.10709423240514442
2452010249af4898,0.09181754247954282
27cd1f1d2dbc4c42,0.2471250989876073
a16f1c217a494598,0.13760808513870043
b43b492bda6a4426,0.42118591287620055
acd468c90ca146b8,0.22095700832646267
8c7bed5095f34fab,0.23843926340501426
e801b5a3f7334e14,0.07233267393017509
97a47908951c4539,0.2751011685808483
fc9e2f39def94dd6,0.09104016064464943
bfa1f82f6b3341a6,0.09234536102345806
9470aa3e81ce4c4d,0.20805956831795633
6aeac88b222f476f,0.22311007442786687
26e638e765e74a55,0.0995337896141824
2484eb462a214eb4,0.12709227536848922
63cdd8899c554105,0.24692584010421584
988b8ed52f4749b7,0.1336002728872193
d4b786988a0a4ca4,0.46306567378246266
7837a89fbfb24c21,0.21088501039189242
7c1c56a3a3a54d07,0.07235788586144554
0546fb68cf2141b6,0.23833900652490475
6ffff50bbe1c44d9,0.1359547950981314
f4e05819c91640e5,0.11575021184711781
c09ff5ef26ae4e6d,0.14504537247268426
60052b561ccd4dd5,0.19142252974290846
cb542e99b7854e8e,0.7680963282185416
c9b3229bb02140ee,0.2548915292466824
1600a541c11a4af1,0.2855018024796445
6d561138e5974782,0.07629227906089442
b2fb7fc33fba43f9,0.4768503914372666
1eb497e9edc1416b,0.09715098863094371
c76188d400fd47da,0.13911951826637764
f2edbeed970d45c9,0.07958767441555639
90e596610f154646,0.15578882402414193
390d8897d47f46b0,0.5060427318786942
71e9c97b0b97496e,0.4740272392076846
253809404c694bea,0.09209962652190058
ec4c8d55127544d4,0.19522702574389872
b7c2c56884594f7a,0.19054044787102337
9ac3b86309aa40ae,0.34178936777298957
998c4104e4f04479,0.11044319750810587
7caaee9fb5b34a1d,0.10899820954768724
40bb98943b06466e,0.10181481324148219
3f0c34c075ce4d78,0.1156304442540934
af5a86979c98401e,0.12078153314036089
63eba8196c424661,0.06164743134066807
9b46f4b336b547a6,0.20501282266475077
da71e42cee584eba,0.23560815898649046
04fe31e0c3314b04,0.712292489445916
0c764018edd745e9,0.14546689213289438
2881a43324b443d8,0.14612985923373517
78e5bcf591dc4761,0.2476352491559081
b01345ae67cb461a,0.07935036193723406
c28d3862b21646af,0.0821038266117761
0689b1225c3048da,0.23506903662916528
c73d6869076a4b9a,0.2090523121686984
0f9ad917906a4b91,0.31710515117351923
ffea9bd5eb96442b,0.10883101609594958
59564f89e112453b,0.40931657332052673
ed3892d43ad4469a,0.11600850990459295
33219baeee334bec,0.12920440421207796
a56feb1f95e04d2c,0.7210019923119014
d548ad7d812d4f55,0.6562730721577026
3a1a71f0fea84a40,0.143974240936856
d9f4f372da4a426a,0.1827870456399108
7f18a60c6529499c,0.12022546271264978
1eb89d2d763f4f2a,0.10362200473288379
787ce0968edb49bd,0.1088642222127444
59f45ac541d24184,0.6820082958347466
d58cee3994f5402d,0.2576871302242594
d9c7f27725db4eb0,0.334498577056582
4dcd88504e0744c6,0.34635839122788076
2d712161e9c642db,0.08450454879968047
c69cfa3086be4f54,0.10351873978472628
e9be6d65085c4631,0.12663956909153112
072b6725bfe4479d,0.2407023041656747
6376a0b96ab14e09,0.09513481624997282
fd9684a95ef84211,0.16487148970365037
335d4d45b50a477e,0.3114230064573474
257e881ffbed4ec1,0.13773864098275723
733c72cbf1594376,0.048211663814215176
d4ca78f557634954,0.043079329984260256
0a6391dfb81e41db,0.17044319135607028
d42c16555e744215,0.10669154809989782
2254e8d059f445ec,0.08442207562991397
411533cd1e764536,0.06202157123869016
418a72c9bbfc4267,0.21700157080977286
b771973f1dd2459c,0.10242264353983088
e45ef0fde8cc4631,0.33950088023637226
0290f7cfe6194c55,0.09733008517057858
e3b6a834d3084566,0.11947183370920658
ab855f421e244136,0.09975384643840671
df2c6d39b6f14b35,0.21559110634889544
87b0e0acd48d4ce9,0.10407492188634501
523a9f7c5bfe42e0,0.6594221093189981
34f33bf4eaf24ce2,0.09325119126060309
ad372ee9fa7d4700,0.16157782367511775
e4a5812fbc4644d4,0.8068311983494076
ff5a602a705b4057,0.14284422603670432
f2e52e84274d4fdf,0.12059310292027603
7adb5804a80a442c,0.1565132588613752
a84faa6517ae4220,0.08331539880649519
765f0dbbf5af42a2,0.26667124463952424
bc71f74b1e574579,0.1357328411818973
c597ea7e30474917,0.29392935565380873
3f68e9b9c9f44217,0.4282677954869844
8ef960bfccb2469d,0.09632416539635826
68361b03d94c4260,0.3286682247480631
6f4acb7660204ccb,0.132897265714917
79875c0289824fe9,0.07564917533076182
aab0ed82a25146e1,0.1202756910693115
2669bb5c3e1a41b3,0.10059149293122317
7202f04018494a35,0.14209726009086507
d8adc51150154d97,0.10979779292013196
b612a69127154129,0.08752758418105805
976e90d975ae4890,0.10765827603764325
0e2ab3dc6dcc4cd5,0.0828704662222001
8487c0a44959422b,0.10992577089292331
86f2276dd4f148f8,0.08903794868075857
6c12d62e01a449bf,0.07175811270773645
0b623ab5ed1c47cb,0.16917438423892944
56335679f33b48a8,0.10674616025695068
c6eb28074a454809,0.0784610033168582
66fe6df8b0b044da,0.13458824464854832
19cc9d8866b8402a,0.0918446730127833
f9dde4d59ac142c2,0.38799919597836185
2d3a82607f264f74,0.618378551676634
dccb2679bdb64287,0.06826712709254637
14fbb3ce3a204b73,0.1577340196301288
794ae04b2e0e4520,0.24117417121086174
05195e23b5294a71,0.31750691808768433
9c3e77a60c3d4a85,0.08941603895706139
ed559799f696457a,0.1543935428856711
6fed0995a8fb4c28,0.11106207851690804
e210d04923f8411f,0.09664708611249956
6811fb1455da4527,0.14638467042245532
aee48506c37a4bf8,0.49430980734114566
da396162c0d244f4,0.20627172155248683
c5d85c826f9a4d36,0.3443922826467457
222fd3394a56496b,0.26866088478013145
7647dba832734082,0.1714348666252903
90c0071af5744ced,0.4498737394661878
0e5a75e43422400d,0.1790912127077904
c8c1d2a7c55e49d5,0.08759681851332549
96999bfebce743fa,0.17525425717334456
d2a284c067374f9d,0.13103445578384582
05a7e9d614924b39,0.1319252906294609
357886e5a0e64e63,0.2546772767552986
e5dc88cfb5e142b2,0.09668640168809746
31ce6cddb870476a,0.6633684473077155
f0044ac4eb474b0e,0.13721879325561667
67136f5d5ffa488f,0.14242287010065138
43e6d256f38b4611,0.07583930509524667
5cfd4d202e3d4833,0.09700307517519097
5bb19245b6bf429e,0.07285964495026666
875b6c6f4d824317,0.16406912980566868
4e27f3ddaa0d4e61,0.48489378342039824
334e29cdfa02493b,0.05320569282385445
db29bfeb84ec489c,0.13530386309030842
c5e4d7df9d8c416f,0.16498055234563125
418ff02282934d0f,0.5148509845065811
8b167f4bdea24150,0.1038676434566631
1057e5184fa34f80,0.2698753682290487
88248b891ef94dcc,0.23952380190635542
ff848d13642146ca,0.3585330955955476
1e57301901b741d8,0.7460750264596091
88d42935f8ad49bc,0.1383105440685273
0a1d64968408479a,0.14179596361332178
6de9e5b6454b4aec,0.16012464176115387
a72eee995e1f4c0b,0.07453827657253816
38f3df31925043bf,0.08511520506043409
db9b96a05bdb4734,0.09685004275232852
21249ad48a0a4579,0.5677774474956946
66542577cd7245d2,0.13569868485480988
c54fa7e8c8854204,0.20507711888097527
db21e1c06fa14ae0,0.26837678397171866
2539d43d14c449e6,0.21708040915740015
f3a7d46fb3644aa9,0.07314727514275554
a8d8e933cbdc47be,0.13853824331172726
3893706ad7784872,0.2511264047808573
24d771c17b614854,0.2535909478893365
d31d47f5a3d042ed,0.1182698865832501
2a6be3df25554f7e,0.16392758218503634
f6936e2fff24475c,0.06483250615961321
951b2016d5864ca2,0.3489692774597517
39c49175ac0c4d68,0.26850809753940297
014d8827e1d145f2,0.06690737178831012
e88f6e6f9a2840ef,0.12967598002985392
9d01fc643bf947bd,0.12048887807760782
4387ef4c18ee48d4,0.03607606806070106
663025a0baf744c6,0.10296983678234119
0de0e721ec2b4c59,0.25565663233996966
d5ac01b9d6484e1b,0.12472570089628449
15565c31aa7a4ea4,0.29252643220656366
0e69db7858a14b41,0.07988215060988971
0b310eaaedec46f0,0.1016507346531817
9ca004790bf94ed9,0.16440543566445934
7e00dcfb5fb04a7e,0.07074231139550788
0516320266334fd0,0.12247196435757403
6de186fb53f34454,0.7594857084382488
ca461fafa50c47fa,0.1667835550825046
bf6c9aabbc8b40e1,0.19737822879923647
fd64f29a895e458b,0.2641253770909271
e58e3a4b1ee2476e,0.1407135049250845
fe0620f7d0424e19,0.0869681588238578
12b9b25813d542c6,0.11181286354613315
ef689bed9d1d46b7,0.1614304644394359
845729a393a14245,0.12490158974517913
54a06d153afa4927,0.8410471524137804
85876e7ea85e4af7,0.1019264242784979
88b208a530334155,0.2541598809094146
7d9ce4d6b6ae470d,0.15078619616524733
fae986eba7154c8b,0.08501354340783253
9d730841ba5c440b,0.1595576725500305
97c35160249f46e9,0.22883939073999815
f533f42c70934a3c,0.19588271384967934
859a5bb153444794,0.2304990069520945
50c3eff96ada4bc2,0.6661945451411804
8fb1ba10899548a8,0.1032751665400816
308a9bc1428043c0,0.13332599968847508
84a472bda3b844f8,0.11629755535646842
179164099e2e4b12,0.13296717806550135
8f9e84fed505402a,0.10556459121545692
e5dab00eb8a44b57,0.1240485949021881
1d5bcb1ff6eb4db3,0.10942116052734613
ed0f2b5d08ed4f58,0.13787454741086125
5c65b728810f47cc,0.11615986576638992
ade292ff26f84995,0.5783524806581659
f74e16eab9334d0f,0.11100293418848708
05ead34378bb4ad2,0.14843319074953865
35ca20a775ad4024,0.12869952709166227
181c3f7ce3b94017,0.2682265810798323
8ea15d0525a548b3,0.11280449585383881
8bac3b3de3604105,0.09656707606131963
2f042c20d32e456e,0.6250120313210856
af2fe3c49831432b,0.6607188513585611
8f2f662b27ad48f0,0.08968036961056508
99352300c7874f60,0.11969375776898367
ba55bb621dad4434,0.10571276881476424
e6eac38ca65e4a96,0.09664203485012358
5a879f5f59f14bf6,0.0768049610814791
90efcc2985bc4581,0.5415612450173481
6a91f8aafdf142fb,0.16605758110449823
1d580db7cf0d489a,0.31328296537897715
fa516f77aded4b47,0.24032950846692921
dbf92145a8dc4af2,0.39123900550441254
86902e7f44e64aa2,0.3804209663146976
e4968de5677d4768,0.7461212647760287
1d2ca95f30ff418c,0.16846197680688055
f53a86e2630a4ee6,0.12482335274812444
26eb5894c73644cf,0.30418924546684595
8ee4686a0b114563,0.2537721675337276
006d000767c94951,0.13300108387154247
0996d57f98774a9c,0.8551462256471908
eb1a51867ca3474d,0.21915039580250734
39e3bc042eda4c4c,0.09214070331883015
5254766de88140cd,0.5941344888108222
dcf173acd290421f,0.07353652803801171
341b0f1718cb4a7e,0.2856767744658512
54599ef06d8641ed,0.16051013326609612
ddaa33fdffb54bdb,0.2492406912229466
f5af009b2f554691,0.19177937080117716
fdfcbf77963d4667,0.10253066811799615
43515ed33f3d42e9,0.8180826562066305
e48114545f114ee7,0.1554216659257257
4dc94b68ff4549cb,0.12255676917674593
0e603dad6f484f21,0.09278466724304306
4ab0a24f741c401c,0.0901002194716031
7880499e570f4679,0.7106395970972513
f645b2b690444249,0.13164361870882538
b393e6431d3943cc,0.1544834185023991
6d4406dc156e40bb,0.7009433577024347
bb6cd2ed762c409a,0.24045989556712297
5e15e457926f4b52,0.08278664140317489
e4e1132ed12041ed,0.1783367859553199
d22bf28e7dd041c6,0.11696607797578934
a9ff642269c04f52,0.14858237684450032
a70089be44de43ec,0.14206428230991977
c2ba6a38ffa64e06,0.15661655897408527
b50587d5b6fb4a83,0.41506393970816846
6603a69dacf04c83,0.3451045943911016
494bd8a1fc404eca,0.1230727935963958
e63f8386934d4466,0.16355000138518191
4e836658eaf445da,0.08660461075862433
cc204aaeab094330,0.1561850025750324
fd74fe4ffe784a2a,0.14256505182300305
3ca6ce134b21431f,0.12693390903084462
952d89462de348aa,0.08671476349904474
31c9b1757b49487f,0.08168704176008157
076d323d29d44ea6,0.1041478175573099
78790019c6d64c14,0.401347408915166
9a8925c8078c46d7,0.08336261472022437
7f1f756b2aed468a,0.34503541485907296
8bebb64a71bb4195,0.3081250739622627
ae27baea5923445a,0.2566486850407253
7aceb10bc78a4ed6,0.17704473674622528
c3229fdf19f7477b,0.17150319854235854
fd7c1974bf4547b5,0.12996966656118736
a407a62791a944d2,0.0847421638617615
2199d2e6bbd343ce,0.4361984841782822
2720b88d1ab244b1,0.12875526360258932
e84471fc082349c5,0.11329018223110926
728d961507194828,0.629927879801293
d43ad7919fbf4914,0.10201234337859554
98c5f88c3ae64e91,0.24409634186173487
9ec8854f54074f6b,0.7760949795377267
d6bea9dab9f24119,0.07966012364975554
239d1e6c954042ad,0.16284391288513309
c1f166167be147f1,0.08462951967273552
07875eeb84844bf6,0.09624853985712353
0e000b7c9e0f4ec8,0.5125879540543087
56bc7cc0ad954d7d,0.1277704319657876
c289113b7ecd4042,0.12495582371149952
75c159b229df4c9c,0.1679162146515609
fc3cc37f556948ea,0.11242745020077288
aabedcea176f4302,0.8355006345179737
c7a09785fb4f4a9d,0.13422866661427574
d57923bdd6cd467a,0.10790474402087971
6c884302a641423a,0.18530261162621672
06bb09359e2449a8,0.1376771840569511
1d1796efac8040e7,0.09966537943046075
e5eb9e934ad64b38,0.24608320918580143
acc6bac9d8db42df,0.09335848888667138
174057d6937d474b,0.11640870393073971
bc339a42ec4443ec,0.7133438260168204
87ae3c684fea4a11,0.17466606402241414
604fc8b6910c47b6,0.1422832835037127
1d0e3625e89b44cf,0.14261764558362447
33b11ebdedbd43ef,0.10018379544244842
b722b9b021c14646,0.08929107001398258
96c1a5ddb84c44c9,0.08742560954353416
a2c32e631ab546ce,0.2961741117149499
1038c0f930a248f6,0.6698165170297071
713e08f05259476c,0.34578992263439806
d02daafd39d349a8,0.8280907501935469
9bca453936404301,0.08278540002986695
d31499c986564cc9,0.10592415745039038
953fd497f83d4e2b,0.44000853870783857
a4d7acc7d5814f36,0.1775021040504246
8443e98a30bc4893,0.166407990452894
a034c43331a941c1,0.20688403549330708
1a4383932b564e4c,0.6989758444140086
6c5447ca7cf34615,0.13961102354820892
d2d00bb584624ace,0.11004055708532846
51ada0f8784f4b9e,0.3094739867006427
ee130dec4dab4ec7,0.06548348009983129
d37ff92e1199417c,0.09000167285864558
f54f599ab2174d2c,0.16493712868664318
f7c1ef988ace4e24,0.09652547508316166
31b1a45c6da845c6,0.10531261510104918
53a086fe767d4d5c,0.3728811255832273
311b761985334bf7,0.5900919726990119
a709406346464248,0.07007211688522359
b5fbbb4854ba4812,0.10000848546504466
929c665680534684,0.05818825800409163
3d1bff497a7249b9,0.16220952108133735
8078699e7c3e4bc0,0.11855133263942043
69b01fa0a0db49cb,0.0869937958261417
8eefb7dacdde4374,0.09033541348678306
c0e7e4048bd3482c,0.3259171876283389
4cad917401a044c9,0.10546838389003091
c46fad99b64246db,0.32763316276864923
48c0a82f501c424c,0.07678911271641513
e3a6036de81d4f1f,0.2079187321526419
9ebc555072fa4a03,0.2242650190583576
eb2b61f1e5004635,0.2990769584420159
ffeaba3be0274a39,0.1552559224180092
5498499fbb4f4d97,0.10348237636140223
494abf1d8ceb496f,0.08606498801641005
4a009bfe498942d1,0.1673707670955339
a82ee1d1f5144733,0.17538604905883626
edc2f6b3214c4f35,0.8148298074120902
2519f3644a744dfb,0.1557942256747156
60b0922f36b249f8,0.4933294529475333
a0593cba4f0e432e,0.273340483732641
9a6f16bd9d2f4840,0.2270055399327241
c820d0edc46e4ded,0.0667652410252529
d6175182bf8d4ef5,0.10604448736551154
3d6df779d1fc4278,0.13845896981790365
e8c3af1171ec4b3c,0.18124521940652633
8935f5770fee4838,0.08207877320826895
a7ce72792e7a47a5,0.26723088262250677
c2d1f679d515435e,0.10330071023885602
7fc3703708094596,0.1629225580964184
f77f457e947d4bb9,0.5661323934667349
f990198c56ba4b64,0.12956033491230778
f6295134be2e407e,0.20646985178649427
4e2f441da77b448b,0.1052715216771876
a49ed110475048cc,0.15239159051812384
df8ec8a5cdb941e4,0.20291019761670293
ffc5521862f54aaf,0.10331810228270961
0a2fba403aa34541,0.26311858014424605
d2de259d6fa94028,0.051555811260538036
702515f4b9be4cca,0.4975235727637886
3443fded63804c8e,0.09425546397205208
00e3e3bf6b844ee5,0.16589676833847167
dab9316777b34e08,0.10429008643181488
63191cc57bbc4539,0.09974492340805118
6d69384bfbf84161,0.321076523441352
d2976c25882f41f6,0.19648193854797097
fcb81646b74d4d39,0.18746453838823993
adf38665ddac40b4,0.06721745674437903
648b184ea89e4fd8,0.08970030921581858
9dd08e3c15904553,0.07400701995906427
df2cccb89e7b4aa3,0.08416926074532552
56c71ba091c3491d,0.11086500250533027
c72b22353bd3451c,0.49838807848425487
556b42564b6b42d4,0.10641702193276284
9a1acbda19964581,0.3475455360499272
5393e3ea04c34a17,0.09091530160632047
579ffecf00ee4fb1,0.0986722041442845
18995e923de4455c,0.1426305283712169
c4d3e5b17ac94aa5,0.12423487683054314
2c884ffe658144a8,0.8900301041535279
b46af8dd46ce4e0b,0.24520651757401257
56feeeea774d4b45,0.16708714139990527
ddfee02bd93e44f1,0.30662963951898653
8940fe45495543b1,0.1688822082066734
15849deae0714219,0.5881681460975007
2eaf36ad5696475d,0.09693118333635892
bf642c2c4b024837,0.3850428822696288
d687d1affb5746e7,0.24996307370764337
bf3de04871494ba9,0.08831051100172689
922ee02f17dc4411,0.18613065838876008
9ddb1f09507a4a93,0.12011709275016245
578ffb3c6f1e47dc,0.10792567825883607
d2b6480acf294508,0.08296497146038764
9c1467b70fd843b9,0.11153981414796608
72f3fc4764ce4325,0.16452981160496066
92d49583fca140d6,0.13125022555556543
b4e6b031a356494e,0.16473146507272682
f904f661e025484f,0.142280653288807
16af1be18a79423f,0.17481610825617258
c1fb05915e984018,0.12882336653336612
ab98a202acd84f1c,0.14874329872382902
0c713776916343e7,0.17772964404264924
19adb95688794676,0.47523437002593427
fe3c9194924b4dc1,0.09088688265870266
8f59baadff2c4c30,0.09270185285552625
94d79923faf4480b,0.16836511202941074
aba5c0985fc04d52,0.1543965354974284
a84635795ebc4d42,0.19158858490511546
bd44069f35b845bc,0.14493418508407538
7af263cd04f14dc4,0.11147498402523573
98a1f7ea500247d7,0.45735581146412824
468f571ede11481b,0.1167804371597254
429e0694c4c94b96,0.350278266179351
3773ae1a445a4ca0,0.1261640597005018
0ef9b0feb71046da,0.06251192457232846
bfffc4b2453f4528,0.11075352426920651
571f2ae87e8340f7,0.20960086310805257
0db120c899b640d8,0.639691323465777
a4a66f3a4e2b4be2,0.23975188430813282
2d8d798e8e894597,0.10612301271167161
190125f36ab145c6,0.1523118095786925
d25f5910b1d646f6,0.38397194621609976
922b28f7025a4f2f,0.09246300864128325
50a479791528413c,0.11733405541068476
72bbf3e3db474f31,0.5298720738243423
e1c7248809094e81,0.10456010863737364
8d969ce498a948ef,0.14215502053063042
1264125b951f4c8e,0.6843722317226533
c83658eb55384bc9,0.06957545058745464
64185bbdf18a466b,0.8130858594165702
1863833c3f0e4627,0.49867026301627004
580a9af678c14fb1,0.2809798710136272
a387956f9b1f42a7,0.18004001290077837
b2f59927c8c9439b,0.7489589933350264
1139262535e24c67,0.09197834011935574
f63dfb82a6864af1,0.22028585723215116
4193dc6e709748a2,0.11736639832239715
518127c997db411a,0.4188250822447735
a1984866ced643bf,0.31652208690187006
203db1c52df24304,0.07496293387413126
65af58731b1c47a1,0.10966422135329182
71d41d6570d541a0,0.8985207368326432
b58fbe3585ca496f,0.21828805964365114
dc3c714190964421,0.10800924872206487
a98b8ef158714c5e,0.10468536334144911
eac4abd0c6524614,0.12535146562431593
50ff940e8e6b4332,0.1752896887912323
68cec80bb5194f0e,0.08156376326378113
134e90ba8860448f,0.0959788998570281
0b8dcd21c4f54a96,0.10971581524065006
a744ba3561ee4f49,0.11089382070255202
f58522dcc1bd42c8,0.30124726803951146
1537035f419145ee,0.09770386100159034
a276f4bd26e9400d,0.10269182131636528
c5d2b542e7e8417d,0.09924304413969319
e99b657074d845f5,0.508967774494822
700a95bd2bc34efd,0.11071795802066951
c00949715ff04e38,0.11915376448607726
6ce7c2fe1fe8439b,0.7326942204860126
8e2531a978c7478e,0.27978088891072883
183cc6b332ed49ef,0.10649503516890764
8d0c1a39e5974366,0.09885535028303961
2761dcbc02e54932,0.08531786098698343
fd41a1643c4d4197,0.25759936390474425
05fe320a0e3d47f7,0.10720698525671832
f10a45998db3438d,0.8542479569608
08a7fa61e77145b0,0.14082722852769158
9315a22bf1a8422c,0.14118322926112564
2cd51a90f0794524,0.13114231351124755
c4bb7d78a54c444d,0.19278611447575622
fd6066ffb1e14e9f,0.23699159093591388
43f5153a29454a6f,0.1318334447249466
c3680ab589b14418,0.10203743500976603
6c54209b47ac4155,0.3532844210895423
89e0faa3277f4776,0.13679503745356406
f11600cf37c04602,0.07289580563384185
8a112f2afb3d4f96,0.2591076885130256
a8e3407ee78f4be9,0.1432530603002597
eed25200695b4f20,0.2885176891789855
adfaa9ac81114d9a,0.14512242262350736
61dc7ef7801c4053,0.11509192145661938
4fba25b8bfe5470e,0.21618534177344717
76fd40ff58c54ecf,0.4158182127331282
531a04faff604894,0.13495366102313833
745dc8ad8b7841d0,0.18113937362431407
441bd53f07a146c3,0.12493643384367092
01f2fc7c05694f1f,0.1029440790178246
437df9c0163c4f67,0.786624593626078
2d7b8913789d46ee,0.6674450794394696
0be463994eb240fc,0.1161564546045296
3a3902c40fe94fd1,0.09546106213959075
636e196cdb3e4736,0.09821378043784924
cc5ed3d65a2a498a,0.11559889062394563
b2c493dcfab24767,0.0872947725344133
02ff3257adcc4fae,0.5982592478787123
2381f0ebb70f4db7,0.49240173277192073
afcd570ee64d47cb,0.26529628171210806
e4ea8c064a604f51,0.6503683612586525
fa341106bc1d4541,0.07864601036192531
d101938121874750,0.09124194717438136
ad7b24cff1084ba2,0.19101461049723106
0bdf189d539f4c5d,0.16355134552464834
f3e617bd70ee4c1f,0.17977863436280114
9e23e54571d04181,0.07209560411444378
c463dbdffccc46e8,0.14104916606854342
f47c1e27c8f34cc3,0.09130821822723031
4e13f95c241e4f03,0.14564811394755417
fa989af234514162,0.3463583072333973
80192a6e8bc3458b,0.09804897864661663
870afc1b812b4219,0.3880931597780699
5d69b763dcfe4eee,0.10502322887047728
731a168d03504b8b,0.4707622284364384
a13da34325e34dde,0.45243823698098234
795eee401eff47e4,0.13102518137065897
28e96dcb67eb4a7c,0.14150940375439497
b550456769594e73,0.8165300194650916
4f7b5d35b58946f9,0.3631456347696912
632a5c9382db4ee8,0.17299593908088334
cf4b0c1e48954f63,0.2475047147664849
0918b2986d9c4a08,0.09137349880794864
0c742bf46eac4137,0.21191983648708607
45844b7c5cd74ef9,0.04674147387262741
67fa23120bea4866,0.1350464603840753
cb802483d04c4909,0.39705652886129195
2b4b81c28a40431f,0.1482786247677166
143662e78a1044f5,0.23820982042475491
213090fccee94d47,0.24748628500945377
683791c7710743e1,0.19988946586225922
ba378155750a4741,0.06964162402656295
9a8644fa27c64e86,0.10306104345551385
ef08ea8d05b0424a,0.10702216248544508
b6303f55e1574ca1,0.10658932738999675
15657fddd4854ea7,0.13881640232334688
c98a2fea058c42e8,0.10075668555741445
2611c1032e404494,0.13582580619908965
722d7d477f7946fa,0.08704642092367557
05d4944dc2704e69,0.07638176935398565
f13f9ff97c2c4353,0.10599048224361475
23b7e4c7281e4d3a,0.0831910184023329
f60700fc563547ad,0.07444742478631233
605e707e77684206,0.20015716723744367
a76d18fae7be4a72,0.12305115205409031
852c05ba5533472f,0.2371494537143491
99088fb5ace645a5,0.14486619376624696
4b5143b8bd564319,0.08961586774659488
a4fd46f30bbc4274,0.14975082943273038
7ff72d7c76784bf8,0.09242015953259777
20616a88aead4680,0.19793111655929213
93b79bdb5f914c21,0.10746692098401961
15df22786f204757,0.14453717960893162
0d54898831754131,0.17807314062542165
1bac17a928f14ad8,0.11088008532397202
eceb3ed3d84b4db6,0.09442930402803155
1b1a53dfc2ea4249,0.10593836640086143
5aa05ba5518e495a,0.06413801289729461
83b8f8738c1c4177,0.1608500171560999
ba663c1dfc944e94,0.2183907479835596
8e227fa089aa40da,0.09808572526343076
0f077fd987b84d7b,0.10991536029341054
418db9b7e77541a0,0.06576415738202689
5095bb36bf3c4678,0.6551094271606838
4687479963d84d95,0.134672822643195
ec7353c0641d443b,0.5238564109523902
11537bf501344e2c,0.09540774922315069
c9dd735c1f0648c3,0.11629030440139836
275ed63cd74f4240,0.08575626597921761
78b08914f1894f25,0.09773980184502659
9a81a77166174188,0.10950366940439035
71e1ac020e134fa0,0.09120405450674912
a5d233a0a26548ee,0.1130343108926522
50ac64689f92499b,0.25780112690326723
bf7591f3b3e74858,0.16539744663681566
08355f4a3b1149ff,0.1879647124641016
3b7941d98b144c4a,0.15799569689934537
a5a219133ae347fe,0.14297126975928354
b4d533c477bd4f9a,0.11739296183488371
9895e977b58e4d55,0.2373276251264758
6e2a51d9a4e24eb8,0.46368515420632217
81ed347f9f8d442c,0.07064929796013548
b670928667dc4db1,0.13078245878076822
ea97433980df4ae9,0.15379166174075376
8b4234346cc742aa,0.08743904435918602
ba37aad3dfcc4929,0.12449158994623329
3949f50f8c7847b0,0.603028051901317
3e9eba3cbc4e4093,0.10267193955387523
4bf464b5524545b2,0.18311376119821457
7e96b1afbf854260,0.1132354316420579
a73b17ea25fc4ed6,0.13142314076116568
8943d88de13c4ee9,0.31064918407290726
3061a83ed4dd4ea1,0.10903565933358758
e4f40a788ee84634,0.21529064479711035
009e9810a88745a8,0.20646633567161737
18381fb0a2144422,0.8677896639981174
36b72a73ab2b431e,0.1539630832766533
83a2368e3f2841d0,0.07374483173886374
74916f8cef6e42b6,0.12746807989756556
ff99ccfb31474e5c,0.09059515493758322
4ce8b7a94f0246d9,0.1422765858264127
8282a1ae75874cc8,0.19561246108431216
bbad87b8e7bb48ca,0.28911367081369194
eeeebdad90544618,0.09680256991880651
df145687ea184711,0.13215715278117451
e458bb327ba74377,0.606228183892562
fd9924fc19724165,0.12081730063071289
451342bd20a64f71,0.07457008802757295
59dfee72fcec4f7a,0.18013796186898137
0729308175e94d04,0.23258137666904538
721b05bb80df4a6d,0.4894306792385173
ca75ef832b934551,0.21289364469071054
c08761af6f504fe9,0.11051783422893684
85545ad7cf3a414d,0.09858025065407
524cd4f5b8154733,0.12195938890411707
0a048ef308594d5a,0.401438195383902
a1eb8a1752944a70,0.6388812427658903
5a722f435ec54554,0.1556847244862973
f83767610e5e4808,0.051173396219172405
886346656d8d4f4d,0.12440901881748027
e28808101bf04a83,0.3141130009653135
7829ca654ae44cae,0.19125339394678617
f234951c54954a93,0.32586067453176004
da146a84e5614089,0.16087747186087267
d6718f2f5f584db7,0.1676602968505271
0ad85f5f7a5f4956,0.09739081162037153
726d8fd5ef11433a,0.0840862937464078
9d04962f6d304523,0.09561078487151738
902d115118774fc5,0.22544611024465613
23a96a82468a4238,0.18488236162527086
3c54a18759c34f1a,0.09512521467830012
c9fa5b7bbaf64d17,0.23189609473534664
7e4e308cd728449b,0.24824126702428087
60e894d67bf447c5,0.7282643677121494
79bf203a02904654,0.8272260731093306
207a41bd5fe04dc5,0.4102545369865708
a77e3db7dd334899,0.1917195821978756
dd2585b478f24b87,0.10370539440078229
5ec1b3d55a4d4ae3,0.13615628457781714
1b00680e951d4cfd,0.16269187112056516
ba48e09a7f564718,0.15066978160104536
7547d0d1b81742ce,0.0886264054758879
47b4052ac14d4186,0.10992537389041229
18a184b6f09a4156,0.13403066777433115
d8ba1491f2474763,0.0744722460047654
a358aea02e4d4365,0.14287160882057423
9cbee8b69b574d44,0.09059341755647449
77b3b63b28404bc4,0.1724254604415669
7ec5eba394be4723,0.12585900250749585
626bd6847b4e410c,0.2772781876284296
f216fe3f1dda478b,0.126411333761467
9dc06b80ee8d4ecf,0.2662948105599891
f30dbac72ae74aa8,0.08936054183633911
c2eff145137641b7,0.24927252093520452
b4c0cec1652e4313,0.08220156208149978
b136f706e92d47ef,0.13254384277502224
4159f043cd3949b2,0.09705644060907673
03a73f94a9584da2,0.11589419102693167
2954080d58dc4e20,0.055366847691862994
cc34f175b61d4e30,0.11072841933861471
5abbdc7d642b4ef4,0.09798950834006434
3305f294192a4705,0.16213022384921136
1b5d3c1121174e12,0.1679387067368335
6ed3f18ef73f4dc1,0.046567277287053496
a5a27a60cbf24450,0.2639608381154016
569fb9b445f74cef,0.1196238435601758
17a08d3bc7e64cac,0.17303665288234454
a5b980e8f8a54d73,0.23302779352182673
cc3713864f164183,0.11743716930560813
01a0a6370b1b40ec,0.056248270721648265
01ac7258ce614c58,0.2816129939401102
f0e7cdf9354f4188,0.07281498420159468
5a1b57b7379f4e50,0.07842308434850734
48e899cca9e44ae4,0.059625721773495025
3a57721fdc8248ee,0.09245939232054538
a9766a62a2654bf4,0.10198210037912445
421e78f508364c12,0.17470044511394833
3485fe1f216844cc,0.8360300160826237
9d906fce58de47d7,0.09424482637097958
7aee334990d747c1,0.0781003252226081
7a65ab57d1ce4b7b,0.07768458526738209
8d16ea1aecdf4cbb,0.1965821618581813
a2cf07819dc44307,0.27376285963550095
6196e533117b4c14,0.14288753598349344
66747e5bc3b247bb,0.23940579506718423
dc768fb815cc40df,0.11042437915460374
a14f17abd29e468a,0.20470726452933524
3543ceda7e6b4658,0.07697227021672193
b2bc7e62e1234123,0.16856305624614998
c7dbba48425c4cfe,0.09026074270630212
cd510084679f470b,0.13373489360726018
72a15adce9c244e3,0.06402661775061093
e7bf80505ed8434d,0.14933535007687038
a6cde185f1bc43ca,0.09181081644895765
61a95f7331ec40e0,0.17414096742590682
69d5922dcee24f46,0.2143518843407431
9fcc86ae79014b31,0.13339953082315442
acd849e005be4466,0.16164273648044397
a8d28a51f4d9453b,0.23027653937142636
9316692e96db41fd,0.11747083353713894
cad55b0134e94d32,0.054837257624489336
e31ba3dbb3e64ac5,0.14808360988586886
a7a16200ae7c48dc,0.3353901420762299
47827138f51b434c,0.9068384689470136
e6db13fb79b6430e,0.10877199749412586
8f4a439f09e84eaf,0.10731997105714876
67ea65d382314ae8,0.09519568485289497
e7e71054024f40a2,0.24912616437107465
aef0ec6d30334354,0.1402145164464694
322e8f29836141bc,0.7414982488359417
e92e80237a3d4e98,0.15631603286612586
6cc17f2d2cb74783,0.12718846813720522
d32d9945d2014347,0.11083361288620165
d8bee3ef442c49b4,0.5651268170860916
312c1da48d4844ba,0.5275663916915178
a06919317d3f49f3,0.20246259377420214
54dc3afa735e437c,0.12279571048779592
1753b71497914840,0.33270475166885993
f0ee574d8bb44688,0.13161379576544996
5a930cdf0348440e,0.07817037138752311
97420f4885524230,0.8819892571485474
c5c37780ce90487d,0.8265523901248728
a7d5d13f48544715,0.14599864447833338
3111a2d7e1444626,0.26626578550887897
1f8ba3e509a142bd,0.14483177368171282
efb6d589e856464e,0.09209600885350804
482776e0dfe24176,0.4683727276403501
100346a612b441a5,0.12929271487858437
b2be29dc1c574969,0.09764579219222572
4f2b174a15d94cf8,0.3095660065293592
36f8f57bbb1c41d7,0.2640734047219129
21590abe95b640d8,0.1403312834416033
290e8914e1bb4399,0.09300840165877784
75023c68690945c6,0.11094336956193919
6271adedccab4b8c,0.20660470659973526
c87d5cf8ea9a4bd0,0.13028124238833372
1d1d25f1feb143c8,0.10516737605140371
40eedd589d4a4bd9,0.10485197594771048
3f0de5cc60a64aee,0.1238736865278533
26520fe8aff54ece,0.08984300021875032
885bf4f54039425d,0.09880549760716172
4df104612d1b4a20,0.22892057294085474
f71a0f207ab84451,0.42434272751148416
50a15c252a3f46b0,0.1319700653486775
12a3cbb77dc54401,0.11631484494948156
1b79e6592e6648f9,0.10777063461734088
accfca4b32b0401a,0.1301627589299648
d34049c36b6f4043,0.11143312791005902
2a58e312a45c4e79,0.14841083842533023
74194f2cad994daa,0.09920578060923012
353a96fc562248c9,0.09161600096955179
c5f079f1f84041d0,0.10538828342123342
8af1d793b1ad4cf5,0.11180033167278434
b33490abf5c441cf,0.08594617300240524
8ab2c68711ce484e,0.13108369522032878
ee24da7e44fa4a6a,0.19231877380862092
a6f40377ccdb428c,0.10391792601682874
2125ab3b49394708,0.4050334669472165
714c0adbbfdb4217,0.08549668721534061
f40c4c756e4b4add,0.6534107929693839
546cbf9515e64e42,0.8081267425506306
c8dcd39cd8c24ac8,0.10387857658904588
c76a69923aca44ef,0.09184507453809759
9adf58e9d1054818,0.10297225782277783
7a85e6dee31e4d04,0.2600460052531108
f1b6764ad79d421d,0.09159819409757157
9da406fcc0474b8f,0.13083005465984573
a94b1521987c4264,0.12072826154370464
abe31d18aa5748a8,0.20856008257416592
2d58e92dedaf43d2,0.12035229241779585
0071871962cd464d,0.08610711460145036
5f5412e40e6743a5,0.24253037615343598
327774d1cccc4623,0.15858397017730916
e69527715a3b4976,0.110910844739481
f071c5fd5c77417d,0.16939482779492995
ff64a4f795034b81,0.16298471687309324
dd75cb0665ea4fb1,0.07371330185057122
a73709bf21794cdf,0.10757274990080525
662d315732204812,0.7752013009637652
54a2749c553f47f3,0.1590147749139792
aa07f3d3ef404780,0.16914154574124418
9e83c489b1f64c35,0.17737412591077184
e4c1f590a71a44a9,0.1255098987060239
bf3c90384d014fad,0.5482441104144444
529d29ad9aef465d,0.11296193007638893
0c5cca5b9558475a,0.3898677623881897
305a8c01533f4219,0.25006065445544434
040c0c9db25744bb,0.09448321136717923
9fa06c53930b4b0a,0.11540562237153783
39088988c5c34996,0.12609949881314594
fae9250670c84b77,0.18756566691663562
6526b5d482cc48a0,0.21456991027250005
f8e63202cf2247cf,0.20044292872450092
9941105f91574bcc,0.16334831817745063
036638cda0e24bac,0.06776049230128031
dc13d7d6e7b343a8,0.22452830962565593
5478f5d0f40346c8,0.08121783755544636
7013aa1ad2484533,0.9016775585481791
877ab6b069914e99,0.09706008391427125
340bf7d4b0d14ef5,0.6804118150235492
4567510bccd04818,0.1350313234715236
4a94ad8463974bdb,0.09466317519631214
b9d44a27daf24327,0.11123402783745441
80e5c590338b4d6d,0.09737985170471457
8d46c91171e245da,0.0881336448775128
d4a3223be2ab40b3,0.15037459480051804
a5b08b1b2d1f4f1f,0.12964329777444547
71615df50d564e06,0.14240258598705863
1425608516da4f88,0.12465878336668032
e273d0b5449e4d28,0.09146736039518935
aed88132cdee48a8,0.09702588733429651
5769adabb2c3404f,0.1584133673925189
edd68b7ad2284064,0.15689410776007898
84681b9d0ece4cfe,0.09186142202207702
1fe0588fb2a94851,0.07824342096118728
016426750a7f426d,0.3661990663354195
5c9ff6753928476c,0.17512252022443253
eee1d41eddd34bfa,0.06665515034935905
1672ac623eb348df,0.20299438352279128
d144c610527e4a05,0.06923256696046494
0bf3948734fa4b83,0.19627656775280583
1f7a7517b3254ee7,0.17067060063252087
ec48f2734c7e46c9,0.27216854940617113
cbeca6bb517e4cd7,0.24908463439028244
cd35ae143bf34a17,0.15584010469546147
7e0a7c0ad94f4553,0.2919752300190952
966a9280daf74932,0.25791957999938364
50402144e8634da4,0.13759997982719097
abd4c5b9422f435c,0.08564976498552261
d927c12cc1374bf7,0.20140487253984043
f12059bbdc054d65,0.09337393921129554
94ef0e2e5ebb4cbe,0.10288204946579678
a785c43690b14d58,0.23304713416454903
1382050d847f47d8,0.06946902748865652
c22decb80e7b4ccc,0.3066232356705209
cdac97a3bbbf4eb5,0.4227655311927181
f95200decf6540d5,0.22726187011241486
fb40581871ee4a0d,0.11473437357381135
69b4335254504993,0.12641953865735428
b0c18a52223d4a80,0.8391953660494771
6ed2c48c689b4391,0.2642628887592297
f877e605e44e4766,0.3221367529152063
16a16eda765e4d7e,0.3837355086787612
b78a9b9bb68b4ac0,0.0902987834520621
8584e3d123ed4955,0.14372245843940573
96df0d61c2324052,0.08477709898692792
2937ceaea33e4d39,0.18365093042837907
bcb11975410d4716,0.3112819575924736
234eb06288a14227,0.1390413736752396
4dd856f818f94f2d,0.15765382220046062
0bcd819e96e54126,0.32494344635672756
05f0b476b4ce4a96,0.19815674349232676
87bc12bf54424f4f,0.11500071947197903
fc15ea7e7cd74685,0.6991637440612946
2a949b36af774e39,0.16859885171223182
8d3353d4e89e46a7,0.1681791054722421
989a8a7f0fa2463e,0.5844765271537693
81b63b1af4ae4856,0.25009185576340975
e38501a0f2614f99,0.0995161096348413
1fbcfcad528b4997,0.1616429922309163
6b9d56c357a345f2,0.17294353243467533
79cd5da33712484b,0.12038723898546566
df3601f670a94939,0.6126249224532406
d1a2aed3fc0e4384,0.0644389558776567
d323623b71f048fb,0.6121400194794655
9f09de9233754054,0.36563689749341033
0797e1f6c6c94c3b,0.21450186054279563
2658d793a36b4d96,0.15273219590360296
111e9a74a7ce4333,0.12907451760351973
2527ed38b3ee4db3,0.17214281883445065
6238a89677f34a91,0.17273480930743249
a06fbd750e0a4b18,0.13558637784303196
b488c879acd9468f,0.3067587492194692
607c4a724be74667,0.11554951437330387
381797d060b84e18,0.10415518611377197
5aed4f996ef34eb1,0.4485535433636532
c7b18f045461449f,0.5058905390894385
aa76f6f48eb54856,0.10815188658684831
fbe2100f3bd1475d,0.12675756836460658
4c14a4b1262646b7,0.22989428459753838
ca30fcbad8f74d4f,0.1299624772643225
5e00055deece4aa8,0.11072430508774807
4c4edb31567f479a,0.07960028198318223
e22c747b313c4f3b,0.20195511579312747
60e214eed0c8410e,0.2085475513523666
ab9480e3fd614177,0.16726979715888174
2ef24e1b681f4cac,0.8689563717876453
61b0780e33244f2e,0.5964440626912114
943bb98d29f340bd,0.08750394401421199
d892485ac4254e62,0.12715347826606427
526d40d017ff44e6,0.15880440356743086
8e27a597e1ea470b,0.31302815823502156
d7ce92025d184988,0.13589559117516217
df5ca686ffd947d7,0.10849945217031598
7f357e15ecef4baf,0.6285712337958783
4d4685c202204967,0.09650613564075501
9d7e7b1808a74981,0.14366004088812107
262752e189b147ca,0.8634608219190416
9c96b2b113814c9f,0.12106616677094605
5aee4d000eac4de3,0.19104005749866626
a70fee16f7c74b23,0.3904991785679792
387ad169bf2340a4,0.1521258187936061
73ddf91b6a4845b5,0.36153662996157493
e28cac8c43484114,0.1325105575060637
2c6db895125641a5,0.1252659400665034
2b54dcf787f6487c,0.1343925952066441
2203ef2e71674500,0.1426273581843086
02e9aeb034fd4d7c,0.13471868476490012
569469b5af1b4735,0.0745561437850226
6bb0b98a43d64364,0.20748906172302958
db8a679b79e74a22,0.6423274268934109
204aea0384324e08,0.09331848075409484
66c3090c24804de2,0.0928840820824328
463ac969c5f64b43,0.2971326434861552
113fdd509d9e4233,0.10890009986180511
5f1bd2e8a3c54760,0.40451953541973146
82ceafb005714b3d,0.31558342666102057
c6f4e9dd0a704053,0.10488715598789733
3a9682063fbd420e,0.07408292321144516
09c5bc353ea242fb,0.11005697224928157
aa5790c0a98c4aca,0.1567280864948532
fe69cb1598104711,0.42998613036035643
683dc50dec51476d,0.07412281707226412
57e7f1e57f9a4b63,0.7373670864222671
cc0532638f1241b5,0.20313774479719265
5378f8202c224b84,0.2513833892606758
c5b3c40002364207,0.12355914120107574
87d79ba0867a40be,0.09282206053133349
9603b2aaec374f78,0.30771782613220344
78cfd2e513f44456,0.08339530940130872
52fd06b24a424db3,0.13749646061809417
ba402449cfa94004,0.06838087484575849
a1f5ab5c48ee410c,0.24348700070649704
b1c0841c93684401,0.08469541965039964
f54a43c2ba9240b3,0.3170801495482709
7c1d4a06423a4168,0.20416822628038242
d7b63e12203c4d04,0.07202279794254425
e2dbfeb07f5f4cae,0.24821373151306506
447b9133a72b4cb6,0.6318660561817819
73674e42258442f9,0.08812871051343718
336a6defd7af41b1,0.3756934954900828
35e82d8717534170,0.09079500022142127
bfa440cce028400e,0.2374045928566369
2d8f0baa20734a31,0.15650457161550085
4372ff91770a4a4f,0.3323044040076437
76b3c89501ba415c,0.16682481266208982
57673c1991284be5,0.13297934601875236
d15f7741050a478c,0.08001536639212707
1bb0d45fe7604843,0.17027670436688291
4778ce58e22f4e0f,0.16394979844681387
e17fdcd46ced4c42,0.14435776564318842
c4fbd834c008489e,0.1255379107533409
0a019ad399c048c6,0.1580059198982202
1a86f2381d864fae,0.203198075273636
f9e7a95211974b86,0.29837156952390304
5d9795882af143f6,0.09746260616385309
34bf5032b26147ce,0.1687243582628878
184741b3a67d4fb8,0.09598653810523018
ed21b5377f8a4255,0.08826097174068201
ca392568ab2a4f6e,0.39527786254478753
3095d00cde8b4ff3,0.10015958671381182
20c0902faf73476a,0.24369816817175016
d231fd5019c443da,0.18031408241203828
1bc0f800b1714608,0.21963376685946764
a0420bfb5a084249,0.35202187116652267
ad065a000ce24ffb,0.08460483198948836
25ad67ca59cb49b4,0.7460218069735235
be67ba17cf294a16,0.10650231900896867
b6463109077049c9,0.17823140620807085
4acdb665af084083,0.11385813975295099
67ea72d643bc47b6,0.4037588857815772
684f17a192a74878,0.09147194509710654
b5278363475a4de3,0.23500210068393318
e53c97636e854617,0.18027883386472962
0efd11c693b44786,0.09584257832656454
7ac0340f57f84093,0.10154899843982079
02ef97d172fa4178,0.1296661449819684
15215cc398814e8f,0.09381959335220927
66e8f125a4a0431c,0.8184612308689052
959664b905094875,0.12885012502970594
7c13445041e5412d,0.12943811096021413
07ea99e5d64048ca,0.8683898811906579
7efe7a703350405d,0.10115712941681006
078d033383ca4e91,0.16226393150963805
adfbe6a523e541de,0.11301472870985793
8606e38bff824be3,0.12039532754240331
2f542452f83a4e00,0.09798211529671763
7c1cde0ad8164098,0.13038098528335046
81cb969beb394686,0.14795779166294318
7d3e8dc24ace4e8c,0.1513003015048901
161f0b617d454ec7,0.28257030775062303
3ab76953eb0e4bc5,0.4984523301895977
e0d0526882134a39,0.106724986498063
5502ba78cbf743de,0.5197967361617771
91a78120c2c8420e,0.09373082819292274
63ce2a7b9dab47dd,0.11982975829287063
ac1ba0ad45234948,0.17331755624585052
093166f1916849d5,0.8322851345658586
0e09701a017642c7,0.1959431250065413
7e76c84756c24eb5,0.9336247964323456
d428bba9ca064dff,0.21359831801385123
bf6885d2228a4664,0.1175574333555436
1c5f210a7ea74f94,0.10081587717688961
0da2cd09be094cb8,0.12299128413048123
91cba14ab2c343ae,0.06631406468518695
545797f5e12f4b66,0.0881845932610776
6340e8adaab54836,0.1466250273181022
8c8775f6645e4044,0.23994336415848996
932f09eb26334c19,0.105735744699372
e86a21eec8ef4546,0.08401511413342762
247bed6d5de84bcc,0.1603062015947642
2b4fff35122a49eb,0.18094009662755617
fc71c6fcb375447c,0.11062254706793238
30da40cc2231483f,0.21939864027834385
56747b6ab1644fe1,0.09704403452605612
b3ae5844f2ff4543,0.23814621463698468
b6f4e34a4fc9449b,0.09596625266762568
f11a0da24d074e14,0.301664895511418
b03e51447073454e,0.6819255689670077
19adfb6d1f3b4763,0.11781805095724318
a9631cd52eb44912,0.4896818667960395
9b179d9115684936,0.145579815268868
930fa4682d1e4185,0.09939305709813953
edff169f5a36413e,0.08118460713698845
fadca687f1b942ae,0.10206166229207829
c9ad87de4f124a3c,0.5938180589012251
a845d65d0aeb4678,0.11778093775176637
eac28937010f4f0b,0.11023114848634386
7504aaf85b404150,0.14914696699804014
8837ab641ac946aa,0.1811986307260316
cbb795ef1465464b,0.13948948427643057
531eb7bb7fbd41d4,0.14168902484234225
dbe03c391c474145,0.2152231431243597
e5dc3e4ade3648b4,0.1295238896836686
7e3c1d0ae9ef4d2d,0.40293867339438133
f6433fccac444f82,0.08200336961608956
d53cb3cc603c4b1d,0.17743981336847545
9018149fe9bb4bca,0.21546345489868612
1fd7d27d2bb24a53,0.19997614033114577
128cee9ec1f34478,0.7214945609899687
83932e092541402e,0.13888499611504762
694f112d285a4704,0.11295870325375681
7357b1a5c9484484,0.1151896221114201
4594bd873a5349cb,0.13418451349043115
f10d4717a623421e,0.10193185828161763
acdcfa0f3e354016,0.8997775892971603
4ca2e139a4d04eab,0.08514073288278987
9.61E+71,0.3008971393423144
b74b20e6ab604259,0.7960422080273064
82529ff58b234a7e,0.7269832508170384
ce5f7de4e4bd452e,0.41520507727025274
233f603b5a06435b,0.14668436267229806
b818190d551c4960,0.1545542829620104
f2114753671f48b5,0.11901902464125201
ad4234a1fd26472e,0.11559652355561362
01a11e8f719a419d,0.09179785366808203
203289bd629f4968,0.28920996481906625
d2bf40ce5adb4847,0.20070958060456015
a2190b6bc0d1407a,0.19860550880620853
42b89ec0e0404e87,0.10459760094897978
0c4effc4100a4066,0.12930686146082523
ce3f0049b8684884,0.09320882639135507
0600b7f82b3d4e25,0.12117308445112705
9ea7ef403ec0443f,0.24188508951823545
ff5556c5b24f4d3d,0.138089080914091
09c77d3347a74362,0.18611230386983135
e82bb3ece7c54710,0.13729199203068304
5b78cd4ab1ff47a6,0.22316724244606298
e1f81112e2d1425c,0.662214201114964
33d38a95e9574403,0.09283929384867451
6a5728de17c64045,0.10922630249603034
5fbde42cc20f4ada,0.6979623187187738
669b24e4c3804448,0.1182080379036605
76aebce578fe437b,0.228106120403406
ce036fc242584b93,0.19275134260761262
bb73affba95f45c8,0.0914649818968328
36351c6243434aba,0.17641539323333175
f23085d3d0fa4d91,0.09342652778441266
50a7f93223f045fb,0.22354159398963255
16d5a71787bb4533,0.1502136494618028
6b4c6eb8a3ab4714,0.806479188836128
df3bcc83634f4b52,0.1015771835455418
caced59d6fb94c18,0.19929682097516072
33094ae6e07c445f,0.2866535237856642
9c4a8e018d534779,0.1716026907498849
1fcb6546cc394e9c,0.11890818479493391
cd5d75899cf2427c,0.5366518628572549
953a77f180bb4e9b,0.23511394141461073
1248551ca59c494b,0.10025700404047895
c597233061d84c67,0.7628056653928218
8187bcf0af2a45d3,0.14800840055841694
9d205be918824cc6,0.14927162204373629
bf48303f35e7405c,0.13482780263141653
b627841411594b5b,0.1769751338034256
a7d37d5370764558,0.1830277899665294
c80811f1ab8a431c,0.10591568663131443
55adc49b6e0d4a2f,0.5224765306924118
8e13d961ec1b46a6,0.13791508074434172
ea51d96c5f3d4e95,0.2518858416159382
7795815042124a6d,0.47715181761230885
0ad180fe9523447d,0.32254956562532017
a88db51bf79546db,0.10845792996820469
06d8128c8af445f6,0.14074151810803767
0a9e529abacd4c84,0.0707552424260102
936378204e154c2d,0.09650764503071911
a9c71ccb85ea4685,0.19439804914767697
647612cc8cee46a4,0.3074669824944876
421128ea0139486b,0.17607319041559805
adf8ec56b5f24063,0.11318274176873377
3dd7aa079e2f443b,0.6155743561432763
38172feb386b4fa2,0.08436219282517715
af675ce1f99c478e,0.33486111052691653
53372b18961b49b4,0.1140696941765138
dffff3907eca4478,0.11615144008149271
5840876e3d9846e6,0.09766956682135453
291e6e425faa4df5,0.16142657333112811
5fa975a351e748f4,0.3437319245123991
2eb629a9d024414f,0.10472749772962976
83dac0094764402f,0.16957979152512392
b20a0845220f4ff6,0.14046232085026564
3bda1b5dcb204d04,0.1048375965001027
511dc16b6f764c0a,0.6999019239813767
379e376c89ee47ad,0.10043530062839261
923e838f37b84f8a,0.19124812144007527
9b5083ed534c41f2,0.1245911468397915
df11e379534c4a41,0.12096705257383751
3ff6fafe998d4b51,0.08551308862708128
64314387b76940b3,0.19401237786751976
6d0ad0a3300b4df4,0.10660788854790168
08502d3db0ad4d78,0.15826245991930024
ef4e7421b6b148d9,0.1482387427217571
9e40aa3f75164a38,0.30354182827182064
d2a0e6bfb1fe46a8,0.5177993330936811
6403a9744e214536,0.09799396726222402
22fd8376de7c4293,0.2593233226466088
4c428e74fcb7406b,0.10338106616982505
f424fecfd6124f1b,0.08009406516826516
04943bf3e30d4847,0.0763803482305773
d1b6544b91764551,0.10055848607363516
2a49b1cc243a4b6e,0.15428190345916087
7387050f94664560,0.17672494747715603
6e594365c8b34353,0.1894873561243327
13ad83a1f9b54bed,0.3274169063177681
065d5ee7e4584453,0.48402790128934275
82aeb61ac9b44b67,0.4550232228232194
83b245b196ab40b6,0.08017118723668779
053f7dd39bc94240,0.11209652390282206
f6be12547b584b2f,0.10935312672356232
7f4f0e6c99964fab,0.8573724620585851
aec1d6ab1f544bdc,0.22066924696424944
db126841dcc84d97,0.17030492774898484
9fbf34960a374a6e,0.17733577949801835
dbfbecb587284a87,0.16637729107565633
5b83a1b4e68249a5,0.12556821566388066
a8c19c0bf07243bc,0.19206487164264968
777a279c200a48f2,0.12089430180875875
50d8d43706a2455d,0.11361674590088869
2e666166ba3042bf,0.27668754282246144
cf70675e6cb440e1,0.16606384909157662
8edcaf340a654c11,0.12337275294980644
a46476d934bd4bcb,0.20708868959167018
369ff186ec0b437b,0.17833976271807997
86414b6684b7428b,0.12334037710037057
60a6ef4db7104c6c,0.26260591385601517
00a0c5801fae4358,0.2800545162852667
e9abbb3918354dca,0.3778539307694998
234e768aea9b4fcb,0.38244030648866434
9978c31bf5044614,0.11677791854829024
0593ee9ab5574ce3,0.29806342768564364
a4da0353a0274de0,0.13151883279683727
09e49b0129cd4a3e,0.11285011822193376
abff48dce6984ee1,0.09331275184987563
6c602541cef54e74,0.08021014063922845
104de43d13db4b30,0.19097143297561164
b106806e86ff4819,0.0848173064347546
54f31601bb014ff3,0.384542785801086
036951fbad624291,0.09704347772847288
9be095e546ed4ea5,0.16099123768745116
dd7e393ad2f9497a,0.409113389282749
deac7aae07ef40ba,0.1764284839444883
8ebadb5586364bfe,0.09441682884275207
4c010f1a11df45c5,0.19946419193169893
118fb1dfd7dd4ee4,0.04748643056732648
ee0f127441984e03,0.16555527421505012
b99fcb0c7c954707,0.29487556065415876
0476ea8021554f22,0.09943689547104792
0351b681e7ce43d7,0.1928175867565704
1645b9397ae04c16,0.6453075082714848
81ce163dbd7144dc,0.1886649179712374
2dd731c20a214dab,0.051410120271460476
64ee3fd70efb4d51,0.3324202472732997
f7b9c86c4ea64bb9,0.20051344272651306
18d6c5fe4e594788,0.11380876969727208
fde0930cd7514c1d,0.16602764330745426
8bb94134a33a4c8c,0.060180099811139844
8983c139977d4a4f,0.1760100982099497
630474d03891457e,0.10702784619424209
b6676b86a1a84a47,0.06638465597997144
3e8565ada620452b,0.08709501791046172
1902893ced7c4fb8,0.4912583587985327
7ee03b557b1940db,0.24515970738514972
1de51325e40044bc,0.1322315518719517
bdbf4a1829fd4349,0.5381734959575851
4e8c2d259c2f41d2,0.18528054178444503
12029a0fe5a9449d,0.39439180239827093
b05b2a70bf0149ce,0.27848512619745014
bb472787b289444f,0.1270009875673273
1deb38f9e1664bfc,0.35870774045119425
82206740154c43c1,0.10121617249685834
4ee09ab7cbbd446b,0.12355615287642081
4d16dc195eed4db0,0.18336326144620688
59a703ff89664fc0,0.5507779028634007
93b931c9975049b4,0.17348784830619046
37dee1cf530a444b,0.09763016167704117
3057b55d69fc4e82,0.10135337909964798
b73b0e3ca5404f8c,0.07926058516578754
d9fe61fdf6c240e8,0.2778704742111027
2bcf7db463c0475e,0.08007680586707992
dfe0e44b80a04b2b,0.7843893210864751
57e2ff88757c4faf,0.09505898670179377
195e7b7f8154436c,0.3251672130379759
d4ca9399038749c8,0.14209807839787014
629c52fef3684b4e,0.21367259158114849
3aad059c27854fc3,0.0945912914082709
19230c643cc44781,0.16431129450489598
2810443eb71d4e87,0.18015450603280705
2b896b4dc7b04bd1,0.11114399674695732
d723b28809ee49ca,0.34573831372461195
a9148a7bd6814501,0.12256130667253584
b6d97277f44d48d7,0.1879032023711936
0a9d831b6af4423d,0.12072005218533537
d6181f1e4928494b,0.13092969418029166
976820b0bb2e4663,0.15114705817772783
c2faa89f60484438,0.17215720414262253
17fa2085d69e42d3,0.7133555001181037
097a212d3b5d4209,0.14866089821161563
fb36ada1945d4970,0.09702500346116584
46654b850c0847b2,0.4987139366579395
0deaf7934642486d,0.15913580876243505
f914ecb70e2145ad,0.3552560381277937
e23eec417cea4ea3,0.11506054707532035
d496e566c80e448a,0.5923456404885111
f3338f20103c43e4,0.10142779396955662
34bcc082540e4d07,0.34346997200378543
cd17cfea6f08445f,0.06834989240015218
16ed3999702a4688,0.13037597536856857
c4cad9936cb54b20,0.17122660854346164
928cd469a74c48cf,0.1725425080161204
5eac649206004946,0.3954919178047317
00f64b2ae5944720,0.07200637369340686
79a76db8cac34fcb,0.3255250686915555
3a7d0f163568441d,0.10438739274154264
a9172b364c194c3e,0.11141598142318211
d03843d4e1874568,0.7894919939150192
562d0e2fa2a2417d,0.11068764230565646
0cb6ae96b8034ec8,0.09177070152336449
e0699d46d3904a27,0.2150671403276631
c4ab454d46574e97,0.09270897212063021
4c95aac07ed04022,0.09331913765064358
2ae360897a044613,0.0968263348174094
98aeb6910e8c4050,0.06295697078448638
5eb76e319736420d,0.11116317524310297
2e9371484a6c40d4,0.09509616276260481
6290e84cf45e446f,0.17443756135694122
4ede87cf4d454051,0.08157796818897708
ac616c0aa7c74b42,0.22408939311378603
93124cb29fa945fb,0.5869806713711185
38e91f3152ed4ba8,0.24012238626331414
e7f303bb5f3e44f9,0.13029349015009714
b36704ae09e84b77,0.10534374802599608
04c673f525ba4826,0.09263730972649734
9a809d925fba4bd5,0.3711261413373183
9fe16862c34348b8,0.11342667393698239
fdbce31ffc014c2a,0.14581225858874464
3121684f11dd45b4,0.11632273683418835
cd46077331534421,0.3770297359558125
99475d0c1fcd4f6e,0.07134531098032426
13a4542ee7b64b79,0.33102827835952015
19f678bd19054516,0.8847477561008976
2ed2c9946d00405a,0.19586273023149542
658b27afbad34b74,0.8462397448519696
69f808b944194851,0.07061111948302139
2acdb889208344ee,0.28319426431634337
d371152d040a4ab8,0.21385252387000422
74503c2cc3184c84,0.12471059464434649
8f8458e668914b7b,0.062039428468310766
9f25071189cf4c11,0.1551429674897676
677b26e432544b7a,0.21219076566285539
a1b445fc8d5d4c79,0.15498266404143987
81af2c6456684a34,0.3869475063431537
0fa2eae6ee1e4f37,0.14197541870285252
fbaa1c1ec1414c2b,0.18867280004389664
4dd699757ad54068,0.20239309334966538
7099d607cac34008,0.13347910740606655
9218c0b6257c44d8,0.14761965888954678
45f5138095574d31,0.26248675891269807
2c27dd236a694470,0.65239373350492
3615629b2eec4c86,0.5651086063238493
94bccc91472646d6,0.1698683391234774
bea84faa013f495f,0.07304287102199264
1182aabc4f634c60,0.19873221064291688
e070b4a789a54a48,0.2807413950224132
2ef1705eaa404dca,0.18593370293173936
701eab26ce94426f,0.1357841323466581
b769063db6214a59,0.10610485963054346
7a67d589c55e4a09,0.09038965089761831
1cbd21041abe40f7,0.22747990360205886
77adc57a1a8c4b6b,0.3300073423599546
5a7e7684e59540c5,0.7600547194410463
89dbb9ee5f7e4d36,0.29231240475395215
306df4f5fd47464b,0.4375970041887663
a421c87b13e947b3,0.197190372028109
e3a27119aaaf487f,0.13372888743784775
0249db920d3249a3,0.16758154965556932
578e9bf77bcf4ee0,0.08618091754986433
72db35f52bb54a99,0.8405156494297276
508743ab633240da,0.8548857996476468
35d915f721f14e65,0.5855286793364083
abdb4f04350b4965,0.07033919507057301
7ffe9d8172d14dcd,0.19321442225592073
8dfc0ba2972d4eeb,0.5737679745748695
7ed2164b8f544b60,0.09605446822724883
eb70badf24fb4d96,0.35120528755489283
d84eafc9a84d4446,0.15438152284707543
be357c3c7b914567,0.1103559858895547
d3f27fee1d3d46d7,0.2432263718597681
cd6998c0036e458d,0.10449110813535577
ae00c5c94a2a40ac,0.0990962548330027
b4a4f95b168b45d7,0.08628142331582626
bc736b59ac104668,0.2020575965223291
0797f874e3b0476a,0.4055262751418671
99ee6e3092fa4cc3,0.07566829423306778
b83ed9840d394294,0.21109414467311396
4883a8b43d2742be,0.45028591302014875
304953cc385047a2,0.15784946522571264
1aeec436084e4230,0.1263371321608034
9a653f16ae974ba0,0.8157491989547636
f5b5152f446249e0,0.15753567498974347
980130030aa84cf7,0.14696672082079681
e61fa17fcd364d8f,0.14263678082243442
4e0c0a41622740bb,0.10517087964559615
ab295eafcf7e42f4,0.11776180736871035
ef1568d501654567,0.1550312299497126
51cf469a60a74dbb,0.6249094424765637
67e3f0a83b004c4e,0.05338891833450747
081ca104eca540bd,0.09811165371910868
d625cdbd553d4844,0.12140636103762602
9ea9886ce761447c,0.07923518496260025
5d89f75b320547ec,0.13494771268534364
9f2b6f5f634b47bd,0.15453951774685012
14cee872ffbb40f4,0.32208315454117425
dec687852f184d0e,0.6511318962395242
9e68cc86c5884056,0.25108965025518726
3816d112e5504511,0.28539784947343755
84e864a57860410f,0.08990670968885302
9e9db86b497e47ad,0.10756044787182287
6a2586e809b6433b,0.12487868048731661
27cc968615e64600,0.16931593125775582
5680d742f51347f1,0.08125579354115742
b166891b1f3f4693,0.19065313312858573
4e114d781582425c,0.17207471564364082
6395105bf3f64ce1,0.26413393662786533
c0d95f89fea844fd,0.13866856066528765
a1eaeaee136f4cdb,0.13073589843449585
294505a732784de0,0.09169497948378338
38ce602cf53c4ca3,0.08065023740554086
a14e8146c2b8406d,0.08692389068450593
7013a81eaed14eab,0.5732230979767532
af9dd67385664bb6,0.10261928920640723
2b079c42fc484960,0.08781171677417994
fa91a615b81c46e2,0.092046710959587
9106eeb247154f9a,0.15797122599616326
33ee18d102f948a2,0.0945932753106743
b7d81f0cee884279,0.10777298766207301
080b50e8e6fd456e,0.21453566336467256
a55ff074365c4817,0.13698469157480503
5bf536eb57b746de,0.1013335579246207
d3bd434262a04c92,0.30921492982680504
5b8c11a15b4546a3,0.13047392615714387
e749fcfbc0244f26,0.1540377628079038
1df916c3618c4807,0.21206738450223092
239caf7f20904e9b,0.2067960909886576
2c4088492c3d437e,0.2714734759870105
3570067033f34219,0.10113370580460868
96f0edef333c4ee4,0.0609143363449959
053499d1a12f4fa7,0.13362956643827933
f95b3f4040684b19,0.11301897718429585
dd3f9179e83d4524,0.26111684290538995
57f06a8d82ab4360,0.4637598473122649
b794811f549b47b9,0.18898382142757392
c3ba2b9184974e46,0.5277423277202725
e943cda907e04464,0.7687017678062094
9fd4b741e6314032,0.2055358526783402
5dfc82fc2ba84ae1,0.1329352449840935
7a4e25a939f74261,0.0977419930462123
727be005515a4901,0.12880725871131724
f1a9a1cf5a6a4b6d,0.1124148834187845
9d8bd7a7542c4779,0.18209048098089464
82f68bd3f8eb45ae,0.07819511633747547
f02c73243c384a89,0.1300530374655002
a7d9a548b2c542e8,0.2840720448327159
b5c0d29cb92c4862,0.2344297493693735
aa3418d4923c4dd8,0.1399902377672418
00828008ebaa450d,0.11303047143913
5f661554a4a14802,0.1220798828513093
b2da06bfa950423e,0.5906019216888946
e392e0c938734f59,0.1464808225583677
39d351a2cb154365,0.5765175274253497
1dd286d1ba3d45b5,0.10775443934055007
a7206074014448c2,0.15369548337938269
ef493f4c5ad84dac,0.5358179657219434
bd6473080bbf460d,0.12890044784150947
d9d8145046874247,0.15589767118769504
e3f4a596bea944cc,0.15644483594356356
1aff89a9c8ef4ded,0.11640003129658526
e4db89d9f4ac4df5,0.676157635806425
7e9a50f7e1e84c73,0.09758746826625948
68ab48335f8a4953,0.2607916172983276
84574346a25a4722,0.2883398667096215
439fec7b3a18416b,0.45374430814125866
9beb3adf54944131,0.10152651524822538
274651587de4426d,0.08709582639344203
2f3f24b7bf0546f3,0.48636650061372133
3ebe02e694454082,0.2655081897622125
86844204764d4eca,0.7579029149466449
d722535e8ccc4161,0.2087535948144449
5524377c6ad74d25,0.09491079457419728
5bc98b1b97234b9b,0.6638489389930701
45c17dcb03724a53,0.17081118278576726
b0594bbd38ca4e8f,0.11587985976970958
2f68fd8357024793,0.17054185745268086
fb5874f9a3b44d72,0.11564816475658199
cb4269b49b7943b2,0.10525657722744618
7dfdfc4ce61f4287,0.21013739689607844
5d7c6c5aa1924ca2,0.27327125130401586
adcc51ef1bc74bb7,0.14273415084086255
42f0e0a031fa416f,0.12433794898290723
7329d4e97eac4082,0.22495967133112676
1b6ec037833245e9,0.09780627526324909
576a19c22d8a4c76,0.8369292442367887
ce348672271448d4,0.1139953565802741
c605ae66391f451a,0.16223651885373916
2185d8f940924b3d,0.21931372159747795
2e36660bb38e4dbd,0.17345271288765118
d7c5cb952d754087,0.7480448867329273
e57fc6e783d040cc,0.11051594312297247
8496c5f591044eec,0.22681117488302496
a20f05ed1f37497f,0.15661323247478323
a1164e03b6f14544,0.09376853492304345
983e96ba9e24407e,0.12152071513295139
e9741d09d1d4482f,0.16185044976574764
27f9894bb35c4650,0.1261243609280945
10446a4b7f8c4f77,0.12318131084256781
485e9d13ee4b4ab5,0.09022083256909345
41fce17751924b11,0.3382386092426197
0cb334dd742b4ea2,0.13592849312353344
20828274ee8e45de,0.5410774598042006
db9ddc980ee54b96,0.09157729066928373
b4477548fc374690,0.3650804141369823
ea57eb548af843aa,0.544062485727034
f098b321e3164531,0.11861890976372352
6ebdc4d467a440e2,0.20883248520775602
4bf458647d734b99,0.0802633485016708
f4f9887a965f482f,0.08504656682212854
961c34724b2e4e74,0.09329665578353882
9294dacffaa44d07,0.31495129308236397
ad73518139264b62,0.16962949113463413
b54b925b4ab54342,0.15711859961381736
d5a91c3a65c94760,0.11652372749982666
7e7537a4db7143e3,0.10219470452782727
cadc90f6a28a482f,0.2571801460626703
2b30deb67e1f43c7,0.11636559989101612
270c1ba5984441f9,0.12056561664382494
c7087eb432494cc6,0.07956608864203839
120e4866e2d644d2,0.09589371441074608
dbe2f3e1b7444c82,0.0951499366501798
c9c09dd706454de0,0.9193597521963388
8017f91b7ba848ae,0.12649663169430883
647997f8dae74b5b,0.16391191534359564
e205c2b65e3446cd,0.10726886631519751
59eb8ca50c824be4,0.3555174573869706
a5b7c6ac35e044c9,0.4604677126076255
7f92b77217664495,0.14564494288170926
387b81eb108340fa,0.13425947548583128
e0e2ad6f9d574afc,0.09302853727653504
f7167b0683ad4085,0.2718449461886065
001de1317f8f4f3f,0.14223019161199646
5c6d395bf4ce427b,0.11411811723778972
90a942893ca841b2,0.15087087153520337
a12bf60856644d82,0.17605219587792376
ce0d7de9e9784642,0.16048297208292736
ed0d55cfa439485c,0.0830533989110573
3c8c0316286d41a4,0.10401898464006652
8279b775cff74b5d,0.17095555923472838
9bf7c599ed7b48db,0.23164978768614525
9b50dbb455104cb6,0.09253733969088017
6274a383ec5f4dcd,0.16328261435679642
9e15d870aaf04f85,0.16242994937991836
a84f3b3c5e714c6c,0.08505575001484017
cabe0798d3d14b3f,0.46357303374715725
69cbd701c518439b,0.20872206723194803
40868a1262824e65,0.11529489097131342
b0260c252bb44913,0.6011180142687488
b52e6ded775344c5,0.16659022391475076
55e3fb24391f41cf,0.10701829649945895
2b3929da74524c4b,0.114349772907932
89db2106a13c4528,0.17043861108607808
14440df865de47bd,0.2280262177827216
46acff48143a4deb,0.3773401728571835
c304ae3afba044b1,0.15259288193202963
31f238fc45a244d9,0.12092769464244738
f4b504076a19461c,0.4804416769535191
f90675eeb6984e07,0.07478371057788401
33ce6d0bd973417c,0.1262492063813958
37b90b7a11af4962,0.0784973808902623
c2c61be673e64139,0.1747385157156302
d11d5bdf32a74a19,0.11345546429019543
579fc80bcea445a9,0.2662715377441965
27d57adc39f042b1,0.15110337908237928
a2c2928bc9034f95,0.11256124508323236
9b734e47612649eb,0.06215729816398954
596301736d1e4ba3,0.06743477311578616
f28486eb937941c7,0.17951258608973533
c9680e94face430a,0.08302486085482333
f5fcd162f9454579,0.41622735582268744
dcd011951b184f93,0.7437544235011518
5f3ea9f92b954a60,0.3653467146268904
c1958876f88142dc,0.11289390572620976
629544f07c284b5f,0.0998957932337578
ef681c55b3754d7b,0.1721300019704647
15a5e011a6c84ed1,0.15109728454078983
43ab44c420e14270,0.12776902327820647
38338997ae744378,0.077726297621346
1666a44199c14db1,0.09799396726222402
5d39aa2cff244e7f,0.8090256055104137
7e4434af31e24d89,0.39700481794215114
f300621a153040aa,0.09321328397290438
1ece5754b3a843b6,0.08815138749853166
7e5474b4bfe34e93,0.16053893546768896
154057e5e5214468,0.7198790354051178
12555d5548564f74,0.2903206080425402
05209553f58a4bca,0.08957156474235137
c55b2b3d5b6e4c11,0.6424799041899407
57fdff9670944eed,0.11180249806557856
11c274e5016d45fa,0.39076177938332973
470b9f98cf14408f,0.09231545501226905
81a0958695be445d,0.07807697692440788
fc31f824e2f14474,0.8445682716690771
c3ae86648b134cfe,0.20824231415160768
895abfcc1d0642c3,0.3761740718235243
9d79eb73afd547af,0.2022417386137744
6a5049f3bb034fc3,0.249590849718204
c47b2d7356ad4640,0.20604959130768974
33628e2758ac4db8,0.5185666756977185
8082e1a08d614029,0.29751081933630313
7f6a58d6741f4d8b,0.10039887154340116
538034c7d89b4a54,0.15875385953013446
22a2fe85d14f4670,0.2771902054770335
3d28b3797fb34491,0.05028735560294379
886d21da38c54878,0.2109556988860053
7bb4fb8fe25a4da8,0.16375228407852704
df9e2444ddf14240,0.19188047222892401
2e99d66aee594632,0.08386043191016626
44c103ab92b943eb,0.09524333719333301
ccb8547583484277,0.3017965260108443
fc8c1ab17f2b4d46,0.14649745723063456
08261eb4af9648d2,0.6607876822902468
d8592e8366d04631,0.17407599724358389
3626dd5b52d8412a,0.09841980895339986
44ab23a9914e4406,0.1008590489908896
490885e509a84966,0.13233768358248033
1c665aac5a9a4254,0.09799473838064153
57f73f730a624d6d,0.23363010828763917
ca5b5d675d4c4df1,0.11588961138704915
5f2dde4e1e8b4be4,0.10616262096569494
2409257c78a54545,0.08089713360224737
8cd5b670a73c43bf,0.202809094092647
66f99632d6ec40ff,0.49946539372886484
76d9dd77480d4246,0.1379591731976346
3d3dbb78a46d43c2,0.7507135885457527
8659e9cd7756447d,0.08957808989822813
585cc0c8bf3c4c68,0.2170583154799086
cc557b5434f54444,0.6087332588541597
f5b7eeab0d854ce4,0.10530403818206485
5f69eb5852f8436b,0.1514677415837288
3133f4ff9e0747f6,0.15968120456754126
1e7b34a7cdf045ce,0.2805833513121495
8cf651cbbe53405f,0.16284043757948827
1c6fe6eeb5a4488d,0.09279841278334046
586f280fb98f4bde,0.10092275989026403
4b9920a8fe8b4a13,0.15310824165565348
f43f4614efe64bc5,0.14049544615628523
249d6b5b6f644a2c,0.10163447109205685
ffe1724bccce4e6d,0.19548664156575093
2a7e5c1d8a4e4d80,0.20443269270656456
dbb581edec824172,0.8170379899469502
379016b99f2a4d48,0.1609270848857289
07e35d70540f478f,0.4782342519742164
6447706c1b4d490d,0.131890284210404
baa2d71b2a7f4915,0.09506390492699351
584460db71a84d00,0.18517889608357113
d9af5970826149e4,0.20947621296531538
fe3caf992604480a,0.7310987051008805
b2728775c861471b,0.10353230550519614
8258903277bb4f25,0.15552209415682774
aacf675ac4484629,0.14111957272267156
9ee961e8c3e444bb,0.16011950969183603
8ea93d431ad34fdf,0.3028501558418416
5edb4083b9c7407f,0.08299223386532814
fd58102ed0a5482c,0.1591958249701743
17b554cf9eab4370,0.13777882594607246
ddf25349bb3b474b,0.07308695111547833
20f2bb330cbb4df6,0.14988310620862597
490251bd74804be1,0.09634604162555156
7f8eb9b4bb5c4430,0.05912319763109475
5379b9a9fae64f49,0.10979517440853778
1ae179a8d56b4f4f,0.09761855152953984
f3455d6d5cd9408c,0.2810927152217821
55257fe174c64606,0.21253838714729562
72429b219c83429f,0.21667121723444127
a362d7a58e3e4bf2,0.24466555493854483
47343d91767e4328,0.15053464782671083
8395d8bd3a4045f8,0.5420521595001822
ea674ebfaade4013,0.09474032539652423
bf9259f91b6c48e3,0.20823379053537489
4ced425c3b8244d0,0.11498398783196678
69601824d50b4677,0.1565351561522421
c2f4378e619c48a6,0.13092472756716383
aaa709226442416c,0.3878056131552751
e830c97e78bb4e58,0.11667658441707317
3b4ab3810fbc4ac8,0.12062989042840415
cf1c42a25bea4cd1,0.4108896832601206
e232c06038f24642,0.13225865679879878
e57b53575ed44619,0.11967557015906165
570d2c02ae4043e1,0.0789319284615833
e57bc3168a6c42e4,0.0749484035018044
2e3dc18495fc4416,0.15909706005599628
1bc89cb7fc5d4bab,0.07361166991875659
8f329dd031354cd6,0.29211206632995473
e9fc1d96ac8546c6,0.11620238926988957
73d060eaa56946d6,0.06848677594413695
732862fb06364783,0.11020933010435188
65bbaea349914d4d,0.44852726458500775
7bbd6e4228f6422b,0.1268996015319392
1bcabff65987435d,0.08922786845103868
a0d2d72af12643ec,0.5916339008205619
a90acbda8621440c,0.11514166109450669
ab1d6cfc0a754529,0.15972943203965675
ddca2150ad2f49cc,0.1054250298724311
2f4cb46edfa24d4d,0.1057461631631394
6d209cde2c0f4ad4,0.09651620807113682
b3bd993783a74c77,0.17599660054142255
75b649df00624856,0.27748027467266156
b8142d9e3315456e,0.16301717878813815
26901c95d1324959,0.2203505812202506
d7c7048121db4206,0.16844013594752813
0ba03bf1711542e7,0.22699494042221116
600833181b154013,0.09654849763071106
76c1d573c929488e,0.4214052790566489
c307aff608044cf4,0.16418829571656524
64979ad230ad4590,0.13541844220755775
e5310522cd5e46d6,0.078239170654973
70bb24c93de44892,0.0908536275658491
c2bec3eec14f4bc1,0.30225888442440785
b32b785b0ece4485,0.24096188708563512
16b53a6c8ef14e08,0.25196908202627777
103c3b8000824adb,0.8544032269738688
59110f319b7d418c,0.2642073872231308
ea4dc24f169449fb,0.291056609395922
9b27da0bf18d4a59,0.08025989195173958
89ed692ee71b4912,0.2196108528268503
63963ae25e444d5e,0.09534283737260543
64e891155d6e49d6,0.09384882208099529
e91873c44bc549bd,0.19875427063601067
6b4480fcb5cf44bd,0.16518412562448154
71f525071aee4a99,0.11649763277539645
a8cf1d9a8d7d4fe2,0.3702397864998754
5a49e2ff5b8a4dd3,0.11509197381473689
aa4b1dab7a95457c,0.11273561230652965
750158e14a324ec7,0.11380656320311067
54eaa897ac3c4f41,0.1665609797785898
b2db6ceaa40c4a9e,0.09340508078085726
2ec32977169f4c4c,0.20727501743125964
89b3660a47bd4bfc,0.4169504014686647
c1c4391c251c4991,0.11380920878600508
f2f3c64125134e90,0.07611244155965792
d1b9f38324b94f99,0.10132584118475853
52e701dc71494406,0.10197141766256677
b2a0409fd6ab4b3b,0.34446203881069043
502356cacb71445d,0.08008842923929395
975ddb693f4547cc,0.10518721519471173
7b169e425c454367,0.6407768207626674
a63f260f0f164d43,0.09403735653910035
387e4fcf9bf844f1,0.14077903111493578
21341c68a5284314,0.16368058577652073
d44043eb5bd049cc,0.14195567401438358
046d3e0b1b4547f3,0.05700318669568646
48ecf2267db7454e,0.2284144014903314
3f1e4c3e47324fde,0.08023001958879274
b270167c89e246ca,0.5389059250916447
7cb253bc005e428e,0.07777842620727184
826be5b25f3e407f,0.17724400060119672
b6d20d5e6e1c4a01,0.0623850836868442
a0c35c3263744989,0.19330146990100738
dfb4726d5991491c,0.13454560909298133
c95a4b3282324dde,0.08933052721513127
b2db5fdc064142b5,0.3463616832076984
c280cb46725f4391,0.08785622804205467
e3f7e67cddae49e8,0.11321686059833627
79e2cc9689d5439a,0.19034148961643976
44f097879cbc4fa2,0.2252121602656689
20be9631ed324462,0.1052548592486406
3af83b328c9042ef,0.18641791681965852
ef7b98dfdc054334,0.11855479552399187
09b11a6f3ae24d34,0.27336482995985734
569c2ebf7ad843ac,0.11557324320121677
cad7648df04e49ab,0.4888966695020074
c9d3e8743e244c17,0.18971095565068286
3e5da30d2bf649c0,0.086346098128343
4f13710d34d84680,0.11832773663774744
7b7f4a80c0674c91,0.11001140338071057
d80682d7e6374715,0.18875333274077785
00daa88ad80b4c33,0.14824072737661065
3cacc24dc7db40c5,0.2135950709334628
86c11ee2da644a8c,0.12351226834833043
559262bb29e44ef3,0.09364100538677582
ea198fa51e254176,0.13803244012075086
144a9437f7a64c36,0.10159000293014032
dbdc702560084df2,0.13494700496733292
47b20607da5a4c9c,0.11229285430681
4137d15a38e14664,0.15565316072393115
fb221ffd687348c2,0.14341099605128876
c4ae213b621745ff,0.08593857467716569
55b2fdf77e2b4257,0.3231576901457341
e6204162c0fc41f3,0.0800245444150379
d831b350bc544fbf,0.27820680339072257
0de077a2e73b4409,0.0734281083916255
5fe1ff981c77470f,0.16021174325946838
6b280be7671643f4,0.13698374476715572
83928a5c705c44f8,0.055220471749236
04608d72e6354c4e,0.18421670203776866
04cc1e26c0f74207,0.23600322369793517
3624d2db47ac40b0,0.13574773176059535
7d3ba987e3d049fe,0.6116221631971978
71717a0caeee4227,0.1271718230126877
cd28dd6095b14813,0.0931322258905063
8ce6030cb6814aed,0.18454483699689744
dcfe855c62f84095,0.11584803224102581
1a105a0a0ced404d,0.12146778105018732
8428d06a845e4afe,0.23298949249767995
71ad16dfe38b4904,0.7886206958093533
6888b82a7b984b97,0.13140987922636535
38387d4575204446,0.12970252382292158
22a99ffd51a0499c,0.5437601896233498
508ad30f5fa8428a,0.26896857706429345
90af582da587498e,0.1364835589473004
e2f5db0471d44cf1,0.07368564568728264
f57dd5f40b4749f8,0.1604255196607531
91d1d3e4861b42cf,0.0966771835539046
ce6c9b7b7e53464a,0.1506612434448349
cfa34924d3ad4322,0.1747030772238054
624d8a59eea549ea,0.08893364953024858
ba62ff96591b4a56,0.1093957099896443
f176c49315034bcc,0.09156841820400331
28c6a76fbee84daf,0.12718798933363096
5130878aca414539,0.26663708085051524
b1eb54cb25464e29,0.12436103062367768
b13e9ce706684e4f,0.07282798246153817
7ba179d3e96a4ba8,0.07917212165757599
5cba9083529241a4,0.21246085322829533
fe0ff62bb603455a,0.3114746663096151
dcfb560b311d411c,0.4602872895618529
d572e1864536490e,0.5302764825726515
d3780f9c3f004e21,0.16365074651046435
ba78ff4564134bc3,0.15022846337153153
bfe1ebdd08c540f2,0.0728795868457076
d83b0b3769a544e1,0.5483177862913572
02b44cf153f64533,0.6470419500034305
ee6d260f69f143b0,0.11792458392297744
49ec75839877474a,0.7702083413724358
28f6dba469664ee5,0.08203811042953986
bb936768e4874b9c,0.1331904856481133
f4a1de39256046b3,0.1262159791945084
89d5baa78f584577,0.2699351228461184
f88b291cbfb240ea,0.13358425902500445
cb219f1b5fff4994,0.21962413965543554
4a5d6a33c8af472f,0.07797223672009909
4fe7eb45c9a04162,0.1317780214078359
1b7990e4d89e43d1,0.7177533203201681
ff4844752b25433c,0.12250886947650312
03a7b58696104107,0.09865274873831639
6172e20113334851,0.4760598678723145
751128421870450d,0.12544393107230542
b3549a8e666a42bf,0.1276470181172684
7a42df07584d47a4,0.16382045873708814
60edcd0bfc174587,0.15661513336379135
96a04be0ebfb45e0,0.08039002211166611
e708625e25564378,0.10563113173323228
9e9ad9252c44466c,0.08635348357852039
ff7dead4f40b4c45,0.13751614151941643
ef0c0aaf95264103,0.20320683982756954
ecb652e7548e41ce,0.14276478581798935
78c5da7d55e14cf9,0.14521276422152593
32687a0b8a94424c,0.0998180380498787
c07e9505892d45cd,0.8426081168504784
336bdec73009404c,0.13839909550555282
c9573d0362864691,0.11139482648466502
11bd411e607b4bcd,0.1651652686180271
a32329fdca864929,0.3888661515630676
76a55cf344854dbf,0.3613804689672687
19da75c7ef5544ab,0.2702695843724476
d59535b8cef048d1,0.6336892308087322
d6791acf1e694652,0.07701772672020311
733754d0d3774d51,0.1326095375046804
fce15ef1f83b48ca,0.12299144067254801
2a6864c6daf24f83,0.12705670975586147
22b93ec9917841ff,0.27168263600426656
acb3f2fd015a466f,0.17568011514867884
6f49b594b1e04d2a,0.0673328411407294
53d15f400e0d46cf,0.21705478330892533
afcf0b577a3e4caa,0.11825505407209044
66e7f4aa9ad244e2,0.21028328622740416
e72811c36f454440,0.6501322277418546
457842d6a868485b,0.08143298328742664
77b32fda43194a60,0.8374718171671443
ff25666c10264af3,0.100955504645369
95dae1604dc14b0f,0.6079988798559552
fc03c65d6c174b02,0.34698383538245414
01b5cc8ba60949a3,0.09637898237344257
4250f2507faa4174,0.869995791932493
405838aff23f4255,0.1609440236524624
112279cf0d2a4e60,0.6562824781123532
ef440a42934e41d7,0.739082766265702
22f537ae6edd432e,0.12735886124172324
f1ba6c11ca2b4df2,0.08520228775191631
2284aefd7b6548f3,0.10358841960324436
1cc8a61d1dca4f84,0.07717453823512982
6e6b1ac0dbad4ee9,0.06600806749058799
a1371205398846a3,0.12199432774044888
e9a23961d8c14035,0.09156947395679456
9a907c4ad07f4c05,0.27681340341329286
ea88530e0731441d,0.6997267661514214
6eb44ae973d14458,0.07502092317021067
d3eb8ad9e2b345a0,0.3927523810475636
5ff06c449168477d,0.09808548857253932
c29abce640054c9e,0.4226101132066679
cf19af4cb5074fe5,0.5086654907839572
d730bfdf112349e8,0.08794321565897315
b18dd6446b3f45e4,0.10279988053308584
09d65809a4944cea,0.08375992373642067
91d1c16d39804a03,0.10713321785637817
817f9c5d5a4a481d,0.8813803192897455
400257e406f642da,0.0702114045579788
d78f595280f94eb9,0.22626918449947547
2b7fdc7976cd4655,0.2820670274683979
667a17885d2b49f8,0.09840917091625222
68a1aa7a758044d0,0.20585366564935823
a37f3b59e9864cee,0.10445003378408982
7a4c32de469c4e87,0.12970513254349092
2fe7b1ff1ea3421b,0.21806871098699637
bd25a4daa3df4d58,0.19863543309298332
07e75fa45ee84f9b,0.13828374336090007
7c23bd25500040f2,0.11822056910294691
0e6308caff6e4e69,0.16802053473541986
d82cd9ab6ada49c2,0.2863844786932082
d9644824dc3c4435,0.11768456229196088
a09d3cf285394b94,0.08004713255221417
1b9c09413ac74323,0.16793174545264328
dc4f3379853d4830,0.10035322035482794
ad20217f924d49ff,0.15257662987862003
266bf4e0bf954fd4,0.330967657386584
e0c0b62612324f72,0.4446317739391328
ddc7126f3bf04d47,0.09847993315557803
de8980e748e44a73,0.12233753573462419
3955451c784e4837,0.23129196087784448
bee717aa7789462a,0.09709571098179033
eb91f85900734e88,0.1721897113824055
51a5c451835e4b4b,0.13181833320026995
daefb8ab2cd74493,0.1612385420631351
041cf846f48247c2,0.12981082316644676
2d1c831936c3406e,0.14492757172058052
6b9595f0285e41d4,0.10889259275322306
5476cb93717d4d42,0.07214686786074873
011c6892b3c74130,0.1426090436051575
b9f1959b7b304209,0.09709072080548692
05ac57b3315546b9,0.13686532003488125
e39918503f054396,0.08256293697963715
178a911947474685,0.10878674532335292
ccac71b8e04345af,0.11769091057020636
5fd8f7e810394f2f,0.07741952299136821
1fa60f30e9ec422a,0.1719994841582999
86b38291e7544c73,0.15469690243727713
3a14272d47b5484f,0.26856960960746984
bc7eeb9ad2f74713,0.12989487878134579
62be77e5776c45c6,0.19314174231789588
788ca89d82184c57,0.10330515047475945
ef311d84d25b4316,0.2769166808589131
7ab8680eb6414b02,0.2007594681866684
e3833e0baabd48e6,0.09589477717413673
156955fdcc5d49a1,0.12658417824887236
1979a93a2a2f43e5,0.09292587764727227
02fc7512c2044916,0.17568687051714907
9342ba18cc444104,0.1855487577647654
f0c6febafe39474c,0.15286861047413633
790504322c8149dc,0.30543847126199336
10a95118c5a94514,0.09691678491941326
4835ce0ac5dc4085,0.6733731939232258
894218ddcb28472e,0.13798487171932697
bd86a4487f0f4db6,0.15452102156615755
b4c9c8a49cea4fed,0.27933360315888206
8102c690faee4f62,0.15487125355799952
2384a963952c468c,0.10289561175889257
a42436068a4844ff,0.17214468718059228
f2f1638b050c4d19,0.07631882836959031
8d3d4742adfd44bf,0.3425442016074223
a91093bd689b4e45,0.08546384914480017
b597fe07bf0445c6,0.07185635494662143
36aae91fe50a4750,0.1353220093818721
dec3253213684090,0.1237411223583272
c7e19c249b154195,0.3201474764502388
4d02483784f04c0d,0.17433243169090476
87ffc0521aa64f89,0.7720152922163261
6f28eb47a1e54dbf,0.11715714382857408
b765c009e9b24f8b,0.1156789943926758
f490168e301845b8,0.3032612133597894
a7b0ec159fc44cdb,0.17594273266866406
d5d60decc3a84b76,0.3088198242836978
e76a08c3930b42f5,0.2592153783990637
8db53d7f6b4d4856,0.2411614690876195
bc89eaf1530945e9,0.4148467166425791
6f42fda1baf74ec7,0.12037172613203077
f3306b17abfd4da8,0.09058578926812823
735c6e3692384d70,0.08615897724630796
cc047fbfbc0545fe,0.583977939593219
8c740c7d69d046e6,0.29218672675740454
e56640232b87465a,0.42365325152311517
015074166cdb4cb7,0.25374322703222835
5c6f9a627e8b48a7,0.2659175758008475
b3420129e24b4082,0.15098604858655199
47595ccf31014808,0.19250754859237032
d402a75bb12c483e,0.10675179307921816
d2bb0f03fef74645,0.08075416498194923
a416065d8b76485f,0.07716438495253806
5ac78fdf35354e40,0.12806627434351694
0fb0c950575b4ac1,0.2761523833188127
681e4cafde784dbe,0.14550538774645802
8fa8cb29090f4081,0.40257918422037364
9d8aad09949742d4,0.1703302063410808
b255e0e85d2b4cf7,0.08495192652814389
3e2df0f2d95340c4,0.08343071358038537
f02be7effef347b5,0.19039717687450725
0bead18b836c46e8,0.4836052973827754
115d0c7f40a64556,0.10982097061916037
e965d7daa469414e,0.1120960685842445
54097a1b8802456c,0.49139665852365233
28eae2303bf5429d,0.24395959866728859
2898adff15854d26,0.1259948968779343
e5995d1db37b41ad,0.6361743235936589
4167f38e923b4f84,0.17871692528862948
acee4704b3434a8d,0.4346945794012736
fe918ebe483c41b2,0.1542146594071487
0f7b926855ae4a66,0.7478347571213293
7b8edcd95a6b49a7,0.0818854433524551
b74576cb0ea04230,0.14159263124909222
333bc48c1c444a6a,0.24553815967722398
80e3e6b3fb954481,0.09300220575095136
ab3fa65d9ad04949,0.09326389574761539
4f162369513342f5,0.09973629146155139
75246f26af1b4e4f,0.2576241568937214
c0f7de6ce6cf4ef4,0.10204782877620817
5da02927730e4a55,0.10091677074951225
1c9e6ebd52444cb9,0.08866841661829399
3c0afe3c48ec4573,0.07362834473466832
68d3d50f0f8f41ac,0.06848365012619871
89c3629fa8874f3a,0.10596422943079889
eee43ba11a9c4a04,0.5272243875580286
3ecbc45d2d3d4bd0,0.8900077132611505
e2b75350c55d4e3e,0.11283555410510472
b31146275a2147ff,0.08877758875454671
af7fcdd13d464690,0.10848468854927266
c34f768363ba4258,0.5698891384089658
9af524971b8f4a90,0.12131397242184194
1d5526e7fa7148a8,0.08982702095854868
86efbd37920f4510,0.21525305632861985
7ae65664949a4e07,0.20214117490200936
c48d59a1757b491f,0.11893771146291382
9fb69524e3ac4361,0.17488561926068893
0ad2de4449ed4ffe,0.35379460837138377
849cac66f2274fb2,0.41955787351762175
947f2b9e23144044,0.14149730241075445
6d36b0a4a3a34103,0.11395488024377395
d7a4c195ed3b4753,0.0731274046696191
8f4c8b622aaf4f09,0.18047234375932375
9a51fd78a07c466f,0.14840445305797656
69f5e81294f44af3,0.0991762855138793
c8f0e689194b4a44,0.5553663838186649
fb92dd0429e04497,0.874216385887661
851db3c739f84c40,0.11283583840958583
8c1b2b35573f466a,0.07015325754420235
4c78dd5e0a204a8a,0.08228660327445277
01beb4e6b94942f6,0.21231365694320706
5807a63e5c1a46fc,0.327272064183033
aeb3651a063c45a5,0.12721507951352753
12bb8279966445aa,0.12196937568693665
f7bd1d47e4054f30,0.08229452644869356
ba4b9d9c47b84844,0.19071796129354063
e20116bd7f7945b3,0.0851938343964123
e70d96172cff47e4,0.3154987619618184
a7defa61c4984502,0.11267991964358466
c77d0b7174c04728,0.23185767688182232
2ba2c721461c4bbe,0.20757036131742151
e30ccc239c884ad4,0.155675713887962
5ffd4de44d18472d,0.1265166022659665
21ed83ee1b444c1e,0.12166272137487545
ee9573c56e8e4100,0.14692761128634665
0dc2a0a2827e4936,0.09881632881275848
ad4c36bf95ba4977,0.6039102843464098
bcef4f83c77e4020,0.516176353442656
f67485e808dd4315,0.09786985537841779
91a412fd5ea14d8c,0.337093353754089
26e9596a7e9e4691,0.12466610139068336
a7e39a3dbd134b86,0.09802017269770749
52801c6361fb4151,0.0673893621998613
bc9c070ac7b14892,0.17108429118795335
f36c03151d584a41,0.10841700775293646
e4f61f2e98ff4cad,0.24066821456932094
f57d7b0646ab413d,0.10144483952994172
2a403034711543e3,0.0607520550378157
2a56566b86d244cc,0.13633812213503899
8854f2f2111d4dea,0.12729611124459425
652ddc29a0544979,0.11732706913925142
72f2c0d3843c417b,0.14189244612234422
ab129e993e5644a1,0.269913245219865
2032b61e5ad84d58,0.12033425885285143
92bc8b954da64492,0.10529398338574102
40b8ec6b7c04433c,0.1696644435408452
e87a719d6af74b13,0.15252074086195547
2b209abd85184544,0.1918283365245088
48635cf6169c4b03,0.10591100275643055
c5bea2aea5864363,0.23043342620335386
99b0a7b0e1634adf,0.1151948737814881
209c9334a3004ace,0.09975895061851336
0f7f304f49a646e6,0.16321621898407027
13e88a00b2a7473d,0.3821993283438873
3c3cd90e72424322,0.21181337784165755
6c34d832644c403a,0.10441391960681287
912e88b4addb4ca8,0.08430651961047442
7eecde013c644e87,0.11745728924453508
22bde733a775432b,0.17299980299137527
b146850b67004146,0.09182896122232294
996fda26791c490c,0.07081082245513615
be38114b432c43e4,0.11836762126063487
e66f15adcbcc42a4,0.09694480515635492
ad26e85704194764,0.3119323133363136
9d9f5fa961d64203,0.207423935632348
39b025173c89457d,0.16672244101684205
25bf2dda58e04f9c,0.1823948864216619
ce66702550654fc3,0.0776768877117325
d34189af73f24807,0.6291478781814462
90e7cb906ad1478a,0.34735212295517176
37c9d2a4eb724e92,0.07074066827272812
6eb235a6de414021,0.13450384113325314
ce53c65d064140f5,0.16860729918963752
1b9bc55715674abd,0.14454292585069192
56d17a74fab3416f,0.1120878785259377
054ac4774b414a57,0.12572152369103937
31ad0a8170be430b,0.08975315904614567
bcd7dbcecca142fa,0.09379363089199579
57e57633f2ab4c7c,0.2733613687954758
f7133f5fe6b8418b,0.14070002102214835
31ab8486442b43d0,0.06902104134490342
e2b8ee8de3f94412,0.1422123131361677
e910c75b1afc4baa,0.5201736601670309
869e7bb8fc4e4a9c,0.24508819717379537
d7cc77d24a6541bd,0.12344058117947633
dc24a75cbaa44e6c,0.28750489235637305
5daad2732a8f47a7,0.22687247449885042
e9b27feb115941ca,0.09238804344891148
f11b2c0d66764c5b,0.27772080060574594
4c6f916bab1343da,0.11576720626830853
0c32526e52854d5e,0.09456593129602
005752c7df264ba8,0.19271815520252766
e5bbe8460cbe4ad8,0.12207216321717054
2c224d3babfd4f11,0.31710610490696406
a95d0381f17f4a1e,0.15147035417810692
f27bea3b69634bf8,0.08611681087237108
11b0f6f5a57648e9,0.2853445823567896
abe3f394cb27489f,0.3046811245331411
02648a1b6dd041e1,0.741331765601008
725e99cb182c468b,0.17245846367106246
5d23bd1b07e144b2,0.15361904594577458
28b781bb4fc84296,0.17537582670111784
e6060eb3d94c4225,0.09204083477988514
6830795743ca4b12,0.3639201604375974
74f4f634a6dc4dea,0.2620250275867552
023f24762ef1404a,0.24003315311204926
1dd926c211d84e74,0.08958548064143489
20fe9360b4ee40d5,0.14610200009372204
5d7d25bba8a34068,0.6800439175954015
8fe305cef1104c93,0.28853235347002076
025728822fc2489c,0.1519577636722713
8f9ad49a0409494f,0.1747143392630199
08e2562ab81b4f87,0.10579438691235483
cf730d614a5a41a3,0.07527433561457378
2cc7e87d39f949f4,0.1964887299742763
fcc296ab4e02483b,0.10789618247356905
c3ca903db1f9478e,0.06440435230320225
96b06ac323494ef3,0.09482079909924052
3df0053a9c20475e,0.15550314135033835
1789e71ac5b440dc,0.08568955378341812
b37224eff8b1444c,0.1643257787949148
ad44079ae5cf44b0,0.11946815934740519
8f525814bf2f4d5a,0.09658787248492741
923f448127194f8a,0.11113095516098198
2ad00efd821b4ce0,0.09728083334025456
fc35564fb110409f,0.6228239158024229
ecefcfde3eb142bd,0.12750961738603225
d1d58cd3e31c4687,0.06356021978710076
732577df55fe4ca4,0.08335096594560498
d5cc65808d154c25,0.10136605425426655
8d3bc84e36064bc3,0.27027801297159854
cf77cdb50f024064,0.1985956211937904
51668856d7cb45c3,0.19171165513844873
03ccfec345554c3e,0.07998579868772088
fbc1c66a28ac4dd8,0.11246732803373999
c2b08f721b9946fa,0.16592612242692423
145dae7447704c21,0.09807629802050967
53ba3cc6d071445d,0.13789290424031336
64d3bbde2e0d48f4,0.12735772985531288
8a3a59960eeb4a92,0.14119209989488346
9934900a85b646a5,0.1798895588675218
dd5c573686804f8d,0.06424485243906919
91007dad6b984052,0.15945323519090635
42c1b54525344441,0.21104476050921375
79e3a85ea1204d29,0.07595556911773119
b5cfe7346fdd4fbf,0.24873251961160098
b24eaffc3a3b4547,0.10146276871470113
600648c83e5d482e,0.07246892323375287
c4bf5d95eadf4109,0.14796680430046466
926188a3ac614447,0.10759143574665672
f210cfdd52b640e3,0.0919960692266081
6cbfe62eddf14f9f,0.07911521143644948
b1fc97e81f3d47f4,0.06725168716497294
131c73fdccb84028,0.09445015126243259
7d98d2ef98944dd6,0.09141127887919041
024908b6643e48d0,0.17236195914466068
95e499a63e784c38,0.13172829477266773
d2f66672baf64ca3,0.11603880821569648
f3af5a804e2a4650,0.09524975003400576
bef5e0f5bc8d462f,0.08191633188480311
5432aa2e1df945a3,0.2797954934513788
6b853d2b3ceb44b5,0.1363644279517595
a5e49853ea5b4664,0.21315061140774508
91cf8f93e5cb42e8,0.36829823253703436
1a24129e17a040cf,0.4652195757621101
3edbfad82cd245dc,0.07791091466292213
940cb2f8ff1b482e,0.1501180718326658
75242a6329a9491a,0.26127292691730125
b104f41e9ee04c7d,0.07201408756045988
9b4831ec48c6473f,0.2322089403284111
512ca8fb2edd4b58,0.20991947927542856
39b5ef1c71a14f3a,0.18339696540619987
599c318787c942e7,0.20431269168125474
05451cbf06bc4d7d,0.13997408341944628
572f357580cf4ead,0.27029583741326674
178532864b5d40d4,0.23825175540029078
b3a5dbc78081443d,0.21952833920805237
e471a186de8a473b,0.30374392575564646
7e72bc8d370f4bcb,0.11364163359197457
6147f600f866446d,0.0879398351558376
d6f0f892a899461c,0.09678755060764159
b225f5b2232046ce,0.088235100819431
4ae4a332817847a9,0.07982589675324929
0066b8e15c99492a,0.1431412717729992
a60be624cc5b4629,0.12299128413048123
941f223a16434ffe,0.09111696073882126
cd2a6dee73a347c0,0.12060221881990274
f2e26b2f24364c4d,0.06374256567402348
1bb0306584b14cd0,0.1524503858828628
d581b4e0395e481a,0.09240497978138126
7fee0c99eb2b4bf7,0.08201840302850419
c3a734b220b24c3c,0.079607060444719
efb5a75ba75f456b,0.16687949243789496
f7a1594e22f04afa,0.11313405112961664
fa0242243131405e,0.27713400176596165
1fc5b3fdc2224d08,0.09131626134408284
964e58f42e924576,0.13445969701600408
0f4b3130549a4f36,0.7861291855935215
bb78290409c94067,0.24843919984232585
b12b919a97a94803,0.5645654914884138
a35fe54d01da42e9,0.5713922511119407
17193a3503f34c19,0.23017293773026393
5cb7dfec7446419d,0.6565384774497932
dd51a8e3d2504b33,0.095195927648361
aa0f6f80bdd246ff,0.10235946154199889
4fc8e502504c4936,0.1939031753938328
78d70dea2546435b,0.12597749268608893
2fefef906bca43de,0.09717421279781008
798ca5a0935d452b,0.09726664617183493
012a2a34fd94439f,0.10878531549121304
2f39df9a16d147b6,0.07373727846381779
e4ad9a4a3f9643ac,0.18389524620882794
5d77643336794212,0.1649055011422715
36adaf6d219647aa,0.1617208916348392
0e5b9cc828c54f75,0.07600273784013045
9ea1faf44ae9426f,0.17944116531032495
b530a0b7ef99420e,0.09171718995442502
778ef72dde594a77,0.24007405265950746
6f682ad47c03409d,0.1764660641696711
329cbf63952c4515,0.13035244591055614
fca618f6d7c74731,0.10645762900717391
1ec8cc2b0d08447b,0.1462936634943823
0252d64bbb524914,0.11966659294333312
1dfc9170afc94a8f,0.2006091959147958
0f5b8a4bf868445f,0.5742928241457468
7f7a4dfe62e44ef9,0.47460951866344375
144b0b9d24454720,0.21105254183943994
8c87a4cc779f4c4e,0.11196056002925214
a7d30092181a4f48,0.10724722645407016
82743bdc109d4370,0.11178402362016263
b2f03c350d5740bf,0.1412251625338009
0b46674930e1436f,0.12743859727581835
0afd4ce584124d9a,0.15732716386017107
28d76985cabd4e2e,0.2659228634002646
56439c75756b442e,0.08122326680984872
b794f2fe9b6a41a9,0.11392107485593622
bf27b17ec2c04116,0.1502655340328386
7355b9b70f4c4085,0.1808097816054149
a0f338c30baf40cf,0.23289341863856902
98294a81e58a4868,0.12348421777555178
3bd2c7ec4afd43f6,0.17982906946078436
d1852ce4ad8047d4,0.09871796380364058
8bbfa5ee98844b47,0.11017763674998118
721acaac9a65496a,0.082630412800081
ac4dd530640046b7,0.17024702852944248
e721ff2dcb6348af,0.09959724245450895
9bf5e653da8240b7,0.19607673709022144
2ee8d87d7dc64257,0.27121878703759916
3e7d4a79f92c4a19,0.09283955151479846
a1346b20f56f4f79,0.13078990864646228
dfe8794256114ee7,0.12382274358356792
045148b7aed04c7e,0.37092167130138975
ee79e3c0f34d41ca,0.09547025994452789
21f12f7607124eb2,0.10417057040077668
90ec7a84b08844ed,0.1431186681865588
f2a9ba4a79024df1,0.18016676110259874
bc80f8c4486d4e8a,0.09522650156320639
b8f01ce118a94e3c,0.1040659214888452
e7053166a7a04723,0.25494599649486904
2e6ebf52283642e3,0.0983401943097324
0fb5a9d969d14f71,0.12169593366403997
49f50b71424a4503,0.266633560752302
b91b0402a507462a,0.07553595947307333
a42e340d1baa46d8,0.0956688594277844
03dddb9a19084100,0.07871245612020474
1b1f1302df844ace,0.6529589952258822
bd1fec87d77a49d7,0.08645360737261258
6bc7443b82ab427f,0.8205232008180795
5371a715cc5e4975,0.46037347710599125
0da9bd8e392145b1,0.10249526207738308
fb7dc892a46a4138,0.17966492323898928
32a2cd3810ef4484,0.09042394632302822
d73b847e98284d91,0.23580901979542684
d5766c00084f4fd1,0.1177497350389026
81ad75396e8d4419,0.28849111419631723
361aabb91f9c492d,0.2668556118402044
b532e43ebd244fe0,0.11689114812195148
1722dc65984f4262,0.5605031509442526
831a2ebf7ad54fce,0.12743859727581835
9d8eaf142b2d4895,0.09738093354480791
beb58e3d78704a0d,0.44581931646744494
a7349eb4794645fd,0.1233155620134438
85379f8eef2a4964,0.32526374155437787
0b8f8a04a5de4c06,0.10373903306855714
48f745d3d19a4833,0.13391730024094323
c7ad3779e9094fbb,0.11218820489613622
4424547b8c2f4f39,0.3793503440347807
6d56a1b80d2c40fe,0.10223109292585167
e5263096abcc4cdf,0.2277120192433453
3fcb9d715a0c4cf6,0.13741153385334504
4923dc447c684688,0.08733021890603805
db77617c238942fa,0.09925700107508992
24567ff185c748a2,0.31793424911707285
57658e8470304cf4,0.11852802678640298
5c9588645b6b445e,0.16804543640803832
ac0b9cae3e3848fa,0.2342472338992771
17c66664c9594d48,0.111260084106274
73efb3552b944b7d,0.12594752589805613
fc6b5647b99d4d8f,0.09418108746412338
69bdd9c93a8f4d56,0.5033273979401504
226be0e032bb4523,0.09316083366970244
8dd174db11c54796,0.11585333320622401
51ae0d3d9cde4d61,0.08424948275294798
42aa28d7d7254753,0.13377774749392557
b55e7cce3d4a4568,0.10781725062207403
05fc047a94984e3d,0.16927697790002139
0a93be2ca4b44e1d,0.3391676117855381
6ea93ae0fa764220,0.09109672172368145
d7126dfeb7454490,0.553991313901559
41c3f60f1fd343ce,0.27369358583772696
8e03e22b8a324319,0.14938954138537788
c926dbd2914d48fc,0.18250983881127417
cd0727f6ee254fe7,0.14676421865450612
5c71028300f24bdc,0.4590212737817534
bcfe9ef39baf419e,0.1779781403902541
a82a673f615344e6,0.29218323300298404
32a033f628ff49cf,0.2220995953370758
2f04dd0beabf4e64,0.08108370382861507
ea2adc02313c47f3,0.07502137918881488
062c415813d249e7,0.11977193714637027
4a32a7ea7b7541a6,0.17180220449564243
75ee52ff95db4fcb,0.15371110868584836
ff1a40afa39a4fae,0.21843818512961244
f55ebe7fdea74fad,0.10319576757281483
a56cb1c5139441a7,0.807470314671538
0e05b6efe8bf4bac,0.07831948078904355
930323f19e904233,0.17512090260285879
619849892f684d89,0.17941086339417184
627c6e04d3554b11,0.07770889699056271
340893a1ea09447e,0.07390716489497985
235e0937028045dc,0.13434045843157869
26f295ed7b614312,0.11653203369930495
5b9386794ebd4c4a,0.6019186322653243
4c4dee4a75fa4f6d,0.10802381423092762
77d5c213b6a344a1,0.08022395069889081
e2678416667e480d,0.06479894586638117
2e2b18dde0974a25,0.17351026232246214
2444a48393684200,0.4868965502550991
fb9da22b74d1419d,0.11795778008180476
673f887efadc4603,0.0945253968517094
3aa6e51e9fb646c7,0.1400242634470203
127d5ef04e9341fe,0.11322102765980827
08f486924d264357,0.47155233563217086
8fa67bffe0d54126,0.19231588437597738
1802d4d8de714db0,0.13082062256954588
e4cee335088348df,0.08297426841519182
dd91d78383494d11,0.1470011200011185
0f9da2ddabdc4a64,0.17237738573451072
4c2f26ea206a41e4,0.07149399259956418
f2b35713d56f47e4,0.13004754040682937
58b071bac041495a,0.13046899496887762
c63d441ba4914cd2,0.10959616707356296
8cbf34c230bc4d5b,0.202757782982101
e54efa9057b4497a,0.12328938683103502
c97c764be8e34854,0.109439875705789
6e3ddb22aedc49c5,0.17839035835394498
a48fd445c9f44231,0.14945427546572637
25c4b27ab02c4ddb,0.09917918732577785
d4fc95c476a843a6,0.08663720483482175
bcc51a0f35624b6c,0.06890380581889151
d7d3bfc61c3349a4,0.1529333917142059
cea7996bf5174202,0.10782611260906347
e46adbe24b4d4fa0,0.1774307360857217
edd74bbe1446439c,0.09821560170106496
ab5d3cc885294fd4,0.6575755709373104
c8704191b6134e48,0.33851455479103265
80b2746fb8e54429,0.17782553917905428
2f417b531f264676,0.14549940175447132
8c5ec433f7824a8a,0.14559946468694032
283044ac9a464da9,0.10127653770435932
56fa68d3aa794a43,0.08290060029383695
ac9d2062c2924d02,0.17332232885937654
9e97e97538cf4437,0.46632446186153537
6845ac7acdb84919,0.12261679941906918
90fe28992a7d4715,0.1307576526300566
e1cc32fda31c4d4f,0.15390270182494678
2cf629fb394040a6,0.4264523733957876
4ba190ddf0d74a64,0.17291472817683204
295bd53a5d9b463f,0.5534009124483377
ea3c772e10134799,0.23470992609906016
f89f39fafcd148e6,0.1402900364402474
2cfd7dbbde86481f,0.152949843944075
b4713c697d6f44ce,0.2872947230176419
fc385981e218478b,0.5064557943041211
1a717188ddce4eaa,0.1846914979843338
6b22c1b7c26f46af,0.08773976392634417
dd9a2c30a043404a,0.18219389922757256
a33e66cfdda040e4,0.16761257002368046
a1884fc2ed5941f0,0.09794296295815008
486cbc5a7e9e4bbf,0.2572313781640359
525ad655d94e422e,0.17041092676289843
3ea21a1524514e59,0.07427891723838648
01be3c4a70b7430d,0.10377779932935396
d0ab9926b9134e6b,0.30340497048986836
e6ac0a16ffa74402,0.20371406291295174
0ec6f8f3e1394584,0.11473092362670761
c4e172af363b457d,0.1920265217323643
8351def4a72541d9,0.12066596037532501
c632763f6f914413,0.11440224451020888
c11aeec27a9e47c4,0.12455375634951708
c519ca9af4b84828,0.14698000216076895
7bc44a5fe7bd4c86,0.2569278213377109
4ff6a12e969645c9,0.09038686737962369
3bfbfde626014a2a,0.8446772564217148
a33f0fe5ee034e1a,0.15574597858994405
b5ffe897e9c94400,0.1066336578006904
462cb4f1f6ee43bf,0.10966164905310588
4006935e99cf48b4,0.194235155852227
38c1f648ef07418f,0.106583321251853
65147f1162674ecc,0.13447727522401134
b896c02273dc46f0,0.33613925888610935
d2ae8bd9c0d742d9,0.12912396274981192
d6820f3610154573,0.08083290842252994
bbb5c535adc44ab7,0.10407726622627626
cee8b03b5c2446f7,0.2500162116525159
4ab57fff33d14a91,0.20113201069818643
2afc0093de1a46b4,0.24835843660815698
75675e624cc44929,0.17527994403044667
0b0c44b43d3f4774,0.0890603189136681
7e3f6bf8e35c44ca,0.222795922928939
b69ba4eee91f4caa,0.23314395687044753
a166d851530848d2,0.12715886475076713
5ac115911a024e5e,0.6024837422866824
807c522f44134ed3,0.1205103546667301
c4d4f762b3d2476e,0.47304627801956445
19522ae095444fd8,0.13981210374866757
38351301182742d8,0.07267382913041452
e8a90c72488c4641,0.41151379605579536
599e8b6572ae447b,0.24235544650171162
51c9d9a6142c4468,0.4257340759924532
4255b5bc2b014ddf,0.14592836373638354
72311cfda1d84186,0.10609028079939342
988f23204d444465,0.0839871432815683
1d88984a085545f5,0.22594631114336286
796812bb55324346,0.17763719878192455
21d2523c18984770,0.14529744324868069
fa30a0d16aee4403,0.2996236622357031
1a593a16f2f84388,0.11727905260006108
25f71e6ed2354747,0.3930223593273696
975516efdac449a6,0.08932638193443088
e0deec7440f944e3,0.09979737129015581
899771e90e844b71,0.14274784210963404
214337db73674c69,0.09516656684077884
7208f89b619b49ec,0.40169405853408485
e16e393965f44381,0.13836321806662946
27fd77196ad04ee2,0.20599224266242827
ce5c1b96863e4d54,0.11517179661900255
7c6d5587e437433a,0.10849945217031598
61dee24f90b64caa,0.11065174907390471
0c77c9353c76404d,0.12919713338185757
0507bacea7ab4361,0.15063018101148318
8e8fd848945f4589,0.2329137846254237
933ef871f3884806,0.13486908770524786
9856152680f34809,0.21877417273970462
2184c4f54b5844fa,0.2300872480996675
9f990796fb7a4c4f,0.18567688884177627
21b4c0d76bf84b67,0.20740534356186094
efe61fa82bc843c0,0.1833932193398197
f863a7e46a1740f5,0.13104556908416035
ce6b7c471167457b,0.1023843495228983
76ea85bdff2e439a,0.10530705022078073
382e7fb8a31946c1,0.12554281059680641
013c70ecc5a64e03,0.2252094474958986
32a75ab7a4fc4fc4,0.5336517241443507
885ae80bedd548a1,0.14983663849069065
e6687c8efdc04b5f,0.10392758338806767
fba6c51a23c74387,0.10992565611902382
d96debefceae4439,0.14140038044919886
4f7f957205ff48ec,0.06654017149028334
988835c4d78e4d35,0.07578409720386639
4a59de1a4dfa447b,0.11232234934095536
e845ac1c8dcc4b94,0.10661670856758326
b5e303d7c5944745,0.10837991830643928
18988931d41143f2,0.2102684050769005
e34d0a75ac5b4c7d,0.4337587733482698
dfd28245e99a4dee,0.1256657122680767
3f8b3e3f7f834e6f,0.10339416057810218
445387da3d024f72,0.08949166741456963
eba627fc31944587,0.20378165343425803
87748bb39dea44ac,0.09052520503921503
6274b3068b194c9a,0.10369306056952148
c6361a1c76a0442f,0.20374291371876188
ffcd7cbdbb644b86,0.11884652727478645
b10e66c2ddb441c6,0.1752208945899974
e09583bc601d41a6,0.09651892134239655
dcf6283847294cfc,0.15111569322694476
df99ef9567654fd5,0.0894864853232144
16a2704bbef7479d,0.1283695901644647
b3d34dc4d67b4631,0.10132240955787715
89775aa7299044e1,0.19642525818291875
cfa6c97a56104ed9,0.5015598990102129
e109353b28744f0d,0.44747705643555835
e522721cb7ad44bd,0.20102974122333966
c1038af6e7324c71,0.13090528420445566
daa1f97ee62a4412,0.16069001109036365
5e8e56e4ab5f43c5,0.11673784966258466
c1e528f92e48463f,0.4239515356737212
805a8abb22b94d37,0.09287886690564334
ac65b62d34454ad6,0.09701362970890678
c2ab095a8133469d,0.5263862536265075
e2a9c7babe5c498a,0.2938338506493839
0d6060dc064f4b09,0.07599905439820334
57be2be1476d47bf,0.6490107982829623
ecf9e73c4ff04466,0.0727797124519901
c1583e9598fe4384,0.2617512924587887
e8824cd4829c4a38,0.23823748986337714
65c19b23c1a047e2,0.13699939056723476
c85cb40bdf3d4735,0.16718130777118864
b3d25635f5aa4ffa,0.08033237706768513
a757f67fe91b4cd5,0.5267079931944175
6e55a5cd3c7a4099,0.09769370212189224
12d70766024f4cf4,0.6515013777132718
5d36a627d7d54a45,0.07937237734979936
dec150cf9ddf47e6,0.08977196154105573
d32be8d325ad4039,0.10836876327301087
eeeb09032a8e49d6,0.1087448394492223
a123877554034bab,0.05744866514914755
858dc5ab004b4814,0.10033106536888951
47f5b13e8e9143a8,0.08843644600256752
fcb3e5db48364079,0.08646257092866896
a15bb67f60de45fc,0.14568488807384175
008347231fcb45b6,0.5601060242124181
69e1575851f34de6,0.11420541034679284
08412b2bc6b44d7b,0.09071293647476195
dd052097363f43d7,0.39125114487955237
6dc1ba964f2642f3,0.8128744038396424
eef0b3107ebd4ceb,0.35470836243046516
be916560c0fb4b52,0.10533088652755793
0a1858b06fea4e07,0.10161459078375892
ddbb5416d68f4c19,0.07909680181809499
ae706f9c745943f3,0.1006157646430268
efa95c621e9b46fc,0.15193726593279167
030ebd9508ac4650,0.19930960135064799
df5568bfc1d64f67,0.25901477383959537
c190461968474833,0.10930074890989439
c8c0e4727d814c7f,0.5846782256753763
a01ca1cd976c4d21,0.3007914990223938
07c0e3e47a1e403b,0.06756222702550566
c893073f747142c8,0.3424612751878245
f3c08e5d75ea4a60,0.3873594883075871
c176ce9b9d2b420f,0.1777751560099728
985d1c65bdab434b,0.13485956755099404
aff385f5223e4ff7,0.27343027132573783
db7b4eaee9ad4ea6,0.14697455623193453
2efd8993c48f4c9f,0.18100058418638001
2f853a18ffec4ca0,0.15858739814174957
7922914c6b2841a7,0.3838343465072128
74efb1cc57ec4aa7,0.0781711827800558
66f91010bc244a0d,0.36238227288028585
086535b2e4c14e28,0.3125109837251837
4b283070784a4e91,0.12244671286948923
5abdc075635142f8,0.3564511215184909
fcd1d4ca0d20413b,0.1980295881801141
4be8ccbf9d444156,0.08378220515876166
e8508c8b046f4e41,0.20063761557867754
8e435ce3bece4ef6,0.26179710140263684
a260b3f4575d4456,0.8370798880536839
77989dcd02db4110,0.34711605700165504
485eb4bfd51a4c9e,0.11218463047334079
e1019e2542ad4f9f,0.09758197075426854
ac5ea0cc5a2342d0,0.13646215382040133
0acc9e78df4a4222,0.7034108332808959
2f11600248b84d79,0.15247733247646472
1a24e4b215804b29,0.4642216612279531
7e10389225bf4f28,0.8231617847475523
cd436a675bc644c6,0.3333481536281273
807bb3135a8444c5,0.7857849088790249
62753f55b3d04493,0.9215354619195939
9468d9d0f3274742,0.157622825184973
ff12b2d1f61b4d7b,0.2882929133039651
81fe18c4dd1844f7,0.1554327171283677
b8dee5d3c536469f,0.08024298924139865
2b4abb90e800434b,0.11147988925082514
8806e61f9e924b5e,0.11859894370296649
c4f5d470ae9349ae,0.08736280131460332
1f16dd2707014a8f,0.08359277618588137
f7648d7fa4a04be8,0.24551134059467952
b92bbbbdb1334c15,0.09157161829010427
dfbca34b128f435a,0.12997106277698547
0ce04c3e45c64296,0.10121617249685834
726843454c8d437d,0.08800294233954496
2d81f0bdfe634876,0.12285732863745981
751159e3f16d48c2,0.1286637801640067
8625ef4379014685,0.09265599068782626
e84ab8512f3347cc,0.07308665521258703
7f025bbd25674e20,0.10960977231899931
5f3d9424788a4da9,0.0918293122629426
0b62edf611f74c87,0.4663836861706655
e3a83fa7163f4f1b,0.7395852752899182
9c1395e01ac849c5,0.10265709649986461
468274b532dc4d5c,0.1760218765329249
e0655fec08c34bdd,0.08652741943857621
e737129092fb4f72,0.13653148399712048
faa78017ae8d4fca,0.09719172774008243
5c25943a43764c59,0.16972736410524156
8f2fd5c45fae48a5,0.5442469397467078
bece291b75d94523,0.14999513570250672
629724b3f27b42ae,0.12709598865857563
6689430a7f0e4ea4,0.10228227255666301
ba92c362be864a20,0.1510664213550323
12fb3ab0f5b043b5,0.27695945771285774
3474ecc47dff426e,0.15670523862663327
905af6d98a8646b8,0.2833297525206925
9a19a0c5e4224cfb,0.08564828882011781
b22ab5ed24ea4776,0.13582976942879496
8407d3117c894d14,0.11435629445966708
e98380072bb14ae9,0.12350968342029618
1783c86c857a472c,0.1453375855560383
7952281594434d03,0.0938489868291467
9322f4266d9844a8,0.2611754774037083
f41b99f8e4704496,0.11396264894616495
aaef700887de4308,0.08671336683964136
27e3f85224f548b9,0.7440169880658458
f360857fc8ef40f5,0.7044331374760808
8b75b15addb04936,0.43608834577130046
7272140f393d4586,0.0680919877529977
0ef50d4f65704243,0.11258209892260373
e17d52b415cf41df,0.1890520182510546
43fc5e98e6d644cd,0.12878623598865496
96051d9023b346c0,0.16805116539184212
85137766b56f4603,0.45246425362101306
22a23a28eb524052,0.21586611005776976
cb31cff3d688455c,0.09554405889516339
956c7933c1c64ee1,0.10468414509733225
731b1b2eafa143c3,0.15322581639517946
9b0f5e70b461439c,0.1023721399460081
8be73e8bd191443d,0.12149087484063155
39deeef84f5f4a3a,0.2397192169756345
675a44adf6b44458,0.15562342383896993
8b33053abb9f4d48,0.8176044699542481
480ca28cbb9f4845,0.0699380842390147
9a394e491f414ce0,0.06501297124822514
65383dac68174cf4,0.16739158481329394
e8a85a48eb144013,0.28440076591263175
fa8539ce92214f1c,0.2109554595206903
131cccce4ee34d09,0.4659365503275033
d68ce3b88c7145fa,0.1506196274140543
e4bfd9681b414355,0.33366345744430026
dc225751410a429c,0.5696890704141508
34ea062a849b4220,0.0977820593217983
447f2dc7deb94b47,0.10266481606212718
a7fc3b27628e4a14,0.25441525886432476
70db2e5a33054b81,0.13654384304077963
2bb72839608d4fde,0.10267272803595832
29eaf0cc617b483c,0.5853045577262983
72cbaae7d1884242,0.08880092967013878
0a92c56f26d14509,0.07874739730607097
267549a4764843f3,0.11935009110284976
80ce2000a65c450b,0.1704503606098028
d706562d97d24c8c,0.7799161835204533
454ec569101e41f9,0.09546502428061385
510bdba6dfab48f9,0.0698256276925695
f3f8909f7e284738,0.16736264493172617
22ed9c92d67041b8,0.3753815666029431
dee2c5a813b84e73,0.12156421172662811
e700ec4c8bae497d,0.09553207237472199
d1c72ddb09a44c7a,0.07743254891362177
93ad083387a64947,0.18122231785750612
e0917ad680b04c83,0.1017468198340281
c97c6877a96f4fff,0.3000976864209393
d0bfa360cdba4495,0.11319330969665355
a4f56828e8e945ac,0.30149025906706584
82bf453e37254562,0.1096391238489952
dc4000bee9dd4449,0.27111751306337983
3997823dc1e04ac4,0.11758369206327825
eee9519304874e5d,0.16339109220405967
9d3951927b504707,0.13112459440710403
ea00dc20a49142c2,0.42782225367802634
9ce58b25256446b6,0.10105720386937134
2d16cc500f8a49d0,0.1374443467345508
b00430f66cd74bfc,0.1052422759554493
1cef93798497446d,0.1859879294092523
147d6bf1e4c34502,0.13121888914655203
009bb9bded37477e,0.11559734092062161
fb91192ac7264eb1,0.08141365579748064
e99eeb8edc184160,0.09246685523105592
9b57cac8bd674af2,0.290627002297869
93f89ed88a184fac,0.16989592014954324
12a76ef5bf404af8,0.37975297224506793
d40180758a5141b3,0.13382230322427463
db6c484e7d4c4068,0.8031946110929209
71c36eda951e4f5c,0.09849304509087313
1c80953690ff47cb,0.10868468707726567
ce200b7e677347f5,0.3572629879039038
84c2ed2d1bf74014,0.18615163235572255
20fb87da7f284ef5,0.13580537976142987
66cfecf90f98469c,0.26486032028847367
dc0b33b9c0534d26,0.08693131844121384
6e67791a279d4959,0.098289150080306
ba0ed45dc3f74489,0.09152035061453385
e80d66fb3d0545ac,0.21351130542452224
7d52671fa7b640ee,0.09315860240352637
1238dfd2412041ca,0.28577167403346265
c187f06c92674d2f,0.060677947577829926
13e9bd4c019b4d07,0.09223012608770784
944624a012e04d37,0.15776856944123127
5204ca80c2d2415b,0.13942804442692372
cde4d3f36fb24b1b,0.12776978333707675
f5e479e02e6e409d,0.7971788717530487
5a4b2a77fd8143fe,0.1381767924734305
34aaf2d90447432a,0.3757375644080752
1796f5ae1d41459c,0.08917720697719263
0923d1813b1247d2,0.08105731512488333
702d2c02e20846a1,0.44159229125407534
af24889dc8fd44ee,0.2297396170873371
d6875df07c6e4aba,0.12520359662927452
844ec892f0374fe0,0.12355311762840379
9d244aea7c2249fa,0.08689474936051447
667a1d5c03794b03,0.07585455462426187
13f9dd27ff4b4640,0.0986167700029686
1e78b7fe30ce4871,0.34614090418924376
d4bf853e88ea4fc3,0.08666611331099279
64121cfd62864d48,0.09498807756771331
61fcc012e92d402d,0.4713136016819039
9888e79a913d4adb,0.10251092693361577
d487a221fbf54b11,0.09620462216188673
640b7d6ed0f04cf5,0.0770521637313234
870fd856830840c4,0.10255174850867335
31325c140f3546c1,0.1413248326213396
565ef9fe11ab4c25,0.13241548262827565
9abdf177d8c84589,0.22862214646507967
1879b9e5aac74b96,0.5731233278186411
4d8ee239d8a64786,0.10130736175462558
29bef32626a04b58,0.1834069058496195
198564090e3c4f7f,0.1619288770513705
b889cffd67214592,0.2427534036174134
7f0ab646f57442c9,0.17054502600000965
7d9164a6249345f6,0.17250926547287748
49d9d30072354279,0.17675511728408452
0fba6750bf4541d7,0.207152139668912
998e8b6473ff4d65,0.09300182752545712
fb45df41f692479d,0.15089351752613567
a0a65fea02ee45f8,0.10541870370427271
ec5a28fe844e45f0,0.19371500782870965
93c9139a8ab94ed9,0.12959184244378974
491c4c552a9d4abf,0.09414948849825555
ffaf7665fd5d4ea9,0.08220091535873092
73ff345eaad7457a,0.13034911778263594
ec82f237fc95486c,0.13209958669598215
6c8e9b50307547d6,0.11612704836886738
4b5cdda93b2e43df,0.13923847608811968
c4551ebb56484098,0.2655471195138312
66d3c605e90b4868,0.1407699768021989
28ea0f5a77414401,0.08314570119604417
3f92e071aee14af3,0.08021014063922845
e8015b83c36f446b,0.08370411706332835
260055bb1af04f1b,0.355350826098635
971225ed7266479d,0.17502057845687186
d0ab5a9b4e2f499e,0.12716262711046036
1912b5bc946b4093,0.0933624541000627
c760b9d89f484543,0.21429029577873968
bf2003747a6147d3,0.5261896669025036
b068f682d68f4b45,0.14608428053869166
cf22ccf41a714814,0.2597783773445218
d9366480bd19430b,0.07515174165812531
97c8239acff74884,0.18483641772858259
4fbc6bd8feb441e9,0.16469715769425505
faa3d9191e1245bd,0.3492735616260004
1becda0d9e6346be,0.11861970979362062
4fb1e8f79d9b437d,0.5756678859311543
9e9c9dc088704288,0.3204788593983577
34b5083c7bec445a,0.16478115145505448
99ba3242f6964d68,0.12996323793680115
5da3046b710e4596,0.0749716745074334
74a18a6424394990,0.09077436781340224
b305520180bd4f99,0.0728667691252876
c986fa93a4c84cfb,0.11750327010322946
251c526a8f8a46ae,0.6662593086409384
95dcdf1f780a46ea,0.1655072927802083
ede9f702c51f4595,0.3593566697666718
125ab7d841fa4d66,0.23121016488214774
04f5f388a85e4c2f,0.39844560639273546
0a698c215123492f,0.11749198148628268
bc6828a9dba54cfb,0.09893136242863744
cb8b26e691b741c3,0.10252635207849005
608252b46df84231,0.10950230403453073
f0a7c46d4c5b4af8,0.11320996458804959
23faebe108844f57,0.18826424085246093
856342e470484383,0.07827867083575069
384643bcd09e4f1a,0.2789840048837614
9eda467101d640ec,0.218921499047663
8425e68be6e546cd,0.13444031760867586
748c2e4190344831,0.23526850002324884
45c5cec96591411e,0.1848071568133091
0b80eecf452e415e,0.1348808514165026
376ff70ca7d645b7,0.12543987164352377
ae2feab275dc4300,0.7425009246607753
875f9b31a4d8440c,0.12528600162246606
62edb4e5bb9c43f1,0.13711973692526552
7f3cc6615c734f46,0.23093798556305908
4a445225c2c64f1d,0.13039573283058084
2ea07c08478941c8,0.13368221757299437
c41c0d60d9474beb,0.257931896581812
4078ad2bf2ec4202,0.10824244792742362
ba516ea057704e72,0.130865595919097
0b5f74becdf54584,0.09890519531935028
585db1f299024f7e,0.11268802222400758
e7c0f1c406af439f,0.41104928386541256
73f60245d0054669,0.16007198733890324
c434c2a3c31e47fa,0.15555259019781506
a8a74b6216274c75,0.3215254098805991
651c75a30a124c45,0.6853118940455332
0a85fc6d61ca42e6,0.14384843679584292
3db104b9b4814855,0.11049450232316234
7d323917b2f34099,0.10062009384958698
0dac60516d824b85,0.1252628743952237
12bbdc9eea91495b,0.08386208490931557
c08881e9ddf3491d,0.3659597004789525
898df84bb3d944ae,0.30129243484281765
519f39ac79e34329,0.08297306511242124
735194b21328484d,0.133915614661517
467207e0785e4b3b,0.16203784822338121
583f1fe2a62e4acb,0.2217768294734656
cd6f4f4d9f2c4711,0.20731034031724116
634a9c332d034408,0.10329681465254231
2b68686510354bc3,0.22897842220197617
580e9f302db74490,0.0487878004418017
9eb2267c7356448f,0.08812695701609782
0ed0adc015914244,0.10934351733132894
4c21fbaed83a44af,0.4005967428214603
09b5527294d54431,0.3876814312383804
e9a000915b784bed,0.11568046666600898
9aa0dc4e295944d6,0.15695264062634237
997322dab827490c,0.12003226349288613
8c9a836f4bc34212,0.11366307648289796
7d9b0bd9d6e74b2a,0.0845027978384741
45c607d124f84d71,0.09268093274721119
3c4a6dc5234342a7,0.17668224975102276
a5fedd7c0a064f69,0.49749036284319975
d5dd632226c6478d,0.23045948919509224
af187cb942864dd0,0.2349305329980234
c6f91c87e5974fcb,0.16777347056559633
2647f87299f3432e,0.08710667456980309
9a46826631974e12,0.42082725950092614
2380a3cbad974bfd,0.15658436535292478
67a63a73f8504068,0.12708180090067062
4783cbd4990b431a,0.47537077247180726
37fa31be31174170,0.19000646942602728
91f592dd3ddf4146,0.32523731563899655
7769632e8a1841ac,0.3291328101411482
ff4b1b40925c4700,0.14335152347277458
ee75cc4bd1c04f04,0.1387048851024832
a33b74dc8c1e4f9d,0.24278628568597121
ea8c9705b14e400d,0.07556817329489599
0bd7d17071154a97,0.14401653152381058
53aefa94dd38437a,0.07854945837888724
dc9097b8b873471b,0.44305933102100353
42a81eddc90c4f63,0.1288917906672307
46619dd82f0e4aee,0.3671249654850762
5fd252ddd0834164,0.175018369860822
866f2fa98b4e4114,0.12083530375358521
3947bd2bd8e9493b,0.053259960064136885
3d8d042d07b44727,0.16293366049413352
6ebe6c25f0b34f14,0.10039789157193309
3df2ccac486e40bf,0.6171559452222621
2c9fd47b30954218,0.48024751809580934
4a063a49ce65499e,0.144634689630923
52afa3af686a4ad3,0.08254161728077375
7ba030a165c54c44,0.14466301596691306
65610b9a0d7b4581,0.08943713660995184
1c109e5788ed4180,0.24339113348837468
7793a5191da64cef,0.13453744453110458
7a0edebf208c420a,0.17126505481754448
69e8902ae207440a,0.09418330636611665
d08df199fdba4a21,0.34179207694810865
0688654df7604d86,0.08186104708609843
54c3ff5bf66c4e13,0.10245568958550984
9b4a68bfe37a403a,0.27733697576063815
fdebad8931b24330,0.19028834663271157
2b50a5e325a84c9d,0.15526694570733304
8c0d673d72774bf5,0.1634463133097678
1c6dfbc782ab420d,0.5000726027440939
828ca4ece8f14fda,0.13174498984758365
2a573bcd792640de,0.08628142331582626
8d7b8cbbc7434920,0.4786660395209078
eee57a18bf3f4b84,0.09755264381669151
9783a49407314d5e,0.23695616127460473
de73efecde0b47b6,0.09104602514538661
50ba1568cb2c47f8,0.14313577624501791
44ccfb070ca246b0,0.1799795695771606
27c190fbcc28416f,0.1380529223494457
0e060ec877824155,0.4169553177112214
912aada2394b4542,0.5498584711635022
7a0d39d2da2d4206,0.23216143497397201
1750e7151e644d6a,0.243281488966683
047248b8b9524d43,0.13578540183782198
e66f16a6c1b548d8,0.11122550880252212
4485175d79fc4e4f,0.18652689272243173
27ab0f71ff404e25,0.1823280611463416
544e0ab487c047aa,0.16484932803567795
857c675f7ead4c08,0.1203226056207011
2177c383d7ad4c08,0.94139782307428
9b8b30eab61c4d6b,0.08446820809346829
e9f2a92b0a474406,0.4681282747090137
67a61075641f4a28,0.20726286339535288
e010e42098df4833,0.13514497009328422
1036e166c0514fee,0.09268108981204094
d07e09b4926d4b93,0.10363615754293971
bd26455624454505,0.12781604073447395
0ba2da60fc8945eb,0.16582453923540819
75189da63ef04ed5,0.07499220176085936
3f2c2dec7dd44153,0.1344802535028426
619c7cc724484d16,0.1264237446689771
6b31b65b4ab4418c,0.08953720968857665
21d23cf680ed4d1f,0.08485431942783397
5ccc6d9099c44d8b,0.12501571378777057
7f3fcf1b03004528,0.1022031857540509
f18b5aa08a054809,0.1548228420526163
bd827d3bac194a1e,0.2522842473419883
88256b3987314b2b,0.166157567443426
89c9527b87874897,0.46086795858823126
28f077691dc64b3a,0.21019669810531616
fbc11f8adbb147a0,0.8403976168184829
f57da6e2d6414b3c,0.16734813739972368
bb60745997004000,0.22359656648787873
755cebb1b274456a,0.13834467624444505
9639719d9b0f440f,0.17192600169587852
f68ea7fe99f24bc1,0.1930011340729258
cb6b009b5b7d46e8,0.08247268195963622
f2540719faeb4154,0.6622776709615882
7d74c61416e74615,0.08958127348963932
74afdd47d26b4f7b,0.13875372097249894
9449fb9ee5754efe,0.22716920122319464
ecb7a18d2fe54258,0.08520170367243896
3c4430f77f454f8a,0.08416082642273334
8273690217c44476,0.25449762957538397
c856fd98404a4ccb,0.1306188747769644
a9fd3bc46d3c446d,0.0912347341114171
0ff591127e3b4c11,0.20881545427312143
49a19af186854312,0.09570224197425052
64f114eb84464f49,0.08309234257275885
99ffc65cb43f405b,0.27607046470707
15fb660e14944183,0.5492345150944122
b83a04330559478d,0.101455295328759
92bcebbea22a44c5,0.15052330142543896
e1aa6381542c4ded,0.20640944111089676
17b3af63a4264049,0.2970893406372516
893a52dc4afd4c98,0.7620388892310951
151a347d24f74f43,0.2781080989405963
13213286aa834219,0.09600747947833078
6dda2ad1b98049f5,0.10542134249369745
f44deaf8bb694554,0.8049664505036394
2e1deee9c1e44f5a,0.13209364738143742
9400a7594a114659,0.12104882040412762
02338a3c71f947e1,0.4404009915340663
16905465f7de4a77,0.11755818766245392
e20abd32e5b94da5,0.22109892043614576
785a69a1c99f4674,0.10698039785513684
1c3c7c979cdb4b95,0.11113753985871389
1bcc263fa1d24bc9,0.13890764007060533
cdf90ae0031f42ea,0.3178625503685025
1136cecc64df4488,0.12499389649521538
9e0ccde68ef04821,0.0929797039512999
bd3fc2536cd24e7d,0.09339837426484125
250b1653b3674d65,0.09496249478620744
dcc5bfd04b574689,0.2536078352473521
acea1f8061764b2b,0.17737507263144267
12050edb2800454c,0.1999255001081618
b4f038d539be42b1,0.09496553898468268
c472dc698fa543c1,0.14022400441384744
ee982845f65b4472,0.11654677144974615
5f6c24e4a1cd410b,0.10182480222670376
f910f37da4b144a8,0.11092723889957984
94fc9ceb421641bc,0.07870242586007754
1dab574b23614255,0.12246038157360715
521fbbd7558740da,0.07443237804907314
10d68058a31a43e4,0.1652452554278845
4a7abc8a8935471e,0.12540600062278356
8f0d14052e28414e,0.9302285715928559
12ad0037d7c84bc2,0.07585632544891692
3a5354aa49884675,0.10727135298883889
afc3eaf344224e92,0.14105078078829839
b4d8031599bc4d93,0.1092726720305374
22ba5be0e59b43f8,0.08662019477998263
fb5d00136b514b56,0.6809834389064625
25cefaf7fed54b94,0.10325819001442749
e73d64173f974cd0,0.07667889273353144
fe08aed2db664972,0.15581230777080105
a2d1b85930734acf,0.15771528343206884
25332911ac824555,0.33163411724477154
96455ba977494595,0.10181750232475704
0404bd7e45234f80,0.0720467670900618
b4229af89f2c4d7b,0.09028992860121283
ad759b6701f74963,0.10904947061802855
01084b744f6e49ac,0.11104718831903107
73d0826679f94e4a,0.03784794712197502
0364102c9b8f4989,0.09954556581166168
41923145b1254e36,0.1113215463272326
2b977ea19b83453e,0.09208557580741833
11a001d9c543402c,0.08912280124563692
225ed3c6a30f4a11,0.6649764482667969
0617452f3a5a4aee,0.26059231545832984
f37c1017cdda4552,0.40270736326912837
e6b00f78acd941b4,0.07541410960278336
f9e1420969974427,0.17870367554178557
3cd87e13c985405d,0.05936741713466848
35d10803e7484d9b,0.1522836920014435
c5e2f58df9234df2,0.346892781217686
e41ce6436a6741f5,0.8167261573842751
0a979343ac7f433d,0.35263097834954105
a3dfe7a41ea54974,0.23982000471291967
c0b9a337290a4e35,0.5076047243670047
ddb007764d2243c9,0.14368263989145663
23393c5932454487,0.6167821704794952
d9e0d7efee644931,0.254887061339564
421060c424c44b94,0.11378213874181854
0dedb6387f434ae4,0.20646277443084998
305739c93f0445ad,0.10400629697406615
23e65e579cb64b70,0.10679238504823618
4c83e6b5fa59426d,0.09084945706039826
d6ae1de264da4662,0.10771907092810327
3f62a96b5a264b31,0.1373318317214545
fbdf17b39b2c469b,0.1319060859286639
54f8d30be9eb4134,0.4635228493402433
31eca57a377444a9,0.11246455041997733
7eaf4401305c4afe,0.09302715635321544
10e57818f2a94ece,0.09448148588140995
f28c1a84c7fd4be6,0.22472237018778213
c649ccd2f523467d,0.05618814052288685
594347ca48074e75,0.09122964583615271
71bb874cfa4046d9,0.15337132496228462
17a44c9886294e8a,0.1524477723533394
a85f37b7d15a43e1,0.08145389394946517
fa7043b7b09c49fd,0.3389095089778807
e9cd850e0d234ac6,0.4164406315582496
8557a0e7f55e436b,0.14406147310693404
4bff6f90834a40f8,0.16291010936489914
0cde5ba00fa54457,0.9087608108316398
491a182b6e1b446b,0.21670244081352094
7223a6f1f9bc4862,0.34475443388605764
9da7b0afd9114308,0.21461768101161194
0f2290a84904412d,0.34668833793165343
c6f3e77202d7475b,0.2875671080638978
99a019a309c4402d,0.05574399642204057
3dedda270d9942a7,0.10209285198139888
5ea52cd9a59e4972,0.12279515539302703
a2e6996e8dc64a9c,0.13960513843316005
65172adbaa074422,0.11958618173446249
a49aba42d7ce4375,0.3850326269130518
5175656e337a4669,0.2001975547206035
2375df04c29343aa,0.09915536695804227
df72df6ddb0b4362,0.17205314506730313
6e1f5bb299da45fb,0.5427529167898557
c8c4988e21a34004,0.23364839781441119
a573e54299a346b6,0.09727204176237392
9ea96d2e74d04ea8,0.12181125971441167
919e4da3fa264db5,0.08296887216936961
438ec5f8b75f4e92,0.5950112820176794
b7fd2197374a492f,0.6023801137653116
4.44E+15,0.1164197944457593
158859485abb47ac,0.09095439285672874
032c399cecf14a61,0.18547172378645246
5dec63db1c004a82,0.08784703857978449
307e46ff74534074,0.1500039943879111
73c7333f7e0042fe,0.08147618199361027
ded7e905ab524627,0.11907548077244631
346dbcdd3fb241f4,0.3549103940835946
059f65de0906404d,0.09330822160491346
795f57a827584612,0.46920299357356693
e9d3d26812654b17,0.142620027064384
2c567675189a428e,0.17511127136894153
c3b92704313c4c9c,0.12210909672643659
2254efe75fd54f59,0.40041441298863545
3bb5e0d9f2c94b62,0.25009364317859356
9a723b4f2f8842f9,0.1368120230166481
e2adc5e05d984269,0.09567871256563258
4429f3a7a0634562,0.1865420044031701
537d140010fd448c,0.1763127264464054
d383effcfad24608,0.12837158294970938
4aa76e6ac8434140,0.07486980719932257
372f28f22ca84c4e,0.12509002993308244
942430a557654bfe,0.4599569519555251
5a3a4412a2404017,0.07552928446575924
8986dfc3e69a4576,0.18695951230953575
fe10ea20aa9b43f4,0.09416654075081242
df941da6490d4aab,0.07825070886741113
ab0b24e32e9c436e,0.10745357363200767
3165487107d74fa3,0.07579538530003682
cafcb70f30ed4a34,0.09753050680050436
dcef6eca0a754dd1,0.12453610376654939
1864e2957a3240c3,0.0955022460203481
023ccd0b833f494c,0.09256444391626384
42ac0e376053477d,0.12335176570119882
db59a8d8528f45ee,0.30208282224635524
02ff02506c124a5b,0.30917310984470275
1e4d0833cea24cc2,0.6148119295322797
369a772da5dd4e5f,0.08199716646521461
f7ddebd4de604492,0.09786147852764632
411791061e064a5a,0.09707603322008529
ae520a314bab4ce8,0.1919498330814154
cb2a88b1fa3349df,0.10016004663440072
61d11814138c4b90,0.19104408785061355
288268debff64b56,0.30457630647053585
a1f19aaed23f4025,0.10176918808455264
9615fa1a11f548ab,0.17020575346907313
198064a1a9da4663,0.9361449364551756
1b62c53f0dd4491d,0.10313450842181397
4020540a8551480d,0.17191032881051777
b7183147490b4103,0.1673170740037282
a86d554f50894897,0.10819117117674411
bcced71053db4320,0.11929694259912899
6a7728823a9a46cd,0.13382266854893426
7bf5aef7242f4e36,0.16046326089533863
d0affa65aec643a9,0.0962049435214375
32912f37929743d5,0.2219240957317629
01bc5b5fc6cf4e34,0.12397193947558309
6d00a97d7b534684,0.072224214755189
ab73e83535ca4a70,0.2627027420165408
7b0862d0019d4edd,0.10964261499833876
201e41edad764a8b,0.06698719203212596
de59661f2c554257,0.15426969786448763
fa70c08e207a4adb,0.1263991725948091
c9da010e14564697,0.12433887344438917
f20ddcda173b4d77,0.15719154690804857
b389967ff4754f14,0.09662441446881351
0bcd062dec0a4090,0.16174257346067683
d9ef2b8400424755,0.064444699932286
7ade889ca60347b3,0.12868604972364445
64f688deb88f4b37,0.12035229241779585
39b6f231d21d4002,0.13849631462467885
af1d79e409d74a47,0.3104741730232287
db66ef1a12054169,0.08023670772400536
562bf83866504343,0.10327282103035194
9242a7e95ad34ad1,0.15703062384599437
35aa0a04d9f24779,0.42356057776459843
ffce725f5bc84257,0.12170415669007614
190644e1027d45ad,0.05834044445362382
a0da4591cdf141f4,0.1297107037989277
42a1d1f558e24bf3,0.3951880844467639
7d5c4bb8484945e6,0.2582181040652499
ccc45a2846434429,0.11878242151847908
ad92dbebf02e485b,0.1563064449860917
cb979260e7494319,0.15613462643145598
79f1743dccd34050,0.07690549547369385
aa4707a13e084d1f,0.08629185268584272
bbd6e4d940164709,0.08762004358352654
6d5b0a2876d14869,0.09050694011986075
dc09496f46534e27,0.11521524185169721
bd9141b62665432e,0.5997475117624462
17856b703e824af3,0.08306870394424051
fbe872687a564428,0.10318683957706035
fe36e8b46b4b4728,0.14279572263049653
869cf9bf897840fb,0.08881737559347576
4c9e5fc486bc4883,0.1725019272286426
8a6db6a546134839,0.25090299662581234
245a98d7ae6a4723,0.5580102983872803
f91a87664dd24aa4,0.11321950399365843
5f5da7a7f2f9428c,0.13466805697726905
9a948650b67540c8,0.805055123813923
bed398d61e9e4b97,0.07873135113614656
d6dc5212f86349d6,0.4232313584448864
e980840d2ed84973,0.36825849935975474
07359f2efeed44d2,0.0974433068128971
f5d86acf3a154193,0.14553156204459072
b80b950206264ab0,0.09863316157123769
2e7f0af2cd7d4c2e,0.3470417577373855
08ed9e92a366402a,0.33858549408652205
5d4df2587c114950,0.1638974632891165
c68e55a93a624e55,0.09750042253284048
cc9c1aa2033e4996,0.07871676493897398
3e5ba8b6ed7b40a2,0.07049321372967385
78a334c471354ef8,0.12705250921958697
01429b2901de4cdc,0.12955065140064517
65c5390fd8c146cb,0.7123855055552948
9036309a67424df5,0.05608416753422057
644813fb0ea64ba3,0.14206043257718667
5c8caf66ff454cd7,0.13627012403089642
3a872a277963428f,0.07622345837759814
7a347469be6e43b8,0.1275216277680875
d643e44c1bc34367,0.11258929546202949
b41d1417e3924b43,0.18925291256903098
7435d726d11246ae,0.0935209217481464
aaf21a800d77474c,0.520719040162955
82fe2d11642d4d20,0.23375120496928456
fbb0585054cf4d6a,0.4120237910253162
d674691eae8142a9,0.0877101203538914
c47210d93df04e6d,0.1373400138814701
31fc06d415ac4c8d,0.10102838858200683
144cf99ad69d4c71,0.1299768479183749
a875225f1fdc4fde,0.2460506583007102
9b810d49a51748dc,0.11035329378705554
463a24e8d5424ccd,0.09909257689936428
6f955332ba294acb,0.08512313512066355
9bac53e99a254445,0.10106708683036922
83f1f1dbb19d405a,0.6489299420721707
5cd96cc7f10f497b,0.12104882040412762
5e5bf14e70484277,0.13071475479382844
39475432ae604cc6,0.3746656748353265
4f16fc0a2b8f4b06,0.16897787931991048
3d10f12359514ddb,0.5739246104717113
9db1ae65ecce4330,0.22480970260981242
f7db39e5ccfd4f24,0.09965380593466931
6902d2cc51e34397,0.08758757736392427
ddd536e5f243467c,0.0887874902660189
c7c34c5d475f44be,0.23764449540139676
5dfe51a092a6464b,0.12082770925463467
679e1e6dc4ad45d6,0.13362475609842947
938d0c558dbe43c9,0.10943698062526787
1e3eebbae1ce4e5f,0.434281824545698
83daf982dedb4d4f,0.0683196468790603
3347b230c6204d9e,0.10710544357599154
a34147faf3854de5,0.17265653046434237
fc8bc1bf6990489e,0.25695792873194273
a18fa86ed0854dfc,0.12089075325213831
ed53345e64fc42ed,0.10714887290152268
f2659080ad1244cd,0.14323677314439287
1c40b7befaf44808,0.10663350271533671
440b8154578e4648,0.13364421666848192
14c2db019dc14628,0.08996099001997239
bfe13690224842c9,0.12425868771831364
4494c8725e7d4d6b,0.08565975399993302
6b78e0467cbd4f46,0.18584788171113684
14dc6cfb8d2444a5,0.09223072684494321
1bea41eeea7b43ba,0.10312885136220842
6549d5838b9e47e8,0.13816521453106856
714a0995319e4354,0.2204601053437054
9903df2463fc40ae,0.3273560676273897
13bcacd7565a4e0a,0.1201243245071342
92443290e427414e,0.19376717300897117
22f1262452544771,0.32926904175677657
4d617a3f4e0e470a,0.09061254067086576
97942ab6ab594fc1,0.17819035898870247
6abfa01c2d484c44,0.10914863136362656
f1f9496776484952,0.19415150826208494
44f5a140566447bc,0.3634170567208209
e74f2fb76f1244a3,0.12183216811318803
6a05dff8db6a4ad4,0.10184944779863744
0624dbb8470e4203,0.1438606066119094
1bfb69a4d58740a1,0.91471193223773
fd82f540a86a4fbf,0.12045361588246105
cfc41c076ab04f32,0.11984974444235591
4f0b024a29b94e70,0.12461167101927131
bcd0ac373f4449ab,0.14300522285682343
fab7fb4388bd4942,0.27175162025037886
9c4044472c594124,0.20782700627638262
17c528edd8db4e36,0.32020627669874663
6bce161679194136,0.046662251279574025
9c28bb789f394529,0.07531516716177218
11cb114ffed44301,0.1325412988960694
fe784c87a10e4c77,0.05800951475230536
b218ede15bf842ca,0.11074331407657562
e967da3dfe08408f,0.3832275524539537
f3e620c013484839,0.13719245634937302
ad614d26d3eb4d07,0.3489221162421111
e3c0add73d434c32,0.3668933876756761
e48ccf336d2d470c,0.10507741128891686
937c1ef1a3f94865,0.08289086660184079
7c121aa87d0043f1,0.33738849238839885
dabb7d0a59254e03,0.09035459864048402
c2d6335010044a1b,0.11963408010740004
59afece43ed04787,0.05567211018990383
cf6daf51ace24954,0.2846901849945195
5f945ed6c7244c48,0.06263867655174533
28bcb147528c485d,0.39868810228043655
c736c81e245a4744,0.2614252213847643
83e6370813094b2d,0.1575650594323209
45c18a9a92b04fe6,0.27178952815940577
05c4db50b1954965,0.3742392580453695
09954c3ab3c04aee,0.15502727362107718
2736d96260b64427,0.09774169926829836
3bf722ec86544116,0.15009084798041436
a1f87d4b21e646ce,0.062287142716332615
7f4e81d798b443e7,0.574255899534532
115fe75e1d4d4ae7,0.08425938363239113
79c244818fb54b45,0.6904494770958967
fdca96d1955e4c2e,0.32105746218703124
445b1c52faed4c46,0.45265370861092225
e998020f0b19421f,0.1259424986624565
3fdbb0ff6bec4f96,0.18756744752833238
df998486a6904b1b,0.22144263606016026
be8a0bf725634c79,0.2560430330634999
c57c531dcb0143b9,0.6160877517928701
57838a592d334e23,0.08730664187908967
7a3bdaa94bd743ef,0.09400959404770812
883e54b45ad74224,0.08713953047394722
e4db991b02714670,0.5434186458731756
2a21b28736c8443f,0.2711422515830018
00da3c5d24ee48ed,0.1241141902753616
e05dd9d9be4e4741,0.48427931156594484
684f6cbb38b84b6c,0.09994742891012272
9592e18d3ce04eff,0.13129901095143107
d48df58265074064,0.08718718626519611
0179b69e5c814a42,0.1093081355468772
fe9b6e0ccd9f41ae,0.14219980991868275
aaa93ccc6d424521,0.12077000798657508
8cc22f3c989f4c44,0.103143086668116
f66bdafac36a488b,0.359815010347299
f6fab38a81d2412e,0.47798479708852426
95441550d1044e12,0.464957473773938
3552628c7f2c43d0,0.1593159827183447
87d3f360670f4a8d,0.3900967997451595
7a20584c943347f4,0.2685996523236809
658d5b1fd43a4893,0.40988864726325036
307a4cf21b694d88,0.8539874706183789
2e9cd5df821d47e0,0.6602056248626631
258c2748dd7d4358,0.14985380128948783
cd56e15b9bcb449c,0.0717938703447231
d3a7e519a65841d5,0.21082625961919615
9d7c7a0eb4a241a4,0.7670832388314822
8eca2e5d640b446e,0.3371548765951386
05440044fa5b43b5,0.1881931435292318
c9ea0d947f74464a,0.20625365585134406
c4db978d698a4d6e,0.12570533358608738
661b380ae3df4b2d,0.6819735312351088
6d5c506cd8e14096,0.27957547922478015
9a71f06c55b04b27,0.1253121789243801
1b913ffa45704ad8,0.40468152700098997
259c7ba0b6304efe,0.08911562022087459
d1813d2db84747e4,0.24909537599349993
522ea8d6dfd34bbe,0.2422244805736734
63b4273ba4f14023,0.08226931058971683
544fda489fad4c80,0.10191360770276843
f8dfb77e3204497a,0.2162706180324588
ef2c783027ad4913,0.17841473520997297
ba0aa004e6d54382,0.2153545740648288
9e9c6e4c21b24386,0.239538143548066
747c4c88688c4a51,0.09740254444627756
a9c66961223c4465,0.1136485431959832
c56688d0719b4b72,0.1908856383903361
a692ab961ec34b71,0.11050653364726469
a0285c13da4744a7,0.33632332351813604
34abc8d844a14fb1,0.12705750761185827
990cfa05ef134b2d,0.11240927176362805
612441ec94004569,0.13660358222108365
76789f9d61804e26,0.20343017666320914
a358cc8025a14892,0.22575375356068897
1732d40847c040d5,0.09007554508037302
851185fc29e9436d,0.336328861940165
c8b94eb88c734c52,0.2060005799577427
036dc470ab1e4978,0.10808166272547147
a33a95316816490a,0.1502615348913303
8af59bcdc6734ff4,0.8191589557399324
7e6c4759b82941fa,0.9217369149459004
53861a5ed16b41c1,0.18170680210054438
be229f176f754785,0.33496882005312506
f0c9592d2db74a25,0.09634124045345302
51eeacdfcdab4e33,0.08572158455977383
c4cde97342c94e44,0.14948835687421858
2f29b57201d04809,0.4014694917424425
f59325483535423e,0.03727271206182122
7752d393b06a4519,0.13199051264898887
6a47b9f21a124247,0.11573349837451728
595add5e4ac04f00,0.20887058458308916
6e862cf63f0e427e,0.14340346669148876
532641d766b04c27,0.08611686619897399
7dd1551689fb4c9f,0.10436904476312574
f75aaca4b4a44240,0.16162054179451163
c35e900e700e4e0b,0.27692212537531413
5631923256e946a0,0.22863568494266445
fa0ff179e18d4bba,0.11433887901462632
538d243a19714f1c,0.1405281022214049
e4d1c4daee374f91,0.12491999722885523
f7d038a80b6b4d92,0.5910722376369377
0847c38662cf40ed,0.14970286909212874
f82b98e1c2954515,0.1286738681754543
f94df8b643fa4b26,0.27118268372889087
3d2f34e0d4ed4cb7,0.08145403622118769
3712d1a94ccc417c,0.2625137526836933
f8652c3645594314,0.5196837015484723
c756a8b3e2ac4f4a,0.06984647804351041
ea44d859926c47f7,0.5575188864633575
f303985159f84267,0.06998309733068361
661d08acc9f24129,0.1190035413735763
1defa97b726444dc,0.16006854404743176
84c4893dd4e54f4a,0.17022748900902984
60a1459552504ec8,0.4294891151394835
e61d618abafb4f8b,0.23528916388581766
8e91172e3436414d,0.09024355965634281
0fa9878b38c44c60,0.33690872587310056
2ed2d69a7f9d4d00,0.09590314581672
e69bdb1256c54cd9,0.05600862136125443
60c387a41aea4f4e,0.11923274788631075
da7a83354cd24464,0.07837117338458496
a42e6b3a9abd40b9,0.08234600092881879
2c0063026ee74b47,0.10247324183182914
c546c88157eb45ab,0.1556453182415616
edc368733e964437,0.10392413991278629
8b90b6255578446b,0.4590502159786771
9b2b1c24f4cd42a7,0.19108786830172003
e065c7167f404c44,0.22891032866411512
b3386a28ad75478a,0.11834459211956021
8773e39e04d8473c,0.717139387878085
e075e75f604b4117,0.08296796337273114
a53dd3e679ed4060,0.20950568438561976
904cdf1b8e40438e,0.14329944046541976
868bb63f5ead404b,0.0778659480713728
ee65df787f7747ad,0.15584085437041223
6de823c155f44ee2,0.05695630175128737
e6617c1b09a84218,0.1255215790311216
e548c1e30ff042c0,0.28296168670550154
4af159c583b64d1a,0.1770444075505109
a3e03ad8687841e4,0.695904977792898
2c567d1f8d104dab,0.13165093504104447
a1619b5ac817465d,0.08681997183919937
edeffc341158443e,0.18975969350662703
808326ec28814a97,0.16521935236688615
939b62fdb5d34018,0.45226829243336397
a4e720ea142246c3,0.20364467631357058
284f3c0eeca849b2,0.17185572873089236
f429bef06b7e4dc5,0.10422066939166318
af5ccb5af32b48c0,0.237446631147514
3cbfe6f5733b4a36,0.08376396812092189
19087d46615a4a75,0.11895451459445643
9db37dec25c94733,0.18941022546536065
93acb54c4c8b42a3,0.39130639492842767
321175dec99d4575,0.12057664823371182
cb80ed2855294a86,0.6426106417782924
b607c0af9fa8441f,0.15215195797808673
70c3e9db7d394820,0.4461768551804396
63a5853115e24f7b,0.39390618713869335
bb6af98b8bca4f96,0.8839370690028743
696d5fc1abae4c06,0.11444769835785057
a847dbc18655434e,0.626204306858989
fe9de0bfbf0a4c7c,0.1141385580775533
f784231782a24b69,0.12795877150192658
f63c7d39eca24094,0.28476050875172215
6aaf8d7cfdc14eb3,0.3158476643967275
cafe305c75d24b49,0.0887501761837646
249d02248e604c20,0.6543180652053663
3d28b1150aae4177,0.1337699474029798
2fc4004e7c95458c,0.09632758001158176
9a33ac4eb8914129,0.09323103076395718
4b76c6010ca54d86,0.18010071117728166
66bfe92568304bde,0.10873880623651369
46e938e7c48f4fbe,0.10283741980329093
e7a7ec502a0c4306,0.15065685522560263
d0a4b9987c76490e,0.1866253037519133
23305f7b0a5c41a2,0.11275240078580402
ed15e5e8f0f44401,0.06317041969113521
0978d1278cad4ddb,0.3780348099938455
7eadbf72e38a4de9,0.6744760669039069
01c56176b8444ce8,0.24348296294581134
0c3f6e729ec740ce,0.08885365733756394
a681df8c24674137,0.04969529572442515
51308c17ace547d7,0.17526743048209972
7ee5cfb61ebe4aa1,0.132538296669426
c1de187a88e7492e,0.10184100687452696
3bfcea56b8034cab,0.11020058634644728
74fd4a4c28fd4bad,0.25906324728277225
899ba3071de74909,0.11944663299253634
a6f249372b6c48fd,0.11241334558842332
fd220691dbd54621,0.11832643239216625
5ffe8ad5f791470c,0.19749521746745372
11508ff4e9834e22,0.09827519927754587
d76e8d938b5c4259,0.33589102870576887
66af62e4c5d2475a,0.10473854571337332
e3b7eb0436c44787,0.14501023636570895
b3afcb4fa0764bdd,0.10577814992959997
6f18c1c82a8b4b0d,0.08387157854292154
33a477c858594e4b,0.11415481872770031
6d71ea75d30b4a5e,0.22945751602086795
2fe71ab0a41647ae,0.30317650200590707
e227a9750427450c,0.09310715434004649
691de3b548c24ba0,0.26842969586950904
fb2c7c0ec25c44dc,0.09445411119079926
81dc8db9a9e64c2b,0.09318827123054375
9234416e196c4e4e,0.16843043361384252
859a1fb73b024a36,0.13639285795949177
21ed6150c02644f3,0.12371643850961994
7cf2e983f22e443f,0.08417628600093488
7acf65408f6e4b2a,0.09102990470107798
64752620ab4443cd,0.12182092669136199
677ace8f000c4f9c,0.15639779893734063
724a8cae9e29409c,0.11141936251131992
01af18b2275f4c4d,0.40240433012694143
3db4cfc53480416b,0.10163575128474568
e489f5d8c4494c54,0.2012883406543909
37774c111b994107,0.10110235862898946
e8bed39d43dd4a10,0.144132124817577
952d1e99bba647ef,0.15864246392419398
74f60ff2a62842b7,0.7016066481689522
1f4154937b09469c,0.13739443273561405
390261deb3884e8c,0.18157703310834775
f056006f81d64756,0.12795529864272284
341c9cf4c2fe434f,0.2975284958205648
e60433bc44964767,0.12881515296947263
11c22d74fe8940af,0.10148425390269712
ebb24c598ff3418d,0.5863792125662203
94e5d48a54e74b72,0.3297553875753498
86c204d63ec24fe7,0.14305774543467667
080d997697e44ca6,0.3147520831580634
1341e41552ed48de,0.1040455115018859
c1027c9b055d45dc,0.08942565395516246
47cfb703d91f4b42,0.32088263477876605
ec4759b11e23468a,0.12579359312625
bfc787bc34cb44ac,0.12637501207856727
ec191fe793b24ba9,0.05839032241908924
b4ddfa28546f451d,0.49104611392918507
ccb850294eb34092,0.13055183107650437
e608ac8d358b4c8d,0.06817133174967162
fe60c1d95a2341c4,0.17712690154368893
0440f0de06914007,0.10609763278145548
493b0d3e84bc46a6,0.10290606769987666
bc7c0bdfa06b4a84,0.08379272394314077
15604f01fd0d48ab,0.115841610970858
f2585804241842ae,0.6254603991478129
7f25ca5d100c4ecf,0.14325882757469574
99d5d33a88134e93,0.3792985171117375
385721d88aa24127,0.09559149366149217
d09a6e3a655a4868,0.10653358202147675
04ef2834c342468a,0.6285843143571813
81bc16511d6941e8,0.12395820152366095
5b87cfa9887d4c39,0.08884050024007806
275b05cf8b08429b,0.8982465137237655
dfae7207a341479b,0.1713571169327578
7449d11e607d42d2,0.11254050612474908
c8115f4c07f64159,0.16421355101506957
32f2ce814361466f,0.10141326926929543
7966ef75bb254bb3,0.2584586707252969
d59150b4b50e444f,0.12913770541196545
79fbea77c83a4585,0.09685107001357675
58bb15eb934841e4,0.1386437114574981
8302328eceee48c0,0.06883002238730065
5ac13a4ba10044a2,0.10101382232618465
dbf9d178a884425c,0.10658839619378993
24ed9db0236a408e,0.13730075774883677
2699a0f3f954418a,0.4582164953536807
0bd7c57946bc4eba,0.16975919146384139
5881518f39514130,0.25201314616114207
74d7111d9c4c45d7,0.12539016286091353
876b0403bd684f52,0.06266233451149975
34c2ff2e818e4a50,0.1773031390448803
5e520cf6260d45ac,0.37633216821614107
0c0913dca9564017,0.12008697497608121
690050f87898405c,0.10662406792752821
c663ffea198c428b,0.10669516833758676
b1b32592f65f468c,0.11989648404585651
699aea6b5c0e4aee,0.2251338594923385
9dc18909074c4d51,0.08867741933388312
6495ed557de54179,0.13584958476842396
88d5d5b9e8224e88,0.40684949933210807
c941aa425588484f,0.219779887514827
3ef9830a8d484f2d,0.16177398201766874
3f22e9678e9145c7,0.16208816729790973
a730e901dda6490b,0.10609553503064932
ba9ff3f5ae17420a,0.23724377421978088
b2480a9555334507,0.16789938025268922
74d1bb2f30c44fc7,0.07961240821083322
136bf73586b64043,0.16232999179968255
c73e820d79454c2a,0.09482713366495861
6ad7c5a4f8554a8d,0.27940190161614353
b20ededfbd5945f1,0.14377963799985088
b8a25b2b638c400f,0.16261711627930533
75d75ec217af48a8,0.07783165228312529
542f46a744ab4d70,0.3678237667046276
178b139a67b94a5c,0.699630563033639
0e0530b66f744a7e,0.3423040275682644
a9fcee9830f44d59,0.0947670090639506
235f8a5263d0403f,0.7269403542128182
b3366a8cdee54de9,0.11814186953878919
2b0879bf6d2c46b6,0.1473301958291899
674fe68a4c384851,0.17075371449779722
d81798e4fd5943a2,0.09983602253645639
46ca8c51f17c4eaf,0.19228495540429744
f80282ca75f94630,0.09489923742213668
828fa933e10b4c3d,0.20633775272826874
108c31ad513a45dc,0.13138618135026536
edbf4a24e9604b08,0.09615771592975465
2421f226e48b4106,0.179248614294572
968eef9c81a04590,0.09799201994534969
00c4fbd8979c4808,0.11848144464777106
2f27fed3e53d4dc7,0.07749384074384608
21ebac0f7bcb4a23,0.06614690744725991
174dcdb2df374560,0.39759146564727293
d28d915f995846a4,0.2742708280306107
9f1186225ac742f3,0.1777320042282653
ff1f0ae255e04b05,0.11975667273567726
273fb6a9f53b4199,0.24886883357441258
b52de501d21244c5,0.16458428565437278
386c26931fc147fd,0.0961540993360376
6407bd41a7ea409b,0.11370672186954803
1f0fb8e8ec4c468a,0.2763770839478069
ef9d4d3f232a439f,0.12690364281897787
1e17c3421d714607,0.12879040698975353
c4717b49b64f4fc6,0.35326550578295535
2a01285ea5b44207,0.08222185065529727
42a0fead96fb493d,0.1263488772038973
ad950256f1d54b33,0.15941664253794147
c0bc178dc9a64b41,0.5162609994509575
e75b79ce7d074cc4,0.09340166922586265
8dfff417cf644bd0,0.19054044859516894
b7b9ed40169c42f2,0.12389880651686459
0840b3ac779949cc,0.1383770472587618
99841c200e7544db,0.2670043658126385
22a40662566247d2,0.11078121918557907
e6e59a222d744cb1,0.06245272611879419
2452267703f64c4c,0.14728331910572304
e68d54b07bd340ad,0.11358609435221514
e80846757dc2433c,0.2055706804747527
9e55975d7fa948cf,0.09218604428368053
f11ce90ddd5f4c96,0.10550026998373697
7d18f5ad750e4cf8,0.09856073902988016
ff40a22db98246dc,0.14935873475520195
3e4e1a92072f4bd8,0.10268778843111326
9f7c09d03b084461,0.47279198016200435
88517586f3c84d5e,0.09450467307959219
109b8528b1ce4026,0.10505281825539908
caae0dfe79ee4e3e,0.0977397463708322
cac6a0843a0b45b9,0.4840728316459465
e495523d4ccf48af,0.08696938963588664
cac288487c834f37,0.10734877861626181
ec7912a7f9c3435a,0.104738918228825
c7cc49f4c20c4ec1,0.5051432170749214
9b9b098810bc4506,0.26099854061569366
a973dd267df64954,0.13020703812048978
818337bcc36a4006,0.1871720862000464
a92860a713454c58,0.12943613359100564
91d644780ca549ba,0.20942896401582017
11c80fd60f4e4d5b,0.07835188172017521
c3a4e2723b774693,0.10326609461783394
09aaf972c15244b1,0.13239795607555094
3c9e277c36d748a9,0.1596504198200636
674d7a914c2a4220,0.10548420812214367
deb44138d24d4a9f,0.11059086123013499
f2a8b5fb4f4e4074,0.13898962129194237
2acd1279430a4250,0.08125577162805467
c964a47ff0e643bb,0.1299157428647224
a4c2963aa17d4e71,0.12063930601609742
44d2de8f8b0d4fa6,0.8400807737322601
a8198861a9a54fe4,0.385867115851874
d6148e689a0d41a9,0.18140150145502926
df5c26d75e3d4ad0,0.7956247233964042
332d521b3f834dea,0.1274314643724744
994ffba8287345c4,0.2007496141611714
91a8ebd1f84347c5,0.14987288490326903
21d39169754c49b9,0.7471651151713327
c49bc0d933474b54,0.11965847492828459
6fa83cd15f274f60,0.5681703229545592
b85870e4b37e425f,0.11606963073033029
74283a1d1fa84c89,0.3160928813845512
b91aff514f0a4904,0.1686009046241148
ac5c24f43abd427f,0.07801258880659438
526fdfed468243aa,0.29594138377424645
f29a4ed82d394793,0.7381318291320572
8adced1f0ac848cb,0.11314674246917406
2d9cbf997c0741a7,0.09074196584786139
9eacc76a362d4b88,0.13819809993351492
49a4716917434780,0.16626228805780652
f03b487749df4741,0.7544012590585943
674bd999562c46b8,0.1151737000371221
cca6563680f94bc7,0.674538096385286
df67e3233c494569,0.10759010789496491
153946e4978948d2,0.14318734600354413
5d64f030d66b4c0a,0.10767503730514244
b6322132caf9452f,0.14990781818983573
8d3d2a2868e440e5,0.3428465958348431
beb70c44288a47be,0.1359378987759146
df87a5bb20f74399,0.14214561807565868
67a081a2fa0b4c63,0.10294123690468457
9cc3c41b66854803,0.09613376711151278
ed28ed66564d4da3,0.4080714466602554
f7d79da5185d4de3,0.0846534672175561
4766b1cb15aa424a,0.4535364593584195
b6cfa499eb5f4184,0.08071054438328426
06911f0fd3f94c87,0.2757529815617627
71e3cce8c1ea4bf4,0.30578717228650143
f8b790aff7c54810,0.08566711703080444
7bbda0b8b83d41aa,0.5008101429583867
c4998f61f851430e,0.08507273798331888
bb9b4df70b234889,0.13090162040573025
df24f447d9e2466e,0.08191967561827324
a2fc4f9852ce499d,0.24610018528794375
a300a923dce647c8,0.09488087090379135
80337b88881c40d6,0.13208239635465338
7ffff50581e84fe9,0.24421115083875042
eff6da3f52fd4416,0.11166022508351947
b5c7b01c6b7e47e8,0.19206328995204736
16eeabc2cc2b4293,0.07435003680207489
cd9906cc3c854eb3,0.11163759667077662
e557577ecff64bf2,0.10538102344778935
6137d226cfa247ab,0.09391350148521788
b81c5e68abc14c38,0.33106600238080086
a4d065db5d7f4f44,0.08870418731761846
426bc987df784451,0.1988004674317914
6661d5d290e4442c,0.5976843307296846
ca8f87ea4f2b4143,0.1748335882018495
cbbf72e4f45c493e,0.7536433391033739
bca6b25ef477468e,0.10061185980114767
77609413391d4542,0.1291759577836328
a96a56e1a12543bc,0.10850543289035341
4aed576254184323,0.13149908537770044
a6d94ecd0e634958,0.07519395693875892
45570cbbc9b741b3,0.053042609561557784
410304d2d9c1436d,0.13226186793824418
aa3bd59f80174c1e,0.11311523723121668
e8182868481f4050,0.1701454243382877
94bdfd59df394e85,0.27572211348155434
23eb5fbfabc34eb2,0.08296637704603463
7917f670442d4079,0.18495801757686525
7c42f1d1816b4766,0.1559351901819466
4d362cb6dd884529,0.06609569163781147
21c17729922d4e2d,0.08553246934994914
e6302cad262042ca,0.12609856340850545
835ad1a11763407e,0.17642081755074912
44ae3f603a0e4b34,0.23249177400561258
ae77fefaf6bc45f4,0.24126757246232913
82935b9116794adc,0.09416641137763143
240eaff384fd4aae,0.08466346490219354
bdafd6ec6bcd49a8,0.13114931218543427
650a238fa8994ef9,0.09923854788529166
2e35851e6a0d41c3,0.08362689120708877
0dd79ae1944f4dde,0.08477290167731903
3fff4fca795d41a0,0.7873980702408526
988f0af9f3b74d64,0.07071348289672721
9083d8f90e924f32,0.11342031209808612
45adfa39729a4a77,0.19422747487978903
88ef2cc2b22041e7,0.21052638995157508
c42c042c071848b4,0.5291082577473635
fa5fdcf5694945c5,0.10252345314675981
1c93fed0ed634afa,0.14302906320231645
3d6e0cebb972400f,0.11668736296390379
c234291f4dd348e2,0.5903459336302771
71022fecad474470,0.16669855339266593
f6ded54014934ba0,0.1433597579338324
625784c9c8854fe7,0.5495094112538167
5cd371b928624956,0.1436771604577461
7ad688a72e9d4410,0.15547029960825406
6fef6206194e42f4,0.08598485990988902
90cacf88c9894445,0.07281498420159468
ea4ad14bc9394ef3,0.10140491223152659
3080a1cd8e1748e5,0.18111927193752178
a1c07dc61d9944e5,0.07261741516175267
73da67de1c2448f7,0.09992303621177319
f9cdc009a8e74ebd,0.10333619863604955
fc80c5d873ba489c,0.36221042604608844
4ddcf1f11e964406,0.10776159707606714
2a72004d977e4c2a,0.11865957208501879
0aab94c5d376460c,0.6140452511826731
fc0fbcf6bbac4df1,0.6164033412286011
5655f46159474539,0.12625343209033757
a4a6c79bd4d648a6,0.10187205351155575
9f4485c9a4214b94,0.17856484033025774
633f9f7d673f4c40,0.09843305286428279
83292d350f9f4eeb,0.08628925060977213
ec5c3f10d39341e1,0.1917451172080123
48718cb5bc554d07,0.09272499872728072
6e3bb4a02c724836,0.10194346925899904
b7cc32e7ae5a4380,0.2203516742959905
2b3689e3c5054b93,0.571988968458906
0e3aecad471a477e,0.10114425727328112
fc564d88cc6c4b1c,0.06327157168406229
6f83167a44bc4119,0.10371658455688347
ed3efb5c0e124ea3,0.08817325315851571
45cad7a2fcd14ef7,0.09242699361070043
3f2fc4b74a8749d6,0.08287289923479152
d46b72f8584b4541,0.10245334974820167
7e862f2da8214f5f,0.436543590848349
4c8836ed8e854f4f,0.17386770891246
d9597b2855494d90,0.1558197776672175
e0beeca97d4d4826,0.10416600831442732
4ce0fb3d9edf4f11,0.0901072489575744
af6021394716404c,0.20008894789338316
38787bebb4224f49,0.13783872589958926
20667ffe52fa4929,0.16755073053879838
4ad83e82d3b545f9,0.11375158471131924
c0a9f56d80ea4bcd,0.09513314423178591
884ea89910e84943,0.09397526727616942
e330d4bf5b464cc7,0.08527606527561007
236aa876028548bc,0.09020008501726595
a49e877631144579,0.5911960539543876
115f2d0a71f64adc,0.07926570695726572
d3bd4ee216ea4429,0.11432026794737742
52459b8122ea485c,0.11050616352671355
bc13b1a3dc7d4346,0.17501220340686524
1e3e6e921d8c45b0,0.15890402854803998
8ea35f31238e4f75,0.2218210505904699
932d564bd43d4fe3,0.0922055369854953
a0343254257f44fa,0.1329779728601352
06ff45d4289d4f56,0.09048771486437553
e731222c6e654d6a,0.7223942515356753
c7e0d1d9dc7043f2,0.09127070398239445
cfdd41be2c704a16,0.1472458517723513
e0d1f59589ba4272,0.19583823106224996
1625aa647084419a,0.0979406316328927
01cd995ca1694d08,0.5359297851358621
9085d198d31842a2,0.09155049124169447
1f51895ea8cc47e7,0.8448008851660676
bcd6298fe2fd4551,0.6531745890134409
aec209b297ae4a51,0.11534768421823718
21b05edd2997447f,0.16156896787917346
a9f804677b584e9f,0.15117368508329182
c74290be147f4ef3,0.09403237243983353
94dedcf1f8fc4575,0.06271377923436873
c82c8cdec98b4a25,0.08568942170205958
2df61c68cbd64bf8,0.1438337699587753
0713d5b09dee44b1,0.6576931926373712
a5f42394de2a47a9,0.09668861914613038
dcf932c404f64f33,0.09308013262577414
139eca27c30a4042,0.24490778913995953
984c8bbda0034f58,0.10761089594521375
102ccfb146164aa1,0.08720722809432353
71dd629f10944796,0.09254544624270569
2de9d58dee764069,0.11202013028763347
5369fee1f5a940f1,0.13338939949415
7e8248fabcdd4f19,0.12213978449056927
f1946b4647624835,0.6385070035019872
99576cf7f6fd4807,0.2164356019160274
f11ca8b213ad40b4,0.20852915814250833
820796f609184ba6,0.08256045657371108
50b221e320db4142,0.19399222350895165
5aa8b0fc1c714c18,0.26263328902301
c515fd7c4ab549bd,0.12580782832843435
71e981c884fb4145,0.2129772423578931
ecc52cd54ae94df3,0.0970072614650948
fc83788c80604c14,0.08117705575876874
445db6eb2a1e47b4,0.1973962613743269
47343515a61e41fc,0.11211247086361183
369a5c3967444f60,0.09976874993738187
9ecfd8bb1bbf48d6,0.09449264113584945
e4a793c122d64c62,0.1541688542776879
4fae983565c84527,0.09542920562803535
17558ef08baf42fc,0.21605268707277167
1e87932825d74b87,0.12438450597323197
451da79187974da0,0.0637905577089224
fc64717930c3433e,0.0670756089489383
b56756b661fb4878,0.13496953227486172
e12a69751ce04048,0.4311247050619528
9359d766cb11420c,0.14141122292807629
c9e0b6a049b54f18,0.12037792415877578
ebd4b10bc0c344a1,0.15685220049534793
46c28119ba37421a,0.41652252655173544
30545e328b6a4756,0.10089271684268486
95185b60a58e4cae,0.24773200155722908
184dbc9a632d4a08,0.1897065445136893
62e571d1c2c24234,0.11212260895914715
4268541035484e5f,0.2612139752678011
99be0bb34eb145a2,0.4324857318617556
72b0e811abbd4790,0.1700187859869847
8bdcd439d6f947db,0.3870192136961903
91013da2cc964b9f,0.5436639416215906
81c0ff8252bc4638,0.09108948831701055
a717782459264fe4,0.09333290133998376
8a0b56b9e93a4801,0.2995294212114434
77859dca1d1c4dae,0.8379771235568646
4f88206cfbc84275,0.09115727672251914
62f2168703ee4cb1,0.10490400514480104
2e88667d5b044b0c,0.1313889294032593
dcf69ec828e44f05,0.11591543142270579
d4277ad0023c4234,0.10089236851085229
23f554d112dd4166,0.38351349571510657
10e0f489102b4123,0.12887559420265338
e7b8fbaddd654bed,0.13706118022926275
11364350aab94e62,0.7720947786970043
7b4a443ad0f0433b,0.12431997664158091
21f3cd99cc4349fc,0.19595905582252593
e7b63255287f4f90,0.1298295159849629
58d257f7096941db,0.5564238268577834
fab28f852e1a4b1d,0.08711887275629926
68a65b7803344f92,0.08362847935369006
3654894b2576425e,0.10271475021828416
534ad64889ea49d6,0.11625406462757376
cb9373e6191645cd,0.09909064213443113
fba12a973eae4383,0.20201578531926037
bf1b369818e54ce2,0.8199796896411683
0ab4092aee654be8,0.10257953264138434
251994988ba04598,0.09970448230970447
6b48772307e64d49,0.0948796971120047
208d1eb8edd941e9,0.12781278275710642
e472ecbf2db14aa6,0.05123339303851306
68cf09fa1a174462,0.12993971268368515
96e22237fa534bee,0.08693586865965944
7d758dded86d4730,0.27108397043000343
92d8cc662ecb44e5,0.10289867529647091
6691c7c73efc4f61,0.5418257172864951
30f159c686644f25,0.3401924667562148
83dfc34b3c664c69,0.11267313998873656
17d06f872441423c,0.1524589744200727
06a8afd64ece4853,0.8621323370433702
6e21545014ba435f,0.12237989968003672
8c02659fbd8a4886,0.3143911346144163
56ecb83a2fda44c4,0.13045408299553343
84f9be310f9041f5,0.16690190781801395
83ab37a91f9f4fdf,0.10776634994209618
b61666efd15448cd,0.12705223463371962
deec2cbf784f4776,0.07220803838474335
f6923fdf4df94d36,0.33426539437257224
688b16acd6254a6a,0.5033903926689768
518cb08df6bb497b,0.14328399593648855
b1bda07f978a4071,0.8891955754787415
551a855085a54bd5,0.3236745543914533
9f301cb6ef8b4233,0.10248729676117098
f6b22ac01b8d4441,0.45237366743104834
97d290f881c24241,0.23801642271863618
cf5f5e3953434d16,0.2511112175167793
bbdf0e20eba3480a,0.1561583426182402
58c0e09e41b64dc0,0.3960617702079767
c9921c6788734ab7,0.11435572467076272
c1b6fd1b48c74bcf,0.17344561883571064
ff452b12d4bf4317,0.11462990241590981
c95b76a9444643b7,0.14091513455800006
3b95232e9d7046e6,0.09598202546331708
8d38165cedc448f6,0.10244914185754132
a85682044a454169,0.17826306150230506
fb51950499334d32,0.1620358736073714
66c70c8cb1754107,0.4475679874300527
8b84c1ae34624323,0.1519834353597206
c746230284754851,0.22431158588244093
07df6828611e449f,0.08773803297676463
f97aa0c2f33a4c76,0.10970868928309649
c9c1999b911643b2,0.08897233434776392
07398903e2fd4536,0.1591745566222202
9a3a8d8bc84c4c59,0.08014532335160321
8013d1e6be1046f8,0.1994695027499389
0a84be64ab754254,0.09854149838163961
a697673c229d4119,0.13701788028796238
9c20c9496f414a45,0.3423977128480467
e0e49d6ef6294306,0.12082284943682695
b0bf09396e9e491b,0.10237095697846002
0ce51c75cf6d4114,0.12751450566833014
417a5c056c2c4d04,0.49479870934789716
ea22daec2af74c0b,0.10720025326976519
e41878b9950d4e69,0.23572979543270636
509b3ecf48214a9a,0.2448927336986581
2ce3933e29234c0a,0.1362463485547595
523080bd229441c6,0.6582007832845919
a2c9eb048aa74669,0.08851858346752542
a411d945ddbe4318,0.10413985865491801
aef6f94921144269,0.13268407012295344
119e446fcbe14b2d,0.17826130589709413
ab5e627f76d64d18,0.33123787541471095
e17a6940f3684a26,0.12115270118929083
18475538fb10480a,0.13137593025505095
e2941592d42e4ccd,0.1876448898455631
a549869a79904ce5,0.1491571991613352
f6e6dca8f74f411c,0.15164305251306956
3e3ecbbf2a264c7e,0.13633701223976014
cae850012bd942fc,0.14862971891409815
9d0be83242ae497e,0.21714864962265365
f6691090d8e14464,0.18931398696499635
09d3109114e44d13,0.09289954291047506
ca0d99677baf466d,0.32537837660736835
6d11963b0a0e45aa,0.11192295706361322
522649f9847d4703,0.11618949304142773
94e710d035fe41cf,0.10770192798709172
d3c72896086f4038,0.08791229402680444
376924a41eda473a,0.12339688280369568
386b330dab8c4c4a,0.3130401746306661
c112a71f7f62419a,0.10393325915121833
7a21a2b7ed864fed,0.11212912583753641
3e8dedfcb9b945dc,0.06249938809316239
fa45632d034b422f,0.09617382320019777
9c6be2ad2df34a09,0.3262220959388679
1fecbbb4a7e54bab,0.3532152456202237
e13c01d405414cb1,0.34930814276437006
9a82af4388aa42e0,0.150042085498741
cfb85ee2dac54c7f,0.277852559260502
d31e45175c724dbe,0.3021284594032585
d470439d53e44dba,0.09259625358363992
3dd0e83cf1fc4415,0.08418497749275082
b2f3644c60bb4c99,0.14393409621784709
b416442e63a54a44,0.1240838803208377
d52ae7304c334a76,0.3368526678312129
c73fb93af2194d73,0.3035716550340223
ff2afd0ea3514875,0.1964533776666535
8e41d129daab4c0c,0.1011503905702167
d49637b606044b6f,0.0711420123732129
f210ce8f22884a9b,0.3441024498421309
8d255c65fc144307,0.3289885744155679
7c4f0bae461e406e,0.17271768057318482
c0192c844d8a4501,0.09114368537563183
0616da08d1ca40ec,0.13459079844509564
30406fc042b149c3,0.19682292295953735
2c4cbd2176844b9a,0.09353915631073713
ebece718e3da40ed,0.29837755684557254
ab9a92d94cea4fcb,0.08980178704714634
9.50E+15,0.10963403339772104
427ed449b675470c,0.11234624474284353
01cc9f2eb5834719,0.07060185692526504
8ce1ec65780c497e,0.4509778319663505
abbbea67f183443a,0.16522380372848783
63d84c355d0a49af,0.19003159421716478
38deddfda967453b,0.14866551605757108
9e8e67f7254d4ba9,0.12785026160960014
fe4270d442654863,0.05819811921384479
67797c97ce014d62,0.14001901275730647
d83b0d1b3f974e56,0.2692812041017042
cc8545b6455948c8,0.9071961981684254
bc7af8b11a35456e,0.08606498801641005
f168767f45d749a9,0.784917386400512
ba4f4c0ecd94449c,0.14853300406949008
2035a3952dea4d00,0.2176033506567226
1b7eb4a8aed14e4d,0.11586001831929342
8163bef602764d8a,0.1442322606861764
143302547f174f7b,0.12000256845514454
e49099a4775840f9,0.14559771029996482
4310c75cd89440d6,0.10746995758266063
dc4d4687c06a4384,0.05921353209096898
dc0a86eb9d4248ba,0.1502132866279325
26bdf5f579d74f23,0.11663996518237855
23f61b656ec341e0,0.672083384014795
835df4254f6c4616,0.10603986789879132
d0390c514a574e0f,0.12055785509201246
30127b0fb2684d2e,0.09642948485790277
7df5a33a261545c6,0.2310785167637334
d81cad9e62ca4eaa,0.20493710826371248
9f8d5536f1f047a7,0.9067551013787526
b867b7f6c0624e24,0.07382898760025149
9621e9d1318b4348,0.4096018131983625
e01557bff3634e1f,0.07922023474266264
2565bb5114834bf0,0.172587139962655
2d254dea47fe40e9,0.21617311829595626
e624acc0ae3846e2,0.15044931942065756
cab2ff98f5054c9f,0.11713232744751055
ffb16e73ddcf40f3,0.18824274725925594
0b7986c28cff440c,0.2720777419908523
0acb05c06cc149a4,0.6089178707971706
b569ee8984f54873,0.06428608861335647
e889fbf2a2924ec2,0.5444663076329218
a4a22f1e8ac64e26,0.22172934244240156
af2415df2f054fe2,0.09125362958085168
653866ef5b864df1,0.7934007478260748
6e855c29b09049c3,0.23812064428817192
f6583e21fc244209,0.23952259595494202
39a0cbfffe2b4229,0.12911837188201336
92900095433841a7,0.1320822686334794
91016032a0b841ef,0.08797992146744812
c815021751fd4100,0.09018442474205209
f6cd7d5bc1f94562,0.13540394133696518
0de7e33a976a436a,0.18942549931647323
cbee0a542acd4130,0.11623900477145642
7d96459aca894037,0.09553190095223493
8549523cca2f48c5,0.31235073951851294
945390e286a9466c,0.2579792015561875
8f6cfebba9bd43d2,0.10030596017179126
e5f51d5209384c8f,0.302914947526235
135bcb5035b64c4c,0.7504892145491722
4f87fa607da14caa,0.13797664060250436
ae67989684d14ed6,0.10876348792168355
f67e1c032e8e4347,0.08372120764724006
437ba25cac3440c6,0.13661375964185624
93510c94ba354f51,0.07960237938250858
fa9ff83de1b94a77,0.11056588673796094
473986a183b341d4,0.11212317457187122
a012445d6f6c4f84,0.1888076686643871
5419db2019c74d65,0.10477642809548653
8a5b0fafef414706,0.1210197741432197
0a15d5cfe5694193,0.09282142323291671
3f152ffe98de4e61,0.13793561754348202
d0e3976536c64feb,0.12011483424774838
7ac462260b554596,0.3448383666200549
077a3c6c458247f8,0.8610166316086612
4535459cb4ce410d,0.14197493353343235
e89cddae05ea4034,0.06937540515743336
c22727fc366d4322,0.0811655104355231
0053ece030834b8c,0.211454603643943
8079edbee4cf46a2,0.1877791985691663
d6cfc5bebb434434,0.14045901866507848
adcc547a46df40db,0.122465206707444
3c3cfdab9c46402c,0.3718466394368416
71e403f4dfc34cb4,0.0891534991081336
49e2716a614044a5,0.1514576868039593
b617ec74bc764d55,0.1352093014204147
b77800dd32da496e,0.0882290902080575
00664ccfc7d14414,0.22449274172872755
319952bbccf5435f,0.3926076842465747
e05acdedbcf2454e,0.11318731654363999
a743307afe3c431e,0.0896598614619161
f404c4b57e9540df,0.07130420654001156
f3a18090d2964d5b,0.7900043173667498
751d863391e34e80,0.13319263206807505
360751450d994afd,0.10109963129524081
c53d721e1eec47e1,0.09130641413157903
321c156a65de4a78,0.921272017575968
e55961d417c9477a,0.08808108954853354
7a99c64d8e294fa3,0.16187163450990621
7774aed9525d4594,0.08314070245941883
e825f6b4dc1341b9,0.09184117567503856
62565e60e4134473,0.15106523873757008
9361b44d46d646d2,0.09212466265178242
173a04b5c73042bc,0.4945820394059229
1d1897619f9f49c1,0.23959004764583944
b479d79ea80543da,0.10039024324748819
448368231bb94be5,0.3423866381995838
57503ad6b0664d86,0.06860289237906655
610bc10226584f27,0.07333626112757065
4b4a49a492bb404d,0.14143111562010877
1b5c33be7cef4561,0.6430324756201186
7ab456b7e4bf4941,0.20419940697789876
5b09380080924228,0.13281433842728255
6b642e9cacb74b7b,0.19679459159671844
3e2db446758c48bf,0.09610214845975457
c51048d1c6b843dd,0.0939172720783562
31b45060df4f4b16,0.09291607246195606
af9bf25f78654d71,0.44044240995946565
d157ab4f523d4e9b,0.3661499146191973
55a788406f904915,0.09645887965064211
e935026a7afb479e,0.7669583850863484
b87f8358949d4ebd,0.10656300504288278
176a13e5f9f44570,0.0848268978027993
b08dfef575e54c91,0.1849968752050556
c57717fb7b774f10,0.14943035235438856
f5448c36c9a24747,0.29266880092883496
4e0ba93dc09f43d4,0.08702521075798386
2e10530156784add,0.2657240276298234
29b14fe0604e4087,0.0880788781595238
668ea469cbcc4ce5,0.18027574879766964
caea5cef2ae04271,0.10657065991810599
ad4bdb93db184ddb,0.19588335101430004
459a75c6cda44373,0.2520699533996225
b7e04fa5ba534b36,0.24967586666070177
48a4ed6495094ba7,0.09718142845716425
e854c565eea244a0,0.19437126865403367
e62f6ef491264ecc,0.08454128689677537
acc190353dc94ded,0.10167398456377083
297072d242104d62,0.08199227974738028
427443a763574d7e,0.1563812721450868
41fac3465f8f406e,0.3057601021769791
dbbc08c158664017,0.23222134355266058
32bb975e94a64146,0.2684204864625078
6bfe2cacd7db4eb2,0.7104931233492071
b13780364c834e03,0.8025626703684198
ddd7471fabb94856,0.11512692240821883
f291a4080f2a4290,0.27492537693933394
55c0986003454464,0.18554100290860945
d83fc326e3f549b0,0.10351364237152337
0d194144fdb743d1,0.26202181763990195
170ddb5ff52247dc,0.14137735781092448
aeead0fc54bb49ed,0.10562989008266328
d02eedbf8d8d43c5,0.36839151867195735
89980e0217484041,0.07944022372564892
02b1e6b5c5cc451c,0.221618352750127
992ff420010a4865,0.07229674699982831
5e9f33e24afc4d54,0.1280144595337747
1a887fefb00a4cfb,0.43414587867865034
8d038e6f6d024969,0.09391195629120991
245e4a9638c64ba3,0.09696182596351262
d55ea23e8e5743a0,0.14967106769325858
053998c924db494e,0.24747967159783515
d1cf31870d4c4e5f,0.10254071955162584
2f2525ab4c3d42c2,0.10428003758716044
c117bb8e46ce4a3b,0.07018184847478182
2332a814ee6e4a04,0.09403914122555665
e1314ceff9a54f3f,0.18670862339052333
c640ab9988c54cee,0.09435746269509372
1c1df746e53d4471,0.07161993660108662
371fcae9f82040a4,0.8481473081736841
1ba49c5adceb4eaf,0.2200855338977449
c31fe5827a1b41d4,0.08724304165203202
c90aeb21fd614259,0.08500654040553504
3e4629eb87064336,0.10552476538311008
3bb2ea5a2b634d25,0.1410247409368004
7a8aab602b6244ad,0.05735100187986629
345876d503184b7c,0.09011682930720162
27396567581b485d,0.1317949852320102
c1a12efb782a4a61,0.12542624323973628
586ad41e121e4e23,0.11786193967981227
1390d5e0bb5d420c,0.24060381895633762
ff572d335456457d,0.11514122458812474
f96df83235304bbe,0.07970192888409408
0361fc3a2caf469c,0.10094683428090678
8488f1cd414f48f7,0.1272881253882979
57ee3c46fea34380,0.18557793826654811
c9050429d85849b0,0.5682001519616992
c6c9f8dc7e1e4fad,0.23443220363898923
addf72a20bc94579,0.1423221097964334
495d144b2a51485a,0.12170828888227758
b9699251e3344c3e,0.7230430549255898
e7b2cb0261d64c23,0.1271600542704652
abc61518774c477b,0.15561632464496108
7e3a54dfceaf4ff4,0.07946629422971963
845b3d566bea42b3,0.15982536314735
0a8efc0c87654554,0.3180788200227295
e73ec61a8fdd4d35,0.06410323318215358
a4a06f0970504cc2,0.0584934008046417
62bb01f30ed14396,0.09553190095223493
97b13f92d91d4fa3,0.1916704581183345
1720dd21232847b4,0.20800679225196528
bfaf6e453e3c4d0c,0.14039021997628237
32fb4c871ba845f7,0.13037360958985017
2759da089ad74e2b,0.13163640674000637
a21ff9f68b684818,0.13590742301318992
8d5e7faf80a24f44,0.10029612602233745
a89b869e1f384078,0.1182207884382929
b9bb0e7d64c443fa,0.15082516125455347
1bec91cd3bba4065,0.0939466329464395
09ed516599414add,0.09316693856561335
fc14adf0f3504382,0.10334010965378537
7370ebbd166b4cb3,0.19754115309119077
222c6373bc644b32,0.21426995121589684
35255e10f8294674,0.12797444332895497
c30260ab58ef47c1,0.2076359968832061
d5aa9f620a0a4cdf,0.11235737525957586
5037e87269964c17,0.5558389463062873
7c8beaa94c5b4868,0.1960312451910543
2b76c996456b4bc1,0.05495450257394343
6fcdf72669384c47,0.47480412177495146
d7dd601d58b648eb,0.4150516177334832
faa06993b2bc44fa,0.19324241103549145
e9644ea25afb43b8,0.23688144039338768
b5eadb08004c4206,0.2998332586285849
b613baa3dd754792,0.11508531359574907
ac175ed13f68448f,0.21927001931416734
3490e60c117e47ea,0.12275610471700844
eb5bae5b962a4e76,0.40008872812122426
64fdba464bbf40bc,0.17812700657576053
bd1e51615b934bd5,0.08632073825451778
a799f350a8944eaa,0.07649690371587893
c1db86449fe04c88,0.29671600214241345
9858e4d022954e28,0.1794422650072377
5910942eb41b4b8a,0.05296432378842737
2a1117d715a74c53,0.10604249522793996
fc25e0be270849d4,0.11262527655443438
a0fce3a920c74dd4,0.09979928694081996
88ab64802cb84a4e,0.8038944816899896
9f0c565eb64d475f,0.3524818894230359
603c4c1b9df84b89,0.2700143133599554
6231d6d7bd39400c,0.246515174053039
1fe6d0705f2b4e1a,0.31435947259647967
c381ac06f62b44f5,0.11435770625139952
28d62b7555f84410,0.1294238391343369
ffcd6ee7e32d4523,0.951516498161479
7ff7686dbffe46da,0.18872549578331885
2e6233fd241a4e05,0.07090424013840949
e556b1e466a24439,0.08646225184161296
bd08e452922b416c,0.10088628501877038
7d370df9da2b49f2,0.2484872032478512
e61d30afbb1143fa,0.18221004739092353
ea7539e554bd4a42,0.4154465033618649
f6b7e7a109c14c1f,0.8036241092650946
fbc88e48bbb44fa3,0.07932586593501248
e350a93f13294751,0.07577847907854127
543d9b41eb454a54,0.4691598310785757
5f40b73913414d14,0.150781808203146
928a03154b6a408a,0.11510782924675836
81ef4d43d80c4e60,0.1672542830599523
a113180741734b3e,0.07767827072015614
ecfd9008e8654eec,0.7531927333422131
bbe37e63e05c47a7,0.09601680152148902
5a79b423e45c4c8d,0.09329702129554344
6d7854b886db40a4,0.3251663054935446
45fb4a35dc92446b,0.8771630349330183
62a1a8580bac4762,0.3662098353184438
817469e9f9a04db0,0.4039713653602358
0099aa063b0a4762,0.0942804965324409
64cccd8574674e20,0.09729339603966355
dd3855947b034af1,0.12657015328669602
caa1fb3c75104a9a,0.14132008179264244
a44c7777544947e1,0.16333875897201286
50f1f42f41534ae3,0.29553660906219803
db11d303aa5e440d,0.3179707143426935
2e44c684b90a4ecf,0.1380031086072734
6ff2bc2581b44e9a,0.10631823868255531
371c9c5b44d74eac,0.6452468667058878
7513645e57474768,0.1818360057669211
1f8be7606e954e99,0.15713396926049678
2a5d3e64d9b24d5d,0.36122375356945713
a674d5de66df4427,0.12496491708083511
5082e89100dc4ad8,0.10521375987297281
dbe2d004b95d458c,0.09759869189144926
00c0fdc0eecb456a,0.1707696338488018
d9ecf59fdf104ab6,0.2703972041690584
ff228dc730604cca,0.0965739046434678
120658f2f1db45ec,0.10644622672424182
35133129912b475c,0.1052946556033005
6dda4b1d1fa44140,0.333108524078057
82c766ca864d4960,0.432127139356747
9c88724e1f594768,0.34364970525906174
ec379e0f6bb841f8,0.24345357600277867
e84170afdf2142c8,0.09192796148601186
3ffa45b77d184209,0.09444043199526687
bd2c444fd9014fe3,0.3563191918228437
7c2b85801d7a4376,0.09564641845300577
1fc5173f042c4a76,0.14250154593776682
b12134908f1843dc,0.10429509631691253
7ff457bb988e4eee,0.10409249093764193
291639a313554db6,0.11878531084281797
280ce3f5078f4915,0.36938225406402525
6e415c57216b46cd,0.09958917996483238
42439d20ddfc428d,0.22903816411632943
0dc77986e78b4600,0.07637606248014324
484e02cfd3d94fd8,0.594939853442481
a5d702e8a62940fb,0.08085430291301024
95011415989b498d,0.1691814536700244
e1aef0d2658c44a2,0.10335834148404839
96ff1ab72647409b,0.1460344917412523
9bc1a6079944460c,0.09000488462087232
2d87777d33584d74,0.099899331448981
443a04ce41bd48fc,0.2772632250051294
ac1e9af989bc448e,0.13715518596564888
4a42481020334cbe,0.10900149491783487
1261980fb53841f0,0.40555660693143764
bbcf315c67644a76,0.12167867537361843
6203ca2412fa4055,0.1085569813644165
2c29daebf97c4175,0.09756400946090632
e53d0deb458d47bd,0.16136238139129971
f3651076ee56418a,0.09994440269250024
5647f1b2b1ae4df7,0.17960505121253348
8189bd24625e42bc,0.4700908666112136
c91e76c9cfdd41e2,0.5097367502766921
9d8b9c2c6b9e445c,0.30930183946229395
16f5250b55294c97,0.08682053012125694
f308381594f643d4,0.12095949627963366
3d3428c0cc57416c,0.08179016492079981
b2b01e647ce04c4f,0.19585610087802402
889c45ffca1547bb,0.31936651441775915
d086be35e2654be6,0.7062341940391107
cd616eba663745c2,0.28761099623285835
2dd2d567dfda48b5,0.2730245764185841
eb97da73ac344fa0,0.11918675175389955
a5edfdb30e1449a5,0.07515838816117765
e45f5e828b814890,0.7164590446568349
74cc21aaba724c1a,0.1847185467933371
74e7872e078548bf,0.12143201908254662
1fb8978b9c2546f5,0.11270167761021103
6dbb32ea83a94347,0.10904750993901344
d7eee9182d974af8,0.06928277801994283
2bea598c2bd44a0a,0.08900382391808967
39397ef1976748ed,0.15679689412915354
bc99c5db75944bdf,0.1544353096952008
370f33fa1ba14a79,0.13089137576296925
491ec671e2354593,0.10911874492685122
d60fd73808e04021,0.08175814921934237
9c270ce1041742a6,0.1380419927424204
63c68acc80844f07,0.11318721487006247
69a88f56f6ba42c7,0.055972344071968154
ffb96b9c1e9843a3,0.10383671676889106
c4fd09ae3649417d,0.14187926030034512
e600eb2549034b45,0.7606793303591685
0a2f207937ab4020,0.148143725707437
443c0003bd6d4a73,0.3528237743630421
337eedf9664b45d2,0.07464405479992559
051c19fdf1e34ddf,0.10703315028745267
6a311aeea4304485,0.1513071475454926
c49c6c0bfca74e93,0.5235963983930095
7b0c50b3f3594905,0.5090439827316441
6ab1e09bb4ba48ad,0.1370589127852968
03db893988e240fa,0.1085996266703816
937ba6647aab4c45,0.14303330583011847
23e09feb74fb4d00,0.1380181023804774
d5c2d8479d514753,0.36587213451135164
89af33e81f3a43c5,0.3838544717994927
1c0dd867c9c34b7c,0.08262729014110219
70ba1978cbb64e74,0.1023477666469253
b10924d89dc74cf6,0.16509611124682957
b36847f54a724fa4,0.26268560396464685
6a24c5de500144bb,0.09036801456080369
6c4b65fd9dd54a95,0.09321138335833144
1b74e2f4c3d0444b,0.19760801933965566
e7c50f81cfd641ed,0.13587006795409348
5f49e95567a14cee,0.11804845450641586
b91ab76b43df4579,0.9065002054822603
44ae0f70ac7b4314,0.2862962112801852
d1545d94c2a4435b,0.12364125710543891
efdd37c15ea14071,0.6071336217319667
7290a44d5adc44f0,0.21522600560351648
1584fdbc50b04d4c,0.1582859889402741
2d44fe0e77134a40,0.0917192545612748
187ea835178f4f3c,0.08967473958568475
821e350315214c81,0.13528367788974666
c15e62b41a144094,0.12776776179283095
24020912f6814337,0.24833607625244355
23fca3df04bb4ed9,0.3096478660055927
86f5389208304f8c,0.9300897133243295
d64de22fb9fd44fd,0.6920096175577811
cb7ec7ffaa0b40b5,0.9702594248674998
1df808842cf54983,0.6660671888187087
025cd0cc26b54862,0.9626702332316992
b69a47dca4cf45e0,0.43928001686896095
1016eb3968e84795,0.9034761691220934
2daddcf0c382458d,0.7278867901428314
099d833edbf14eb1,0.6193107401776258
19259fdd7f8a4427,0.2868222228322065
62013f5626764d54,0.4871287595482889
1feb0f53216e4406,0.9412762961866897
c35a7304b5584309,0.9352186241353658
a0af1d65511a4d91,0.8819351795121051
0a21c7af2a73414b,0.8791983927852532
c3d3c6bb58904391,0.7707745515437603
8af9ef25b3d44d0e,0.9791617444174365
799c8962f7ea45cf,0.6745294780827993
4e6c04895022475c,0.9262736299335218
3e2220e049034cfb,0.6852612721577926
c08fcfda56c14132,0.5388114861687595
f3e8322bad804a43,0.2411973419194637
e372f8417c4041c8,0.9152359363410709
5a7deb59250c4d4a,0.9416575210195676
e659b8e7250a4871,0.9838857880591061
0e9c3bd1014f4257,0.9749029010277668
41c48e83ca814e73,0.4064024772232987
2e3441bcadc94e0d,0.8218024374064549
b7dcc5e685214517,0.1963119276732496
394da6d80a834c19,0.35534498105621176
e651e526f5d74e0a,0.7187098405637647
244a7398b55049c3,0.6864095258139312
20674593f8414e0f,0.37023277046280406
7567ddf2eea5450a,0.9053553088719427
96e099146dce4e56,0.848184441869631
e0fa2dd09573428d,0.7486322527592343
0db40595a84b4523,0.261460814182067
e931ab60851a4fb2,0.7568136519456046
5ed5352fa2354290,0.4581565708970143
8976ab8e045e4d00,0.3153424818194271
6d9370f313a34cca,0.8639659503215279
2574d0c594c945d8,0.9198208072259975
0282f2a3530d4c6b,0.924061816128467
ae1581792fff4de7,0.6915487279178213
79c2829c11074752,0.8577303301894983
1674eaeffe724d3a,0.5549765732440873
45d8130a4c3e407d,0.722897117310299
ffb92e6988e84394,0.2117332371872213
67f614c3fd5840d6,0.6383168223001118
980c06df321e4765,0.7120742730048897
a7c97d7bced44546,0.9194187927059931
440d78131d304b34,0.9058562435007437
faad0d8d812a4bdf,0.8557091276984188
e0aea3612f144994,0.3778667728667266
93badeaacbc94ea1,0.7899559807347004
f175d165792b47c1,0.8591250276990847
4cdd29560041467b,0.9699170030170468
16a48a1dff8a4b36,0.1883637207466415
162119dd6aa543c8,0.9699883966704496
1c204a5670cf431b,0.6246029182546707
8f350b3802814c7e,0.8846522729247379
60b5aca8eafe4595,0.7692277786923694
cc38ce0a3dd449ec,0.4798972788847164
46b48b4b418f4e1c,0.2744549633952519
eb55f044669045eb,0.8096206337717752
bc7884e8ca504641,0.5602763778072105
d73b10c8b0434c4b,0.7445167501591592
3ed45a7437534916,0.9263867779033106
656c22954fbf466c,0.9675174689559705
13a16c380f0c4c52,0.3758525212881817
99c1afe663ab4aad,0.30079164339325215
f2a18ba295e44d74,0.5430984624356073
9250c859cd14413b,0.9527054898582853
dd4075dd7a1849d9,0.5105485880169552
82cdc015ef304a83,0.32511439853772417
00ca799b68b6457b,0.9614859964526066
17a06335f97b4fd1,0.10773999592588411
6aee976ba2244510,0.19223299759237267
fbcfafc47dec4cb0,0.94772555610581
4e33afc7b68a4842,0.18940992323970451
8d3fa09b203b4e91,0.9241710853789196
7aa085f7d69d47d0,0.328315009150387
b520a2a315ca4f93,0.33055351102019787
4290a4872d4347cb,0.35055448478136486
63427a27e450427b,0.7760436057664307
dbac01849b11466f,0.763187308144261
c785c1b6ed014de0,0.6741239590590771
a81c1e9302804f33,0.9389328127658682
06262fb50668422e,0.554444263168345
537c0ed2d93648a1,0.9349368005462566
0a8213763e614a04,0.27378542648609394
3be768d512c44ba4,0.31838292303108523
cdbbb7199b71441f,0.8623177367762651
11d8fc846c184f61,0.932189555760123
bafdfd09dda84035,0.28979065561106593
f4da6356d1324876,0.7592106850859919
2fe41a0d4811452a,0.36029110780779067
7ef2f9d1d2914166,0.9169370039618008
1da2dce4771c46a4,0.6090937280005251
f5b2894ef7714cfb,0.9662050037911244
22e5a9b53cc64c01,0.5954404272226888
cfabe66e5fae45bb,0.4278815509758409
603c42743c1a48df,0.319377032992339
143b1df517044b56,0.39523013506908256
02476cd31eba49ad,0.5358455056360973
d102c73b3bd842a6,0.7706317890214148
a4738eea05524073,0.7608686771185196
c200dc28ec1246df,0.11894280456399527
1799a2be45644439,0.14721261259351603
34963b67511c430f,0.6685320231377815
078f1beeab2e41b8,0.8808499137303357
f8b123a6e36940e8,0.23025947279720418
f71fc071a2b9484a,0.6928199870209539
7646e90517ee4cad,0.9117064714727833
5b486fe1c0aa4cc6,0.44095860643917417
fcbb12bc64db4f7f,0.6645065299128239
e6e7e694ae544185,0.17563583137900576
4e18340d962643af,0.18513627988702686
3b0f6bc141d84caf,0.14661553360608828
a98620c18f084ea0,0.4104220852059129
9bfb1785b21d42ba,0.5455335627785336
0fa8022dc37e4e61,0.6901827465506006
1c3a26a4a9684cde,0.19363771326939658
03b4ff9f7f934c76,0.8551727108466394
8f3c995edd944735,0.9211894761238762
18d2e2192bc14379,0.9594366252574772
b8a408c30af64e31,0.8933810474204622
55c596c818724552,0.926927860318879
edaf341b85414799,0.9575293577095559
93d50b65c56848aa,0.7787738762698009
366f014df2564682,0.14404272420291056
56ea688733b34eb2,0.9282297681243609
bb64175b06374922,0.5462186619099306
eafb7564b31a4cf1,0.5280122292901235
296b5f5283f4496d,0.1608865649966189
c1065e9f4440476f,0.5284308466994214
7fe3faacfe0c417f,0.5791651722603911
7e5355da89c14bf3,0.2573040880075662
87c6fa903efa45c4,0.8291234164339796
ac4d4785a54246f4,0.9559826029612547
83d0b11bb548441a,0.2686136180716975
f631158bd01d4727,0.441227059135844
195d78a205644d1e,0.805984066350035
528e29d73616459b,0.4588594377503573
778a10c7a6794c6f,0.6113684902860985
13bbaae7e3d247e0,0.5889903456653031
04eb29ba362242d7,0.3879050523374177
1b60cda742f5464e,0.23224666209486855
242af8db73d84995,0.5057358501706956
1f34221be0dc4822,0.9219730721163762
4dc57cf83434417d,0.12578216323810587
50fb8456d0e74a55,0.6530801239654629
a0dd737acd5b4539,0.3137628586642614
af7a84f3cb7a4f49,0.8001670141953406
00b0dfe4547c42c6,0.5096204656722659
41a19fd0c8b8417f,0.8576094800266069
105513a50fd84e74,0.3415181033556711
e658f698ac3d4e4f,0.8339351157902634
1dd3ec5c7ef146bc,0.9192466957585503
89ec0e88551949b1,0.9534839463572387
df64fef7c2284af2,0.6279153055027102
466beb2e10a345f1,0.4317928841353224
3677cd00a9d54f94,0.9595159878258073
37ed7243d43944e8,0.5196941703421564
aba5c6f7f4364fb4,0.5811455187083303
f4b1038914374448,0.5303349950339736
18043c0cdefa4188,0.7408545668978683
c44afbc13e514fb2,0.5080947921595432
dee38055908d4739,0.5731543845055748
ef199ea078f04335,0.9223288592179122
154dec70111547b2,0.7538066551876121
fa0da1032e5b4484,0.8094525055751
1727b3c6a93c4fa2,0.4222518360389518
44c74286a3b046cd,0.400943963673093
6f410ecdc0d340a6,0.2617325078865742
a50d133386df4998,0.9011838798421917
43a19f6232ca4ca8,0.6797800739605484
d03d8573cfcf43a7,0.32909605280708254
b365a29ed4114ed5,0.8690786433412503
2e628b441a854a64,0.7333793299503697
4df7ae7bc5fe4973,0.613752335441386
4890c0f9a68e441d,0.805784808935384
4b8b88c4d2b1494e,0.7191266037994856
061d9745918548ec,0.9649979382673326
383e73f485994e6d,0.8748398376569667
2c28542d2dba4434,0.6706772302760303
bbad9bf8b8634491,0.9076494013749197
e75018c27c814f08,0.20840334713241537
d19ff0cbb9374716,0.9030917849204082
7d958806a2e940c3,0.5717483028259727
1ebc6c7627824751,0.47663169476255257
c3fc51f72c0f43dd,0.802990444746393
2cca12c860b04092,0.631047856063384
5e795dbcf91e42b3,0.40615681877339116
288b7e8088554b40,0.8734552576162048
21d37fe26d8f42a2,0.4567000372475067
1f357e2678a24629,0.34663486187645826
0f73859cab934aa9,0.8732529977924667
94557f5054534b8a,0.481579113458529
40b93a58305d4f80,0.8464827927999465
c64c662e23de4c28,0.843102363052003
19ad8f8bc4dc49c9,0.5489319334878949
9546e52184e14b96,0.8837614190710905
9c3ed93710274e40,0.4614372951459647
12cd1f74c03448ee,0.7074893086334779
f0621df9a16840dc,0.5884463225845206
2902e178d87a45b4,0.46094475101945737
dd78c56285b846a6,0.9755196607979126
0c1a7422d3204c32,0.9259497768883241
14770c74d2dc4418,0.9240511620259141
e4740f5525514a0f,0.9555841159114605
1f7c797950d54e3b,0.9285746911086623
839240dcdbc343a5,0.8037766824376794
7b0cbcc2f22f4b5f,0.7596745546941871
f53b50db19c64078,0.23427128133186015
05162be1a8f24ba3,0.4676810528873735
350b0de76ab4444a,0.9288659144277011
ee042bfb3d2d49d0,0.9469440172358377
48f26fc1fdf74747,0.7573692436354751
e77fc9821c984a2b,0.8182914204743265
3b0e3e2d22ef4417,0.505614612550305
3d522db7cd3e4027,0.5366242810673261
799db6f217654bea,0.8878808172207201
2c875e34b1a94e55,0.15111343824281867
014cf1f8e2ba4506,0.9739130048759275
417d723163fe4ca4,0.8741147085247293
b3850f23e42f47c9,0.6313914721334586
82f07d4148a843ea,0.9413028179294404
ca8a58a6dca44333,0.9710715993175649
e96374477ed64cd9,0.960251281388024
5e60d7f0a9cc4e13,0.5562151422316067
7a433acc52d94304,0.21730518674278315
b65d8fcb915b44c1,0.9701010553406607
cab472af21484e86,0.8205399328494722
4e659f1468af4e17,0.9038590262335923
163c3879b9c84542,0.41237526568787153
dff4e509a0404f39,0.9649460714182615
9.13E+15,0.37897341030632037
d9e563915a6743b0,0.654715023919427
87782cfad0394193,0.5669049244984655
08b7940f9b004804,0.9128105592077844
a884cc754f274a9b,0.9735778230032571
c4a58f443b984021,0.7702236901597576
1c0be423572c4924,0.8646463352063792
8871368e95554286,0.46233875647453965
39a5554db0824d77,0.8667622919083612
3ccb46aa27f34aa5,0.7487895293234983
774198cf52e5464b,0.36079478735327314
245c5e510b5d44e7,0.8906958088923059
c98154dce7b1419d,0.9611995973449776
dd3bf5aab89d47e6,0.5522557522443264
b6159d0625a34422,0.73534067350479
dd83be6a8b604017,0.5830618718294611
fbfd8c9e291b4a34,0.9560128852299362
449fc39d65f246d5,0.9341215657665144
9680bd1d25274bbf,0.9646969098825728
ab1c4cf46edb4f67,0.3026443136528924
b2a516db25344df2,0.6717031401546433
916aca9b67ce4933,0.592792481308916
77c2abaac2954d5f,0.9126131414489382
00b31ad8f8014a39,0.3703521774666172
6202bfdafeaa420d,0.5236140700345645
c2efb9eed3274c16,0.8709068892564238
94cc6c011a5e45d1,0.895991572105028
749682b919934572,0.5330975367307204
b96878fe12904c50,0.7837209654069961
dda7ee19c1d147e5,0.866497388318689
1e810392cabf473e,0.4761138951113991
d928ace392e54a22,0.8203415647751522
a4a7408e13f7420e,0.8473432788433012
f92209e166de410f,0.3332154960830307
44f70b8518f74abb,0.8278680710902362
af19de6263804b04,0.6584071193027031
ad74cb47b3884676,0.8507335514825636
7c3b21b6b64847ee,0.37303058937083766
7df10ae062d5489f,0.9208384327970107
845c6d8208304c05,0.5320468152124943
5954cda1d6fb4ca5,0.5874816248579002
ec7a704be7e44542,0.6989870239197159
3418f865cbb24509,0.8579693770081377
199d8ac4a35f4434,0.8509477227921104
3daa6fa93f2245e1,0.9191110633814947
b98ba9e7fe4243ab,0.33235174153399194
b650b2c7bf694a06,0.7189903655709077
1eac9fc04b174f97,0.740689888424128
70483b8e9a884b54,0.8268884144493424
03f0a8efd43044d3,0.3598655024628589
ebe24c1192a14262,0.9359046204520954
cc163bc44c0c4300,0.8649462742102783
1e427b43c6d4413e,0.8795609788528173
15001aed60aa4210,0.6312242114098726
d133d40f602b4acc,0.5826618355066073
2cbb0e2ea0694dba,0.5139892765560063
aeb0b35664454b5c,0.5000142296500619
7010a395d99b4e60,0.6248533618556429
d7d23eeb1ecb4160,0.4907253936177393
aa42c59419f844a0,0.44212241444828276
1d69fd8e0bdc45b6,0.4752263496670403
a15416a0743e4fa9,0.23272160847412898
cfaa1ca402924e36,0.7998041578738594
8fb0aa521ce742a3,0.7760121524928844
beabf97fed0e454a,0.3022844588343775
0ab7e41f0ae5463e,0.43715728999101594
74d3f8e5ffa047b1,0.23140595983882828
b719688b114f4309,0.7035142324862594
409340b6559243df,0.6423098458112585
e8af931244f44155,0.24377446816896445
98f3de5cf8254911,0.44696328361922666
37d007939c3541fc,0.9542447082981391
87a81ed91acf4209,0.7419477587833077
8d1b3a1c4c44429e,0.9078383103054718
325455b5c5d44307,0.864792253018354
a5ee2ccbc42844e9,0.5275183275396678
ed991060d714433b,0.3882350766366404
d3a2c67531d0482b,0.8936476440176521
71231dfb17064047,0.1534529897369379
68c9d1a19f19441a,0.6482119805554286
af1a7368073a456c,0.9213446580058328
f7da679f774c42a1,0.26771801148510826
02462246889f4ba1,0.8852691489279668
e6bb9f8cffad4e07,0.6134573685996335
319274a5d8df4451,0.621653148864808
26894a3cefda4c03,0.46185241194700105
3d644d2659a641f5,0.8296190860351531
1b154636fb5c4013,0.1908751476416579
ee05b3ae52c64675,0.8464890900326635
5a0bc7c938304b9e,0.5638605162514223
09bbbaafb35143b3,0.8783947748083704
7452a6a480204ab4,0.28054198947405096
ca2f539f396d4c11,0.9307360359009464
2fad7f3c8def4ab4,0.6826903190616168
5981c2a2b1684d12,0.49442302126592264
65aabf511fda4485,0.6802825169824788
1b49df1a71574934,0.8610766999062291
e8fc0541858d4c4e,0.9564625990897281
5bc30dc27d334b6e,0.5110498834743499
d980e24a84cc4a22,0.24722937200652195
648f2e0d5a9a4c6f,0.17371626906346033
053576d203a045c9,0.5817397555811941
465497438d88489b,0.7133955340838112
e65cd69057af4a69,0.5091888551643614
9f24f9f9b06c4ced,0.7533795398584759
ac4b469e7cbe4d12,0.6340146220728974
540e4a80cebd4657,0.32847218037731557
9.21E+15,0.7112967156675487
4d35b32b942d4d58,0.7745872843072847
12d337631eda4a10,0.6555937851131001
eca29ef4e42a4384,0.8007129173010945
4478e857ec3b4424,0.31985812638401184
d854f959747244bd,0.905495346662231
0b2f4ec23d594b90,0.8132494860936914
c6c58d1681e34e02,0.34296651168236597
0013434bd35f4b07,0.937247098009091
69da1cafa1ff4446,0.7263783119190154
82be5435938e4acc,0.9456216708179257
018a89ad3d8249e0,0.7750736707827435
66ae034a320a4baa,0.938348097510784
cc88b0fe83dc4501,0.6501788829136635
56539c9897f54d1b,0.5703461721663308
f87b51f413034cb3,0.4495406675803826
0e93864c1e9e4f2e,0.5650165809309478
dc761645c1804517,0.940278285861262
6c30d7a07cfd4c53,0.3929637541994064
57852bfdacbe4002,0.697574303232566
905f65bfe7ad491a,0.8774067981868152
52e21bb2f61e42de,0.898970199698212
bf334caff18f4763,0.8790441939998549
b74873109bd64d52,0.8244103489491521
18bd22b0fff74fd4,0.2719278109894681
5790faad9031406a,0.3115230100953011
2a9471024a974425,0.8172945432314469
8d693799a4bd4884,0.9584726728529193
65e1cccd89854c7d,0.5441629877844408
1a1fb402b3744eef,0.7150060229553641
d8bf986dc6374e54,0.7129709911071599
0c94706b4960487d,0.6034410484768352
aaa41c53d2e4464c,0.9435242260461332
13202e530a9e454c,0.5259946900279611
aa6f902a27ca4ea4,0.8748268292722722
5fd8a8159a6e4428,0.9508010964805788
263663417e6d4fb6,0.8273273755420429
243761cca2bc4d9b,0.9445737547303048
f3e1a31d49ab4e8b,0.40319748945200445
e7c14254e3124c2f,0.61084070669472
deb2dca13d1d46ac,0.8203243599943405
eee115a0d0774850,0.7169624427914965
674da56dfa8044a1,0.5183773880146734
814fe3f1ca5b42e0,0.3223928255099155
63070158cc7e4d19,0.8919084839498373
a29d3909a4ae4959,0.29530904651541234
0d0adc331a5a41dc,0.907933856364936
a1c3c925c13c46f3,0.9026898259109697
0b3be4f9918d4223,0.9387512432857449
47292b039b6b41af,0.4154863194441051
0fba65e975884332,0.4793349467404758
9583273c5e4449bd,0.6168392530148735
7da120fe5e084263,0.8652947000076173
5cd60c21b1c545c5,0.41185902612194797
cc5adcc455364216,0.859350107617408
e21f02b925df43a6,0.963110158322047
70d8688089674fc3,0.62443398571033
023e7ea8ce554327,0.9279682014189149
986ced253fd94525,0.8089213466628279
54870dc4b1284649,0.9008691107854839
2f24f7b880674cdd,0.6904442629666001
b7f848e7728f4aff,0.2769722679225341
d431398ae713459a,0.9335036288993593
b3e752e46e334800,0.8611506918717425
5bb692e1402045cd,0.5392039131144766
e1b37fa704c84c10,0.6225638499438432
5725ac8835f64486,0.7660638958427753
a037088f8bf54ab1,0.8872047942338979
7381dce51e634edd,0.6092543022659207
64d07eb8cc314b99,0.9529162223024252
35549f0807184dfe,0.9288456591053574
1bb2035888d54744,0.39542091524891654
d014b02c8b704d11,0.5875951716322992
d4823e41c1394e65,0.4123564143955438
923b9993372c4165,0.7904426621603875
8a748c389e314043,0.7544774139494692
18172cbd00bf4905,0.4559044130165524
a9785fda8df742a0,0.8341312198936492
59dc3b49a2404c46,0.5922985741194277
f5e31b59bf6f496b,0.9466591930249417
84dbcd777f68424c,0.42258488001541994
65a535a31ef64aaa,0.9687421802864291
a28a93958155465b,0.4957085006107988
475b445c1ced455e,0.9260630727149233
770a675a5dda4ea9,0.66530631152767
ea4f97f1d3304d46,0.4769757326288906
f582ea84a4854a16,0.8424655519646032
6f0e34d730374e5f,0.5179334841106316
9a5cdbc52bca4921,0.9582840701793612
799fef36f9214505,0.7422730692007011
20e5e7d9966a492f,0.552792365644648
436518c43cb64fa4,0.536224833777222
57095d00104442b8,0.44432181955595196
8f2275927d8643e6,0.8778168087191143
fb0e26220f4347ce,0.26873460416103245
d87dc824dcc242c7,0.4557811730904052
8d464128cb584738,0.33247763171497735
228e39a7e93a4cd7,0.951537858388124
9efe9528b603427f,0.37452205239274705
b8a37ebb348a44f9,0.7980962186402681
5239bf47d721433c,0.6518302820339434
20cd63e1c7404405,0.904202285226192
e19aaaa22cd64c1e,0.7635409212394391
72e394cbe7ce469d,0.23548373256702637
279214ddafbf48b6,0.9469934063974791
26631c55401949b3,0.4343585281414335
27f79592a5ab4e50,0.8971570214838496
37280e2793234ebb,0.6230007327059451
61ad82c4936943b0,0.7639919370687184
c3c2fd336be243ec,0.4571132233839475
f8b5100f6acf41be,0.9348313292788625
f40077d6bc2641a5,0.9518286276791955
9bcddb5943ce4cd5,0.6904348763245938
8f967588ef0846b4,0.9281042168162672
a8a2485cd53e4a21,0.5799831077103255
e0226c8e827c47f3,0.23937413068797425
0c22ed24db2942e8,0.5591697841291476
ca584e119c2a46f4,0.8458663947411982
779461ec743d4248,0.6876930508205881
b26c861b3f6b420d,0.2932948965002614
d3970b44ca1342c9,0.29405968997108506
64b7ffcb6df94638,0.1627231572079753
e5d9cd81f67045eb,0.27822465959105935
8080cbe894784b79,0.6552360167330017
066a36f207f9456c,0.567791799964791
74bbb83317c84de2,0.3133077688561911
8817964ab0094b46,0.8316543761349103
a4ccecaf1c5d4a64,0.981084452827007
d5591a547a7a49f1,0.43692175630560814
f4c5ac09028c41f4,0.7440173042009374
3cae938489654a9a,0.8817859215879043
1936b96d21c64832,0.7788765974794062
44f8a7c43ba84dc1,0.5868241243410726
21ea8da552384d66,0.8205859783883546
85c8713a5b8d4ebb,0.5568905261223411
aabfadc65bf64c40,0.6000951452918628
cf682023595f42a2,0.9092140152056861
d8c463008e9345b0,0.860416442744771
3b0668831a064a71,0.5175005933205089
37839b43f4c84888,0.8445057936590374
5a196b76065c4bb8,0.36495213521992576
9cc0c155a6244b10,0.7209764208443137
cca5819cab7f4482,0.7882149616265015
a4ec88c5aecb4ec1,0.5704475146328282
d48a2df9c76a4bd1,0.8725027904327596
ecf526eb3e7d4677,0.9015000479163984
275227f1458f4f41,0.7272368340109755
d2dfb9fa5c924889,0.8328297538217114
fdb1a8da6c8e4fd2,0.16357977736066853
ab72520372e644ea,0.8982530463422561
b6b074af6a6d4b6c,0.7843819006722194
398c666de1894dea,0.40812287688346627
fca6aef1f2df47a2,0.7740671163917623
e595d9d3ecf440db,0.8589285141841261
6bd9955bb8204e0b,0.429166158716508
1266b96fd0cd46d7,0.8643515591972912
ebe67437527540f6,0.3492176630375398
54bd91ee906348de,0.16933074092245182
b82ce39736ac4915,0.15252030108662604
b72170867f8f46fe,0.6565507309971983
57da6d99913d413b,0.8330792385446328
465619ad42244b13,0.7765034076786009
b80d63a169e74fbc,0.5629698544083158
dab647e23b984dea,0.4746634686538406
dbf3e65f15ee45d5,0.25473538110481814
40207f4b85a541bc,0.5479742865280517
e109da2c3c714ac3,0.7198631089516445
1aeb1239b1b2471c,0.9746147710827612
ab8ef59a01224288,0.282204993737326
89aa34d1d1aa4cee,0.9646378549207572
1b4339cbc62a4f9f,0.5215175685104508
91d19f1138f4425b,0.5702040984184886
e85f1c461859411f,0.5867844956672528
d5f7462d3941434a,0.4671748761305576
adba0d25a5ac4264,0.4267542661033335
b44f9906ce4f4f61,0.8942405372574221
57358e7187f54af1,0.9628368447101264
d35cf28b3d664133,0.7989515358840639
9dedc5f260784244,0.5935512861826638
991242990f324910,0.6998089944540093
fdd384e5a1a3451a,0.3912706876097247
5d0d5cfb41114f13,0.4525592278144353
90ff5ca13162491e,0.9708098048284494
1455b1467c594619,0.95615446871435
5f810b2465114ba5,0.9227055947798917
3048e89b5a2548ef,0.7796116198616069
04608dd1fbaf4652,0.8190693203669378
1452a7441fb84fbf,0.6738904749030397
f023f3fcf76d4cc2,0.5197879812076778
91bf575703b14d25,0.9219845685108038
585a26defbf149ca,0.37303045421623704
1a20db97761c4e63,0.5269437437319102
79adbc4864b548ec,0.9060221972648784
4a9f7fb5381b49f5,0.5865794122370023
a79cfac8d4064863,0.9318834216031103
67698bac0d8048f1,0.44254827573610833
48b33af30c7a4f2c,0.5613738976076034
75a36d374d3b499a,0.7025697071901129
80ede4388bb94c8d,0.9489209313552384
b903f20521bf42cb,0.9216300407161263
d9a9544c5f9f40dd,0.9218028417984209
8db8224e5bdc476f,0.7237654652920353
aee74b1bd3814174,0.9269392849800274
121389c3b42441dc,0.5840424506195075
30d6802f1fcc4a51,0.6043906765821184
b63a4ea1f4b543a0,0.26249778689062564
0f2b2d2e74ff4804,0.7233100665408638
322ab1e3181746c3,0.4110547280363592
883db7405cd641a4,0.877882484989888
2b8027d220a04f41,0.8104935557748371
5a51bc5030244e48,0.8928838860025112
215a9b92acaf4bd7,0.6994241325318815
b516f5446c854950,0.9431410536110858
1128ef1fa6d44bd2,0.5556595741265815
c5d9b5bc82e14605,0.4284824489670689
5d1b39fd86e148c3,0.7130954634146816
a29a4e0c20ab4d94,0.5466549855317042
1a50f82ef7d14496,0.5535323415612834
9b3f1f75a81c4a2e,0.5330974894198078
465cb44c032749cd,0.5330082731055826
0aba1a6b69ea4c57,0.5382201108930909
2a2f82e15c974324,0.8666531813188568
931a0a3acac94943,0.8927730075938244
b137b5d222b14c2e,0.584602385312238
ef7b790c57094877,0.5071833554192462
716b87d560054859,0.7940370244937125
d83d251611bd4bb8,0.9493045533134411
41e3892b6b804f31,0.8889808886299525
2469c14c03d54078,0.8547766187378767
5f26e2126fc440ab,0.5122344605942775
21b13a34d5a34b8a,0.9076018088975327
1df4dc283a054554,0.8154140168136286
d09c721904c44e91,0.7169039158161092
b2fe1855a9b34b33,0.6765824309588995
041a7ea2b0744990,0.7480504746999991
120997eb1920463c,0.9735548780037998
7d6fdc98c6334cce,0.6247233005522694
2e83801ca4a844eb,0.5562686705237263
a71fc0be90ce4703,0.7739034432590807
e0722a99282e456f,0.755472944736934
46046cb20e3443b1,0.5304766790442283
bbe3fe78eb10444d,0.2480446205485249
878e3c19f26f4d3d,0.6327486865021793
680bedc5d8b24c6b,0.5827229354768794
3927aa9a5f244df2,0.91922056513977
ee1b95f44ff844eb,0.7184904649101388
80d3ed665fc34223,0.9289453587546357
746e26f31a7b45d8,0.5004032563415728
29bcc64cb6bf49c0,0.26193823084287887
e16a9dc950b84301,0.22525924322222968
fa865c35fb9e4c83,0.9619128477390945
e5573d72bde1493b,0.2898465440889362
7b581c2bbdaf483c,0.656540448834023
686c94355e364297,0.18478970849036672
b6036e694706431f,0.29936885527510726
916186de59444393,0.6931072664988097
fde9ab6f942e4c3b,0.34977087133587603
de83ee4a49a44bfc,0.8022515493610841
b1acf77ac8314bc8,0.9110154023040486
ada087e338fa49c8,0.2845526783865057
d8fe8bfc8636475f,0.6698459514191205
350e31760ced44ef,0.29041432517957877
66b70ca6fc3445c2,0.7599245003896843
dfc7099af9364f3f,0.7902486829511591
142e4163b6694ef3,0.43170374131492517
b11f038b399145fa,0.8936476440176521
6deb897443ff4e25,0.9176509159262288
563f77c4765a44eb,0.9383509540537054
875ae631b2d94cef,0.5440082721318181
5eb94a18a2b44ed2,0.8089873214522884
95856b28bfb34830,0.4191827890236816
5cb2ebe18a1c4e9f,0.908664204313395
3a5e1517e9a94009,0.30381333683607487
996267a248754530,0.15820801745818455
cd48b6188b4d450b,0.3179516635906965
482ed3005e594af7,0.8750022430922517
afe02b3e28ee4c8f,0.8315912765656853
6f6bbf142157441b,0.5733857190908517
d8018027c2e84f81,0.582003799024171
b3c67e600e334c55,0.5266356344924729
2859c71ba37a4ef6,0.8474081969181214
c360bf39f42a486e,0.5924083218861428
ea085f4425294efc,0.394110487832518
9a113db72df34e6d,0.964767525804584
5d48a30e34274692,0.7090397890711457
79046d4a832d4339,0.685724300898839
95f6c295c40e4351,0.947456630123498
470d732911534d3c,0.9039399326956187
d1f688d201524c0b,0.736853043009885
6d1c024946f4426a,0.4687005276497659
81be79883b0c4620,0.5181189688589654
934aaff43e544092,0.8974988011341271
4f8f2c69a78341ae,0.5698932593583603
bc92aeecc63449d7,0.4431194190391885
06ed67c95fb1492d,0.6090334048108013
bd23f59a9ef345f2,0.9600846124006505
c82c009bc01d48a1,0.7783788426242313
1be1108e385f4e5e,0.938420248663708
039cb2656a2944c5,0.5278211050298992
beeda055c0fe49ee,0.8794304331890518
4b08a02973564fe1,0.7858743438677287
244dce4f0aa34124,0.9409204985404103
7b0b9bb5f7854c3b,0.8743368180398189
db26c33a7eaf4082,0.6210400860232764
9bce94553f404efb,0.5781358005228874
f2506956303841ea,0.28411928040125695
d734a30b368042ec,0.9628517468226849
66dadbd626154961,0.6911508026115408
685c410c55054fb1,0.884596871960004
72c7d82da36b4c0d,0.6461122746810783
e44152d98744434c,0.638928907334126
308d4c821cd34ed0,0.37202146447636103
4fb7bf0e2d804280,0.9285010560193756
3c3026f7ea1a461b,0.5038246932348305
0403e51fa1294b65,0.9050212608394257
0d90344e27e54462,0.9097576228246073
b9b11ff542da4f86,0.9650801324705528
e9125fad41e24ffc,0.970258479059119
8246fd78950b469f,0.7184408130329639
730aef91b289451b,0.40206510990841454
cd1d4da1475045d0,0.951917423321817
ee5f4cb0623d4df9,0.7296667309705467
ba6e954f50fc4195,0.7508522738882845
63b7021de4b14e30,0.5657048879599852
761276bac4574644,0.8155064285275679
21908a4bf1d8406a,0.5926008528036117
a68b58c429a24177,0.7182574330954611
fe9830d7a8ea471c,0.9045692816595755
4a85b23650804c05,0.43737597498174635
9ec4a537c76c4c86,0.5615234173061034
e51c4fbc95774ca3,0.6101507297603269
08f8dfb2db224ba4,0.4852267595826848
e56cfd99fb97425d,0.6559981011712975
8361f73787fc4e10,0.9656745219279385
3ee5b85de48f497b,0.9415814526117611
d78bb803c2dd41c5,0.6503468202774214
b36f3f2e65914d0e,0.29317001746137594
7b445c0be0314a4c,0.9012728228584789
6bca21ea05b54b49,0.32315235688747346
acd0c42be4d54d9c,0.9687749165267522
9355939db7664438,0.16118563836424107
13e18769182a4d0a,0.9376447023192019
2e765e74b6204582,0.9387641779387507
da26779ed12d4c88,0.6248402903852728
1aafe1320c1b4222,0.9332524263711318
fe4a7423c77c48e0,0.4992895025046366
f78a2490d74d4b21,0.6615745313383774
554c74a247a0413a,0.9042532946967765
62ed6ff90c264a1f,0.8467634943928926
c5ba7f56a51b4b19,0.6839194991720373
c3f47cf637e949d1,0.904018395540458
f1226930140b4689,0.9289744492161248
2791c8262f9b4264,0.45481250482874985
c1fefd76b54a48e1,0.9531305618252067
ec7f332b881e4336,0.9499100175144937
b3413bede4374a98,0.4758399514502532
42a9aacf22324f43,0.9450859997809267
98855cefbbd64394,0.6743288945451364
8fff348286b74d21,0.25945673293958316
d3f54ee536d84aa2,0.3613850926296481
5bbf534f807c4c7a,0.36885021186168215
378cfd6bf311442a,0.3053446932556184
91f4cb25756f4d15,0.744273902860651
ec34e7ec068f4b30,0.49401784410223476
273f8aae075c4e7d,0.8878506179898927
506f002dfc5f4a67,0.42051783507485907
c6ae875df1c14472,0.8948357669175488
276d72dee11c409b,0.40460740024470654
b152102119f8400e,0.567233566042895
215fbb9d81ef4360,0.8956006996111168
a23eb897726842c9,0.9654102224127394
cd3f3e184a9144de,0.8770051619047864
84cfba54a448401d,0.6091099545098075
cf414ae774684455,0.44587796651280626
4cfbe255c6ff4341,0.737059149747808
b1fc580783fe4cdf,0.5180735872149317
0427d16f7de7467d,0.35655056881687863
c2f015357a8a4519,0.9705696442898423
41e6ac1aca514dca,0.9455535797746746
0ebab767dc4c47ea,0.8813368344743813
5a74abc59e21415b,0.3471161465788864
52e007ae04fb4970,0.6922395535949503
78493d8667ea4c8a,0.9614154910222853
7ce10204cfa349f4,0.9697477666496542
4702f9e473134a37,0.962504813768008
84b84c4b25e14a2e,0.8471148899615271
31ab89976a1e41da,0.15295389406202717
033cddffd2bf4734,0.6015974412941985
4b833efb130248fa,0.861544557761727
50a2997b4b904381,0.5546713911273085
71ce79caa98141a1,0.6845790170341831
873d8873416d455f,0.8588689685061686
0f2af6eb17f9466a,0.30771712935029477
3c6d405adc1949a0,0.8172628484254227
9a48f4291f91478e,0.30846790190865403
a7d6b5449aac4b55,0.9068610969602904
c897d8d3bc5e4f6c,0.6532524875121148
ca39f7f732a344e4,0.6571790497253915
ce14a6e6d00b411d,0.29744712117094263
3d4925443a0d4079,0.4784224392507965
ba55be57b1b34b1d,0.3653307080707418
3d10ebe1b0834267,0.5057953341485651
6dec2b716ac74fa0,0.8681902205906663
59904ac50f35475d,0.45976522593905195
723678491b134f19,0.29254973546744617
e289a4d912c349ab,0.9580493939321186
0a5e157e514a4f03,0.5229309419332847
a1006adf64b14231,0.5213591734041928
345ea967248248af,0.33047463474100686
8d570cfdb38a4838,0.8450171380171466
147ab70f0fad4dbc,0.955400542218111
7edac7f435c04dae,0.8479274056111924
79b72c48463d41b6,0.73152142334459
a5e3dad6f80e46f9,0.8126554253833906
00c6396ddca549a6,0.14211052708451577
9a661cefc8b14f4f,0.3271666286623856
49d79896b6eb4c28,0.9593259915358681
9904aadc30ca4e4d,0.1428647696855938
8bd428c916694c76,0.9638337134619923
75d0e80fa6134310,0.7937429700080435
07141908f4c041a2,0.41738656141316643
169305a0799b453f,0.3612956948113037
b1f413b204784fd2,0.7988807186401452
0934c8b1982e4b33,0.6946966087964774
c2b448ea7e4b49a7,0.6452948015231609
bcb1e5daf1a74e6e,0.380825833152627
8decf7294c4e4ef6,0.7686028724980624
7842a1e198374f2c,0.8198906256286859
1340761b4e9d4b8b,0.7665454855888605
098a01cbb0774d74,0.24681024450947023
f1a5c95dfa5c454f,0.3409781735312287
94d122c2094f4b5c,0.9586045647429781
4040188d5e3943a9,0.958709687505182
484b311a5ade4dbb,0.8443383583315391
4fe2bbaa19064861,0.33687509245487646
80d706d03b384787,0.9264950684379941
c436ef769ee14574,0.38300685735111895
8de7cea378384c74,0.9457242184011876
015b99a1d70a4145,0.20246652638688428
23bf1bd9daa84496,0.7369822142591549
d34126d63e1a40a0,0.5095188087480256
2fa5bfe531fa4dea,0.7899185822834192
63857e6ac26e45b1,0.9007610383474464
a587a8d4c2a6467e,0.6714159288886579
d3f7483d11a6428a,0.8508717113820038
7deca80c9a8d4f3a,0.9447111166740065
d1a7873cb4014ed3,0.15894925263300907
01dc89750c104d86,0.7711284412732666
1744af4e59614b0a,0.8654986952506892
1589059bf64a450d,0.9100109418231542
ccf7513050b74463,0.43773691823013866
8b951d5691344165,0.8781675647587139
edb446b775094281,0.28383823959492216
043ce67951d24cf7,0.8888857035978536
5f448146726c4c01,0.7473101170191021
fbbd4bfbd98b4a8e,0.8337687256107157
b5685a5ed1214d10,0.7844872518357139
0fb409e4802b465b,0.9471446350283267
24ef0de4a6444505,0.9493467744737595
58950e034f244cec,0.8232572683159975
b17528aae1ea43f6,0.3633600245513457
bade08741a60449c,0.7190496922771565
6d12d9e3c2374fe7,0.6946013236927565
7eb193d6f1d8472c,0.9225298756270645
1149c50824da4a3a,0.8383445509747632
4c835a2c726b49d3,0.4263910773742454
26ef382a9d9c474d,0.7554486421895835
761393982c694b9e,0.7961069694553379
0cd7764120d441a6,0.9229346684583605
1b0221ad50b942e8,0.9447770798010265
08f3aaffd3ed4785,0.3159767078942927
82791ebecda34dfe,0.7410135115781135
3aed5ca0ecf9437f,0.20567723424086334
1a866c9a3306479d,0.9258791586136332
01c82842f6fd484f,0.4022044076639076
d5ddfed1a1ae474c,0.6397435710760552
58ff87bacc5f4b50,0.4955686026099894
b37158cd37024de9,0.5271846564032807
6f6af06f9b7143f6,0.698914626421253
0eb797d851b647b6,0.3659895444160474
522309f92d67473d,0.9230381062966537
6cfb4bd47b574dc2,0.37837589349472495
f516dc008ea54252,0.45359635572123
9ffab71fb5e8477e,0.897213502075474
a984918fda5b486c,0.8804263959112768
62c748c28f5747fe,0.20353732717963272
57d1ca81d2aa4448,0.9751915704308853
682a82085b5c43a1,0.8064178613514673
943ed085288f4532,0.9689611975178256
4698f769f4124f0b,0.4964288115652201
2fd4dbeadc6048fd,0.8349269488813935
cbe17f26c8db4c1a,0.18830883433118512
887caac94e9a482a,0.6516060869626292
9f776632f66d478d,0.8124460529046835
c297cf117dd94b4b,0.5099058576354732
abc9eaffee9945a6,0.6632539789795643
6ac21bcd5f884d03,0.23773902144550257
22fafd0e2dba4ef5,0.49843948423225415
24ba0874097b4af2,0.6237049108473244
4810ff37edf34d08,0.2942213690066223
a37ad6731dc24492,0.5287458866738715
6e144bd622a749ec,0.774505183019403
317abd5c7bc14220,0.9371545106977718
bc09d03674564038,0.6334485805710213
c4deb6e0288a4d89,0.2613464597476563
2567d14f20684233,0.7041320574272497
8df1604d862a4a96,0.9809350896289211
02cbf03bde0543ed,0.5697473949218486
9392181217eb4e56,0.964918585556916
6b755c2824294a5e,0.4466291682820874
490abee615334d6e,0.15109112818840004
fa388cb5900e42e8,0.8924027178097974
8d9434ea196c4bdb,0.40658983223864437
2d116f2f615947f5,0.35464728444908306
8d5a49ea86794e9f,0.944619393093458
b80cc2eeb0394cbd,0.9142552503151272
9be55f6028c6499d,0.7792580530368008
15f08a89035b41d5,0.8798531537547918
8a6530a0867040ea,0.7190813616870951
b833befde225400a,0.4469846592872781
8e5e867d1f8d444b,0.7044894085288165
d3588f4191c249a2,0.42816462501683794
b1733a60ef2a42c6,0.8799800139402576
89a851d7a5594c2d,0.8972011063616382
410099bd6cad43ac,0.6927467207948953
dd1fbf53119741cd,0.7109889149831659
8bcc55d85143488d,0.9044590033609212
f17f873cfb8141d8,0.9002190533020661
0330876bf002436e,0.9399175116960463
5aea8fbfa34d490c,0.7984123866008499
004bfd3aea474622,0.5259208323546277
ccb15193f5ab483d,0.6172772700633021
7f085a077b8d42dd,0.6758404631692521
aadcd84c69e94d75,0.7295928334196655
8b9f170971354a72,0.3701264850804143
36e1b9c2a5814387,0.6265612704419531
ca53f11008c8406e,0.6431345683620372
3bc2723c5e83414d,0.6623701163390688
5123a4ded8af4be2,0.9178527413658645
dae8a05372b94108,0.8576139212947345
77116904c5d74318,0.6774023734983066
8cee90ddfa9b4e90,0.45964386377747674
747cd3a3d25c4bef,0.9687719193511424
37fb6255f5e84be8,0.5966313763555042
9e79fc9650f84282,0.5191076350252726
0706f6bebe1f43eb,0.678172969686515
a99521693abf41b3,0.316527035671819
31f22769139a4a31,0.3347138954008025
f4c24e1aa79d4e23,0.7089788088544199
598cf2d0370c4eba,0.9758547135908842
428d2b058306423d,0.6407624228720897
abb2121368764b38,0.9759933294569034
a9053d8d49d5497a,0.7091874714267661
9e988deea4984366,0.8262083770010138
4b3403e0923f4e35,0.7509563780746553
f46c8c1628bf4cda,0.36164709427872593
4be73d31790f427a,0.6756705255809378
04d6ddb13a9e4169,0.7896575273176619
f118546f2266448a,0.7659368009298989
a800cb479d37450b,0.5775624771123016
ceec91bce37c4d54,0.40491040132793243
a0b92661285e4e52,0.6084786851754347
6d80ee4fa8994227,0.75225751023335
c198b104e2aa4879,0.918840470240445
cc56bcc58fe240af,0.8342408595424251
894ddf4f404941d7,0.957276509049807
c07fd8fa331b4f08,0.7481830917476814
eabf59b953db46b9,0.7828808739765177
122f62bc31a346c4,0.29029198083585334
0ff911ebce8448c3,0.8684532303156267
f9cb29696279421b,0.930630746792053
84f2d9f8327a4a3a,0.920245565109773
318f369dd0424900,0.7827566064913338
3445f5e0ba7e442c,0.49306099212618143
303810003e444374,0.8306758611123113
a2ab90720b854a18,0.5519619219529283
fb2b2bcebaf14025,0.9610219311352584
364ff7512c5d4ac1,0.9278665226178812
b9ce52350e354bfa,0.6230275216488153
d6f815003b454068,0.24648155225359794
d510017a776646d8,0.6130574575261228
01d4af9895ac4c31,0.45125946580975324
f802b17d1ab44722,0.7785924826011368
521b424eafa44332,0.33588443766821335
4f13fa44be204171,0.478075685870371
288f7a1ac57740b1,0.5613457611069315
8e491ddee797477c,0.19752614309527183
64becfd7b31b4b55,0.5971751454260784
265fdd58aa5f4294,0.45678549448390543
36a6541f34954817,0.7013868865861288
1297051f013645aa,0.3066253057449471
33f64896b42e4fcd,0.3902292200666934
96937dca25ff4049,0.3981277913093734
dda4194e40c74056,0.8453545223232434
0d0b383258d5425d,0.6433104253154873
a071c44ce16d4972,0.2532538216096177
dcba73d2a07e4f5c,0.5487207478211655
2a4784760354463a,0.8522958241941915
5bed6985e73c4987,0.9374930741287477
c916ba96bf3240e6,0.9540219508441818
48bce9215644421b,0.444662303619043
909472fb78c84c5e,0.9577799228555602
99e40b564d244aa5,0.9152556779478527
de80266ac0064c03,0.3630640047708011
fd2bfc50ea5d4f25,0.8559167313496969
1e4ff36caa764cbd,0.9501567817653561
b99e174e1873408e,0.902209510589546
5a0d92b5797c4116,0.9446997929258457
f06373e101694540,0.9388114711113705
1b0149a711334aaf,0.9269619554352382
35732313cf644e7f,0.7745942349000597
ea5a24b124ee4706,0.6981639659640075
3ffb242d69944c6a,0.4768920514635932
474126a017aa4e55,0.9675803240309203
b08791be87ac4aa7,0.9326730931066735
f807ebd78ccc47d7,0.9384905884992941
6c7cad8f4a804772,0.9425039189068665
407c571568754072,0.4475157156986813
e7a07f0bb9a74db5,0.8864706876654648
eeba952f1d6c4387,0.7604797538396061
6712cba9662e4ea4,0.8692169187506219
3337ad67316747c3,0.5376375383395805
f365da74870c4d3e,0.5029411597335058
90aaa013094b4fb9,0.9485204874528221
a9d0124a8d9e41a6,0.47491706629122554
7458b466e89149f3,0.5521209503468123
839c287bfda64cb7,0.9718148172587397
9fdd58adb3f8434c,0.36187563735307654
60468662199d4328,0.44155435315276287
b677ac2ff7f740bf,0.7283366690863758
72348872dc8e4b6f,0.9425277678494459
6323444c2c5c43a3,0.9573219100807304
9197a7d250d24ad4,0.7468001605325456
3115a160c1ae48ba,0.31171267023767796
d66aa4d64ed84a17,0.7686542632395794
3a4f5afd19a144ed,0.4075975789812297
166a7253f0c94ed1,0.943754369669807
ed017a6b3cfe48a5,0.9719027902423165
a6538352120144f3,0.2730870752842169
dddd67dacb78459e,0.9347612924165989
60922eda16f146c7,0.6111015062099004
6f021d0172cc491b,0.26154567913295335
f8b303ac2ee64afb,0.9681005919440515
795edda468654454,0.7355115473960815
dee237b7d7f84cf3,0.7504968758955004
04ef1f419c774453,0.2872420714156413
ddd7b62d757d4bc3,0.9150391095072259
969efa49e9db48e9,0.5120001906929985
bcaa488861d64151,0.5132751093342409
e46e305f7e224aa1,0.848025843095303
ab926d2a8ac04f9e,0.575767228538986
ef84e828c2974591,0.43604352792666984
5372840b87a04c17,0.5648937792621358
c23581c3f3b54eb5,0.5869305265109582
fd5f6b42137449a0,0.8988784950494756
92e307e20ff54c77,0.40801795031898425
247370a718e34691,0.7875499162208701
8eb1bf64d84a4a16,0.8600419461910256
0661e88577b24c33,0.7428795948129847
22f617748bea4db1,0.8080383871316154
5bfe9b492b4a469b,0.6526665728292523
62ad75f5039245bc,0.9239163225134598
32bee970bdb344bb,0.5609047534171108
16441c58ec6749cb,0.8512893259146544
2f843b18acf24b0d,0.3982624500611995
ac5bf812035b4774,0.952398080043376
4ec69c919a4a4ce8,0.8926715244888017
cd1b41786d6f4b1e,0.6704809656631537
9cd6ab158eb84647,0.6412577566241209
c8d6ece9465b4594,0.5301762753748617
730fb9c08b4f47ab,0.9138362861588425
fb0de8e642d84b54,0.7563673421552305
d457d95bbf8b4904,0.4439762721903049
c79185298ad24adb,0.9572207807153155
40c2757c0b514170,0.8658741859421651
fcb08e97520b4f95,0.797121454687732
ee6baa8176244937,0.8875957303591272
aa419e45088b4a7e,0.9282146007675968
29e45b38efda4229,0.6912533413425058
6fb65590ea304ddf,0.9508075055607211
08335e2a607b426c,0.3551210419692265
a0f512c869ad434c,0.6685599985177634
d7d18f22c7bf439b,0.16704631592463853
4633ba6ae15544f1,0.4769154123648708
3f777c9cd5fd4be8,0.5260613802043731
2754436e63f24b2b,0.5315915279226016
5d394699ed3d40c2,0.4953155120235846
2e1b0d3249e14ae5,0.9237201569747242
bc4d48e9920348ce,0.7029198763247293
20bb82d7821e4d27,0.7994032190468389
318fee1ec0c04ebe,0.6264168087321379
d97ee30411d34af7,0.36245096716963693
9833b36959234fc6,0.6341429944542606
7a683372e8984a94,0.5692253555825237
fd53606c40e443ae,0.6173137702826346
4a783f5d25724173,0.8702932721210414
e8c73b1677714c93,0.8296566178314106
7d0e7447c5284362,0.6834336256726291
f79204eb6efa4627,0.9695865833555318
5cd1d9ae81b0422c,0.6947805661179851
f41b141dde944b60,0.8213813704249507
c82f43211845486b,0.5386484939908542
7c4498044d6042b4,0.8898405240190171
e4f5e4df861b4a1f,0.8532413937024758
62729d01e01641a1,0.9167338967526337
4277adf440ac4d6a,0.34103377595232387
42d6368e1f84427b,0.3111887976928366
1b7f6631311841f2,0.8005387411412739
d30178e422bb4084,0.7987895234023259
689a02e7eb56423c,0.5185301577427116
aadfc4cc97384a67,0.917852053137015
ba4862e161fb4f45,0.9190798212880835
a3bc4775cab74761,0.49957981363765325
8bb3f3f0fc534993,0.7430241100282318
9c9c760058dd4e61,0.8414472044095155
8a8a8f13f6ad4cdb,0.9193765292880143
9408a6968f7847a3,0.7005957359062505
ac837c77971f4633,0.7430894349864865
164a280ba6b04249,0.7584053661932548
d9281f8062554ee4,0.43536739283861026
8f0291dae2f949bc,0.716395392505518
646c3298dedb4c8a,0.8774476606127812
6d4e053d31124f3a,0.27112145834944223
9441e6a8e7c346d9,0.7119751081639477
d6f88b7bb6894597,0.7917643086558067
4280f3a3b7444921,0.613156201880963
4f271b9da1f64837,0.22512830684872728
7c91eff3252d47ff,0.8849893865446332
4b3809e51d9d4fbb,0.30847791655714385
f174e0d2adda467c,0.44198432777176594
9a1b24fd1b2e4462,0.18475652752236943
b3c893010c524bc9,0.9414853668209104
3241ba0f4afd4903,0.7127269176585953
851cd9e6bd53419b,0.5896141528258397
f2c1ea8a6cc34709,0.42142392221199315
4a88b3db4f334ac9,0.8496436672037072
9a0ac087972b444e,0.2623613284889717
b3d5f58be83e44a5,0.7701781141090521
3495894eb3d9488c,0.6855384281099421
b4162129afd248df,0.523940485116279
d2aa02124541457e,0.8738774192261417
3da48aeae7354983,0.13152047393421223
da68aeda8e194b11,0.7748460585003034
5f7583e9c9994a12,0.9478624206522185
1de459a353fe42a9,0.9706223440243653
057c2fc7b9db4274,0.7964130083784211
91fa413d8a7e42fc,0.3139286065903423
be112e10fc4c4db8,0.9526018457434253
984550d688264ac4,0.8324557056880291
be9305f7dd6244d4,0.7746000740685924
ef67696310d44894,0.4877291446194533
094d3d6f2eb447c5,0.8714468677866379
b2a047e8c4bb49b0,0.6878454629288836
5c1277b0359b4d85,0.9507002667548256
c574b63e19f14d47,0.9144337843122909
a8257b418dfd4ae9,0.5229700172979864
d75c4783f0264edf,0.6682227246629415
27b8b147ea4543f5,0.822510565130769
0dc0a626055d4d23,0.9445746229441581
8e9ea9e799cb404d,0.4424359414242505
b83b345953b94158,0.58599001107436
394d0bb62814447c,0.9495703640790696
e540bf56af174f2c,0.5668145470688202
d2519fe63b404ef1,0.7486506188068868
95776302be9f49a8,0.9439867801431586
980c6dfa0bee412e,0.9498501656045852
076c32361f0644ad,0.4083856263985842
1b42322bdceb4b5a,0.558425891103009
bd68057177714888,0.5732901046420531
96fa633f66004619,0.7356274660465942
285ec73fd8f4452c,0.6093355578236628
c42f4cc5391b4dff,0.4660958852343609
da81b34a8ee948e1,0.81556652002215
7b8cb084d8a34f76,0.4115532664016958
f292833aa69c456d,0.848529843721912
1fdd3a681c684542,0.6778043411806086
2bc4865a024f49f8,0.4875663832644481
7a5e3ed1d21b4f33,0.2394131498877954
1f856b347247440b,0.5611861931856128
6f5d41ad773f4f54,0.9129225935780128
62d3fb848b974bda,0.13606364552901148
b2aaa5c86b8b43ef,0.16165607267571128
68fc427aa87b4a28,0.21648138440769535
99d1c4e761a54415,0.6423681950704586
59336eabd69841ed,0.8403354898918656
ae8910b4a6664d41,0.9299446023816007
f57b115c76ac430c,0.4083326109729679
d89d62a0e6e3485d,0.3556319179706059
e7d55b5ca55d407b,0.8444002328723893
4b3a7b16bac74e68,0.340728109415568
b3b12c1e6df74e7c,0.6891915458874024
fec92c5bda1e4996,0.6371048530420635
9297873c832e46ac,0.9199548169319387
f056252e0f0b4d4c,0.7486202313863486
fabebbf90fd3494f,0.9300947308359532
e9e37f417a9d49ca,0.8848414221903188
7b935f02de4b45cd,0.6149404311608628
6404c695d4f34681,0.9366679061482385
5860a8c6b341452d,0.7676185121863054
78c4924fba614074,0.599492975368317
ae4143f39ba14da6,0.6125863850856953
005b14309afb4fb3,0.4338459232118236
5b9a563574f945bc,0.9339881840042454
8a3f81cf27ab4e09,0.48571354914693154
b18ee51d57964138,0.465980208033099
aef411aca248491d,0.9532933542460296
466e011e41b34124,0.39548420991639505
1b5913d980d0403d,0.9336230031610843
f57b2b7c04d841f1,0.5194880889967509
56253a3a58a540a1,0.5155941822674898
9a0b975dcf06436b,0.590945346484067
68c7b5dd45f346c5,0.888010214045502
4ae0ae0754034193,0.11822859213782651
a6a5a180ceca4841,0.9567880463174235
ea35f9d7ae534d5f,0.2701191073227134
4ae14167e89f403e,0.42296178191059997
0754aea83bfc4458,0.6604457967858006
812a8a7def784f8b,0.4812956786149347
5a699913607444b6,0.7434702268774726
533a1f55363949e3,0.6549786485916204
08f4cda9778d4823,0.4276560866693657
869a6987346347cb,0.6049885260554849
c7066dcc27494d57,0.5449425516247539
334625a55389427b,0.8426866448292188
ce2bdd151c094d4c,0.7434642640085851
392b09065a3c4364,0.9407578108508975
87fb8668d9ba4d46,0.6066715937445984
eae7807616914b4a,0.441214120010512
9a47b198a81f462c,0.5591321655502018
5895fc3694964894,0.5237115825428068
d14beda397824808,0.5649603371292009
cbaf416062ec47d6,0.7479549017413737
36f53d7b0ca9490e,0.31196312045813407
d6c9660612a24618,0.8751401011693787
221b92ca430e40e0,0.4663092865128196
e62d2ed99cd64eeb,0.48963164379735996
2878f03a745742fe,0.579741365584845
11324b50ccbc46ed,0.9325924418785999
df32507bba94419e,0.618459416375935
273f15f4d31f4c3c,0.9854192089073862
0253e15c39f54380,0.7471143782686094
dd46d9835a844740,0.8152609854034112
a4f966a717a64514,0.37234418907358946
3be80d5778574fe7,0.4620914075224308
fe9c4e527cff44ae,0.6948283413096198
9d386038d1a54f6c,0.32918924004275274
5c5691bc7e3a49c2,0.8100227648802116
563a74dd5e6342c2,0.7598563426921514
98d1ca46796a447a,0.2984322685817822
9b00c748cfcc434a,0.9674753074784641
a0ff6c8ee1b24a43,0.8591095912494173
cccfa5604e204fb4,0.730946534768267
83d6cccd1995414a,0.3686056935596293
c27d1a6f8eb44177,0.7124388195340058
fa92b9ed5c7143cf,0.7058944338165113
754fc85bd9fa4316,0.9113295206201989
782c509f1ddc4c20,0.18779260029127237
6c05353c8fb04759,0.6074936727723071
bf99912427bb4f7e,0.47588563117847615
00c96aa0cf2c4f4a,0.9509538755430287
b1b4bddf89b44dcf,0.5786572337118222
4abbe69d89144083,0.4603470686882379
62dce7c8d99a47ab,0.5884269335425723
4ddba659b77d49e5,0.3066381286051818
9d04addc6d844916,0.6251341642323927
36908bbea3f24c7c,0.43317629315695944
43f82567232f42d5,0.9301289478624203
756fec6fe59f48d9,0.6917109674635027
70293998205c415c,0.7222545970958245
16f718bf04db407d,0.8574686555619597
4d839fc99951465f,0.3278375536012681
12f2dbe7cf4348fb,0.7502787308092834
2bacc88655f5416a,0.9650918412135177
822e23a73a8f4ee9,0.8246245361954346
1ea1e9e305bd44cb,0.24587012872340408
0fd76a187e674620,0.8605421841292581
ff3358c95acf4a45,0.6356414173949607
4d25dc5026d3455c,0.31336572433960025
2881cb28d80e4c72,0.8201687122154251
8ce07cddc8fc47d2,0.2929466459569672
1514ab2285ff46dd,0.8719904838910238
5d501e7aeee04536,0.9024942842705638
15c22cf4f7e347d0,0.9619874826345851
26b9107d28e24800,0.9426542141187279
f7990980c61f4b86,0.26257412065983027
4a53964893814eb5,0.8439997528801799
fd83d3045fc24f9a,0.5491299366783023
25af05f7adb34cc1,0.6004657666628007
40441411dfb0420d,0.7114231900241812
71f419475bb44bda,0.9636695112431306
451f372aedc54057,0.7339129973209236
96790323637948aa,0.6988542296217182
f10f1782c3cd478a,0.37223534060601327
75df011517e347cb,0.9219802180866309
c2cb0af691c44adf,0.29663920090170665
52a3aa19ead64e4b,0.7237727933446971
69aca87fba81413d,0.8335243386051036
779c5d189f434767,0.5003086780109973
1f6d11f532bd4056,0.238535686448561
9770bcff48aa4bef,0.4687152669386185
efc98f960770403e,0.9268635827378512
0e5f52dceffa4d9f,0.9165601666516403
77b11a7666dc404b,0.9222404292136082
0e112880161b471e,0.2631554800061292
89e170e65f484ada,0.44540116273600966
69aff6bc0aa54903,0.7695038012280293
0c9304a8bd5348a4,0.5194122290048546
3de61b97d38f4ec0,0.9243407760982995
85c8034ed0c348af,0.8453280305975864
395b03787d2443e5,0.8831920868038937
ee7726661d2f4c6b,0.31120649128925715
012e1f45824d4b6e,0.9205167511545478
0fa41f234f394354,0.6644867376870589
20128b53c390425e,0.8971836485141881
ab00baf7774747e4,0.9211528342729663
007ec379528e40fd,0.33926227825734656
4bd94c330d3642bf,0.8238577416124246
a7a1f3ea74c94246,0.3205700349593923
00f5c3b509e14a41,0.916168582329126
23fd1fa8647d4432,0.9320733852628906
1154f193d65b4058,0.9090659217283003
272cda52158e4e93,0.30057995577885277
9ca8dc577e8b4f4a,0.6190577141846818
9f6b32cdff7c4fa0,0.2835910535710849
802c411578e04d90,0.8451552678223183
42f85f4db1414250,0.957127632793272
773de340de89440b,0.848539819185367
0a2f266a2a7a4cc4,0.2912265361209583
a3339d7ca5874f9c,0.7998217881108919
5513ab88a4e14c14,0.4706510965775957
ea9db629ceb442ff,0.6512519380937698
74ca28bc3014453a,0.806570809919409
36a7035660164fbe,0.9149408244478331
fa281ae6a29f477b,0.611050706657613
1f39ec08c5b54a2f,0.7345576078084881
f54a89dba5aa4082,0.8705620821639096
f799f06165314719,0.38360250177318006
8ddc398782524020,0.7716174499739584
c5406515a7a948f0,0.37095273408465945
04b3435914124122,0.6831343238136491
6a85b86c66e143a6,0.4137967670443391
f74af82e3dfd4070,0.9512746837083327
ae06147d3b7b4b15,0.9283586180416424
a063dc5ba801496f,0.1909211988521947
de89b69018b647ef,0.7509315153992968
c329cc69c9d94c10,0.3750015849357931
780c5d2c6c224eb5,0.35458930224355206
26826b5e992d4daf,0.6558636650138694
729e14c5ad8d4b83,0.5938057299237043
977afc68f3b04000,0.9428973168889315
918b1d650efe4fe6,0.6283391584568385
ae2b35b7b615429e,0.9645351160775656
4c82ae7f194b44a3,0.8275591729683195
e9d02825c1914886,0.45233644599943285
84655a45a67e4bb0,0.5156429452049602
424bc6adb1fd4771,0.4424103839918582
22a5813fd1244a41,0.820239625540511
899304ede3d547b1,0.8097885752713683
fea5c072bfb747c5,0.2800960633076901
fa678d7b4dab4eca,0.3235136314327176
d198510854f74d0c,0.8860741247376281
b6c97228b13d4b47,0.665806437383249
49f3dedf653541d9,0.31331580001191156
1e07e650e8e444a1,0.7579746984436629
b623b3130d5a4eda,0.5006373009626228
d1c16ac9339444ff,0.7230532739257775
2d45675af91e4ead,0.6517393181043946
22ea80c582334df9,0.8793507403720433
7d06fc55ac274e9d,0.6634939934779776
7b930188635f4567,0.595064032556305
dd73744654064967,0.5707897335486672
1de1d40056f04660,0.7446994311381295
18bec36e20c64ce4,0.7083535163891745
13d80d73d27b43a1,0.9349603510241854
8592cba336e24424,0.9766310178634862
9fc3721617c744e5,0.5092924916485949
a39e4961d4724cdb,0.5039466132826486
ffa2ca76f4844693,0.45218416587542065
c41ede34ca644988,0.8677182459920681
cafcdefb6c364670,0.5442521326491656
d15b3a2c2f51427b,0.8918882905845089
3ee9409b46c74be2,0.7480712099517739
8145362b85fe4dab,0.8982932104819867
13dc2ec964484542,0.9634186989831754
1527fa74302d4c5e,0.905571494785644
e39313e726de416b,0.9436303610223484
11d827b66f8a4997,0.9261278742939342
144f2b3bd0fa4fdf,0.23454544736080915
548d823bf6114dee,0.6757561684999726
954a6554443b4fca,0.6561178826468703
c9d5c5201d56454f,0.8831327329261017
d1a80bed5fb44b13,0.8607792008935942
9cf3c7c3dc5946f6,0.45584276735176776
8863a0c12a534a62,0.9573656251179538
e1bae02788ea4262,0.933870310855643
c1770dbbb2ed481b,0.9256584449106248
48937668d1e8414a,0.6756112700762531
d7a7c0d6bf6a4456,0.8092288015846326
d09d1d773ecc4853,0.29515191630966986
cdb64b653ddb432f,0.7137357841322892
06898ebe7d7f415b,0.4492250411253443
a93024bd69944672,0.5150855950697084
941ca13c941643a6,0.9291817108570216
679ada659f014427,0.3463654957267252
fd43dd7978af41f2,0.4364176237553582
1a20ee96c12f4596,0.9329393353099853
5cc6695ff35d4f03,0.5845784741655732
970bcb7f42bc4c3e,0.948400013031083
f2fe59fd36a844fc,0.43447727827133276
191ff52c0d3249bc,0.3599005207393255
603049de534a4141,0.9583086414360646
60c2ca32e42d4827,0.9561670289916453
f64817a9441b4ed9,0.8375534976438042
aebd40aa124a4b18,0.8174429345333559
fa000d4b6e584faa,0.3833388819797516
9a3bc1de91144b76,0.5645370110910756
2f1d148dd406440b,0.6404671783692194
488eb7af40f84007,0.47593896909649513
1a06f408f8f247c4,0.4774613754304157
25b8e79203504661,0.8947001216762502
e1e0a9ff821c48cd,0.9198194266605259
4d6c6166dd2f4ca1,0.3543303288761379
227c654bab38416d,0.42685721001889104
873fde024317448f,0.7007588116423937
257ef7f44bb14fbd,0.9683797595419307
e1258a07455f43de,0.9026081342533094
3b0a1bc961c3432e,0.9490364871645115
861ae0038cc14939,0.8054918854773089
9cf94972e6f14a22,0.23220701467239396
00f3cc3b63bd4403,0.6576965114213094
28591056bc50479c,0.8746033232174906
ac8099e2ce904381,0.9029383302417918
baefb72917534434,0.5519420360552882
6c5b15d810224793,0.6093924727102304
81690fcf09234d0b,0.5590912073104908
38765439b1e6403c,0.5587703890597121
017ee49268a8426c,0.9540351043653854
4a930f1187ca413b,0.5939049550071336
6569b2f3aa7f4aaa,0.929339134397136
5259877b94234810,0.909654304479158
f0bb526a275f435f,0.8985884265152334
edf44f1cdffe4955,0.5548229076772302
5f4dd8a1aa8b4c74,0.7876136664078823
948a5ccdefb049d7,0.618661093999676
1bf6dc53f2454569,0.9390220434066481
ea7ed20882134ab4,0.7616439967659757
1c92dd0197b64f5f,0.976230937217351
14d90f79128a4f26,0.3790256048164809
65e25c16f9a444d9,0.8416696244350658
f9b9057c73124de4,0.6877766651216644
bbf543ff460642ef,0.9498264578385278
6efd151b5dd34104,0.6900529113422091
c99e11fb947d44cf,0.7992434150050172
4dcc1d4099c1431b,0.15167170098849506
f0e52ee156e34c7c,0.37016355892156577
01f3ca49e7fe40d1,0.8162169101732715
8232582f5b694543,0.8899843130195629
666d244631e74334,0.9367390889376674
0ad22e6846e84d54,0.9593553226419216
06385edd757d4fd6,0.9616178293843028
96bf46071c504acd,0.7980267253844752
5d8bccb8513f4afb,0.8484253104509806
136a9c207e0045ed,0.925308088992241
ffd0495f9bc04288,0.9285456654350239
962bec6567974c9a,0.7418141581385574
06d8b21477b94e18,0.4927985266083854
e64d248c8e9041f0,0.6147909897566195
592d3eebc0d34a71,0.19270234680334283
7e3972115e9842e1,0.7528650578430071
bc3585120a904201,0.2916620640802996
6ab61ecf4aec437f,0.7196556238058471
f0ae766b8c6e43e4,0.9682456921976008
a0e9a73080044ccf,0.5205484123212951
dc2f739c370346da,0.4379251679348741
391dae18d4a44f52,0.9261215058850961
3fb2881d108a40c3,0.5106505725237568
9552157856fc468c,0.8344090861629951
f8f3f2e896bc46e6,0.9281105082354475
7f80f45eaf354305,0.6455240944357837
a036866f5d1f45a4,0.518852902706041
8f99df3e36264caf,0.45125573232734434
75dd5a37645d4398,0.7022946587452243
56e05868c034434f,0.8943074483927955
faaf5f97ea584a6e,0.5211367645938023
1228de1be61f4b01,0.40909492919006923
019a29c337c54357,0.6711649946812687
0d025efd0ee54aae,0.4951634285146905
2e8b64f87c0f4f63,0.3935345125580206
078134b05e704c70,0.37706351022859824
2afdbae069714635,0.9370484885174264
e5539c93a8484b16,0.41261712514311194
2732996fd75743c2,0.5737206028491687
faf63f674fdc46cf,0.7302190413427784
b5075660d9474b29,0.7861646755965717
0b8afc07378a4b3c,0.9264115630866903
e51f09a28504426b,0.6957047805768999
e8ab9a11cd6d4224,0.33729569498208334
c762b5cf3c74461c,0.5723388448757722
05f2bbcaf8f04dd8,0.9746711075776873
5f26e88550b5428f,0.9473319253011004
3c57685d36b14d1e,0.4160212775096161
e17d2f590d84426a,0.6642900586368391
2a43160c23a74c18,0.5097019961344748
a7cfae1fd49643b9,0.9472582800328175
98fc7bd9c7354eb2,0.8104323956856987
c728a951ef8e4fa8,0.4775119184386072
765910d68ebc4352,0.8808085905820539
1c5bc159f7a24bb7,0.30273585631962296
f78faf1a9beb4ee1,0.6655254743040736
f8732a3d533a4a5a,0.8786022813970089
77ef8f6903a84b28,0.8234423767162814
16fd7ad5521d4a49,0.9817766918834416
0dc47c2fcc364f39,0.9243657059580515
bdaa351fd1eb472a,0.6887059968286378
d85a44d771f94bf2,0.2726382974134655
74f154d4bd26415c,0.7725918685185698
b1ed242504544c48,0.8925968757654764
b162392f294b4250,0.26475418114593324
90d889d55b474c20,0.8641119354478923
6c2325b796cc403e,0.8741730390067526
33d96d0637dc44e2,0.2696346735184834
f790f0e7dbf54138,0.8508691831102205
bf1257bccab54d9d,0.9489356580619529
6214693f6a8442fa,0.9244042948627289
20e53c0d2dbf411a,0.9345027563390398
a448ba7f97504db1,0.57542181735738
1280e3cda4e84af2,0.394789150172854
a69a8ffedabc4a4e,0.574984181687066
1e0e55739a9d4261,0.8995292890500195
b93cdff9660e4583,0.8046554918857645
f3f1563cc7284339,0.5912187607272239
f23e1c741c61495b,0.7147643453125463
7a2775c5437c4fa2,0.8996276582830058
eb3e06b65f034dfe,0.9361661382627904
8e159ff6c61f492d,0.6470581898088865
db74ad6e08224d63,0.8093553062765036
b5a62f9dc7e34206,0.4606438278274792
9e91ed051a544a6b,0.9497570823868022
5bee2e039f8443ce,0.9055700739247896
cb6aed10f72846f3,0.6685082636574291
5e780151ffdf4736,0.522448660233283
1a27b65d665a4d17,0.3859790236985404
647329c9ff164e0a,0.4375933398367539
da0add54488e44f6,0.9089340895431682
a80aa5fe830245af,0.7854561487497497
3fcb41964c074dbd,0.6567055702912321
1d791ebc0374419f,0.8101280724219623
73be666ca8464b97,0.44552384656713734
7064a3d9adbe4cdb,0.9355042837007661
a4dc164811274b6e,0.4548208870143494
eccfa85296a74309,0.6549821598317934
af3b72e2f1d948f3,0.48105613556236476
3aff1f99b21f4768,0.9828687741871338
8931c3acd1ee4596,0.9480384643549645
92c531a9783e41aa,0.5586281536849851
2f0dbf492fb0445f,0.6566997088970006
6c3c0afa0bac4c17,0.5690276265602211
fee3ee60c2ef4919,0.9101500705161139
8a2288a76d7c47ca,0.5121163541915095
b25e9ba354f841c0,0.9667815912076054
7a8f1b322b1c4ca1,0.4397766700881456
6c586d3ccb454cea,0.934077206550145
3822b624a18a4ac4,0.35067109481928466
ea83eaf439674f2e,0.6149576384289687
dda22bd0523a4c4e,0.9107540158226196
a7b63b8aeb5042df,0.9003172674109164
f24418e7dfe44617,0.9508560553912057
2566fa01a3c1427d,0.9325291373597492
f23660cbe4c54842,0.5896101406021524
47bad70123524e42,0.6073460713464712
dc3072739e8147d0,0.6911296070873616
f62d05ecc79f4d4f,0.8147509040042693
fe33424515ed43ba,0.8409271325692909
3192ec2900364280,0.48595518890495093
98d8b915d71542a7,0.5975054762777241
3282bb4bde9a4cd4,0.7082839619048235
1fbd530b6b264c76,0.45755051337643704
a4bc4b07af884b3a,0.9326094764400019
0521ca77d6934f69,0.9433750954653408
28cb851375ae4216,0.5579626607897746
19e6d066144c4a2b,0.8895096122801076
cb2cdbc617834534,0.4392464977177775
5dfd8efd832c44ba,0.9637872583974118
2e9605c4ad4b466c,0.859217827067698
13feefbac2dc48e2,0.4775494313003037
b6d8b16767c549f5,0.3846166371716134
ce1bf2dfaecd435a,0.8923496884657003
0c5a2876444a4d39,0.8795240529866241
699a6557dab2450a,0.5814306440185159
2f530100f88d49a9,0.862325186668206
9c8d081852a940b0,0.8654564816239683
390502e0fa2649f0,0.6504721566298732
1bfaf974df7944b5,0.6584062333508336
518ed05d27fc4a06,0.9460625034487851
4f4a05b5b4c54c2b,0.8180046433287045
85b78082725d4315,0.5304184944022136
d9221fa3099b43a2,0.6252545752522968
73c18022fc294ed7,0.6034745678814646
996ac3a60c5649e3,0.5181023714239954
11cd183cbb2e49a4,0.24462240728481024
0dadb77e36bf458c,0.6046117165310801
eb69eed4a658464d,0.40264683464696643
51028a494c904062,0.7758554904351305
0770763bac5f4ab9,0.8088396474797874
c679af5d553f439b,0.5516101256033359
e6a94801ff564453,0.8773841057348646
c708e582f5d14254,0.4701908997228937
aefdcd7ed35840c8,0.9773284402364564
d0c9dd37cfb64264,0.9007404190132242
416406b95fda4a00,0.5448251916004891
fa661ebcc87d4542,0.8362099317183682
b9d8da4b9b0a430b,0.7047129300667713
9051e8c6971f40ca,0.6947964019398821
fb9d1b5a8086472e,0.8802414641148294
f8d61302b03b4151,0.8033978957562996
e02c33675bb34963,0.8899584096845028
f1e75300b6514c67,0.9669555336640779
2dcd2d2b15d14a8a,0.7145475860765694
0c6ad3462d8c47ec,0.5067636670391449
13b24f2b0fe84301,0.30582045082744364
bf6961d9e20e40e1,0.27469560596592363
a6bf7e54aff4411e,0.5329610044559895
aa025201dcea47be,0.9499301060439519
0b27dcaa17884c5e,0.6033839105474853
7dfb31b72b084eed,0.9737085381296064
09cf4a5857c3475c,0.5569904449154961
dba66b8d756e4a77,0.2718894422351579
7c9ef19be48c47c6,0.3982502698383543
9ef7b134c52e4eb6,0.3282664461718891
e3d7a25233bf407b,0.782034987710416
9e027c95f3664f66,0.7089402637892122
509bf1d21d5c4c64,0.2716153428098762
2a6559cc90e04256,0.9749855356165268
9f2508e35b474409,0.9189599446888642
ddc93ef34f3346cd,0.6723255874886789
74adc507170e4b1e,0.9304458211317638
0a70ecdd0deb4b48,0.7791391600812873
b8664ad8534d4e88,0.963854918711735
793233208a4d4980,0.9303904928020023
f9f6218ac9cd421a,0.7951659667461816
e5ef43374f07495a,0.9454747774083749
1b0f0fc183064072,0.7324625350740404
852bfd0a4fb0410e,0.5121543230704229
f57ff90de8e3407d,0.7939359265384867
eed0e408f0804ebe,0.7974836731179543
b5c784f07e124aba,0.606161548496041
653f5848bb1f4d1b,0.9035160473224061
2870861fb2ea4288,0.43698488148078335
3b69d78ddf924b2e,0.43721476291672734
31941b919430419d,0.924429242933418
05b829f9d17a4023,0.3796207810409339
d6935b652dba45a0,0.8740768293345285
a37a92da5f864cdf,0.19261518666615934
a51fc2b11b3f45f1,0.6597446430849564
8b3717947ea54be6,0.8077952476818713
ab3e663c99b44cc3,0.85089957726283
b6ba4551514e4d2a,0.5876452612018609
144fe211af864ac6,0.7939466079089978
970b864f876047c1,0.6869095851558514
8e65c1793e264c42,0.5374169958768219
d58d4fd61a0043ed,0.6762074261258391
c2b59b9b901b45a4,0.8679893059545134
b0dfa3bcb02544a7,0.9372907912703338
0b431416f8b04ed4,0.9130941946534996
7e1c0571b20d4c5b,0.7547509622621935
1ca98757e68a4101,0.9561832051186427
f469657724be453c,0.23327795977842153
31e02b43028347ca,0.5574393571555134
700dac574fae4a2b,0.6845723272611534
e09c8e6404f14ba8,0.731766491002632
774cf48a65f749af,0.9382712378736994
11eec4604a824751,0.8064270181076406
81072d3bd280438d,0.3754134823961409
dc7dff0cb9674970,0.9306325009172473
6479b66524414431,0.41362544858916755
dfed7919e4604ac0,0.21469580899138593
ec1cb1ee0bd34a80,0.29129686423989065
d3931a3dea8c4bc1,0.9204796340622733
48b26d6583c448c1,0.7175629657989178
e07f77d2b24f4cc6,0.8727459336521552
23bb86de7c744fcf,0.843122226626874
189069c962804c92,0.8936286697047214
5d12547c9dde423c,0.9615278004433843
a89280b1373449fe,0.41487514772305734
90ff2408720044ad,0.7579437477446567
f4c718602af54b54,0.7685705440653748
66c4c73a17ca4274,0.2060473431917889
7be0422a74924a26,0.7526525077095652
05237527d14f45b4,0.6762323360190714
065ef50accab4a7e,0.8446439316156663
4354e252dd0b4674,0.9073751574388986
3b7d729081af472d,0.48302398175520517
e28d6cf49e074471,0.8985615947976971
0461ba45ac7b4dc5,0.35029617247946404
4dcde323168b4b77,0.6683734895479956
0d3df1bbb1c24c2a,0.8458016774491727
d48a1e9ffc764270,0.3887879850985661
343d397fe2344fea,0.2501133450512148
a8f5ffb7741948e8,0.3953865766804593
519afdd640bb40a7,0.5464906463890836
57fa0d7cb49d4bdf,0.50188800115307
162c2bb4194f4c5a,0.12177453911391152
9138ee9cc60d46c0,0.617998192294567
81c7ce8b60a94476,0.43321334342691536
eb1e53162aff4c1d,0.36885466616765283
f75bea051da641f7,0.6035626061665322
953644560241487f,0.8720797521512591
fb15dabc4d4149a0,0.9665659890264771
6cd65c3b5598441d,0.9009257457831108
b19ff6d2413e4d73,0.43974606093429786
d350ab3f7a4a458d,0.3728742455287347
0dbd47c08a2a4930,0.5728566419711938
1918232d214b4fc2,0.7971801865250547
5924c0bfb7b74be7,0.42044714221133556
a761ab340c0d4a1a,0.9813299768362731
075eb94fec034c86,0.4949338983552063
9a3fe7e847384e3f,0.8806031812247179
3b417a039b024bc4,0.27976916930111584
ee3fee1cc2a34d96,0.8106506733561959
2b5e00fbe28442a8,0.3362186151713577
0ddf468607f84244,0.6314161986177949
ae365d994fed42ca,0.8257639580447511
4b563409ecc04a94,0.7473412058556388
47ef8bed20074933,0.8486068511450854
09a74ecdb5d74daa,0.6543542893977516
641c88150ef34155,0.8547920824744393
a292282d0f7644b0,0.5844057123564672
dbf701f874a241bc,0.9123486273532734
f15dff2b375c4178,0.968524334209339
b1fdf461d1334eaf,0.6788630705702813
2b8084f28e4a4270,0.3125155998725308
333231be98694660,0.7167345138695416
598363368c234382,0.7044204320019736
8b347a433c8d4732,0.4518244157088854
17912d4e955b4182,0.8071658080230186
61eb5b31543a4a97,0.8816600494772469
8cd9b540a7d94c24,0.7986787386065092
cfbffddd4de64e3b,0.6807424107294243
b9557e824eb44b8a,0.9388645666259656
3fbc2a05d6f0472c,0.4205805301343544
5f6aa62656364d00,0.8316010015438557
76a39d2437414d7d,0.9244625014499844
2d3d943b09b24520,0.9091436976162932
d578357cc81f4955,0.8713014567637354
1be734d2568549b1,0.9105906139124315
8c454be6cfac482b,0.3430079751616797
a1f1aaa2ec1b4728,0.9499971747574121
30cc235ba1714de9,0.6038133079785314
319b30e8c2fd407d,0.6149126748521977
a2b179e5ef4d4561,0.9078359065844133
152b8c58b5b94dff,0.9827490749882388
39834f2431404867,0.4530882180287984
2b4e730c9a0f4e41,0.7089164508259997
9a27073fd9cf434f,0.9328139002870534
a58c5720d2054925,0.3831969091547708
a0d5e89cb28744e8,0.7286472109605984
427b70c0b9ea42b8,0.9519194307412504
26b73f729ea141a1,0.948798924545894
4d01f260a7d04d1b,0.7481607819255348
346306b330c34d84,0.5030912041872548
df720b0fc06f45b9,0.9741475067336157
594528496dfc4765,0.9763483394004995
1690f0a40d6f4908,0.8844562708863206
f0464a643c194d35,0.4348217732078273
5c917f987d994f42,0.6479649849921693
4ff55af016e4486a,0.7418079487430219
6e7a57e0423e4c2e,0.8256819649776308
232b05a0f7d442c0,0.8067728258850038
2c53094d05544e0e,0.803934983600233
ff39f35616304711,0.6488019877668997
3b77b10930ff416f,0.517602618757845
e6447b68bdeb4a7f,0.8571211154379781
7fbde7b802344c1c,0.5264789373071656
ee95910f549d4ebe,0.75971810196404
2fe438b474c94267,0.262303244215603
20d4b122a42a4af5,0.5633792827552047
7f5ecb1ddf4246dd,0.4471706844110822
f1a37eb7dd8a48d2,0.7718860746681846
466c8205ee26417f,0.9485030084801505
2faaa13ec0fe4521,0.7834146639311347
dd041051c43b4d4a,0.5796876442699296
2fbe09278a1b4082,0.8198913169016449
8637c5b80a964320,0.1653914597725585
18cd9be907b949be,0.8851553113313294
d62e38f79355479e,0.8178671038489567
a3f275ad5ebb457f,0.5295614051567025
7715a8148c9d4c8e,0.8827297924354974
5cde5ffd78e44ff3,0.6630314434322497
29fc41bab06e4c9e,0.4709007611897195
d23013c94b3c4f2f,0.516716610685914
a729f6bcc40b49ff,0.9254401581447015
751ebc7e6f4c4fc5,0.8804165389726943
ee7f5d21e8784118,0.9337070897372306
3b2a4deb2b264872,0.8834334594458892
82a6980ac3ad4836,0.579482088341828
b5ece58dcb0a497d,0.8593834065051871
71ac52bb41564ece,0.9432918254819365
1babe5be7353417d,0.6238244008329974
4006bae2fc54466c,0.5566737615904185
d4ec15acf68c474f,0.7065102323061087
7f298a590d164e68,0.5456115674348405
6343d197b1514eec,0.9368837277136077
67e5d312f43a45bb,0.6889590865859462
2bca0992d5354efe,0.553780728988893
5883a023fa924f1d,0.5925620307050022
2279581dea784e79,0.7579834897528646
2a9299fbd0de49aa,0.9471834834209625
62ab38b3089044c4,0.7541794184194422
4b218930ea1749f5,0.42300185880237284
8848e8c498444c4f,0.49981603911567674
98e0808582dd4c57,0.9452356549702206
55bc90c401a74a42,0.7248315056970229
c314ec9406ef4235,0.9330423214634822
85689e7a1b1f4e90,0.23032632345229775
ab3daee0b9984c6a,0.9063383325278654
f2cb82d5012b47fd,0.3492165082274873
9ab8c4fdcf6f47bc,0.8735725611046279
1b5d548e9e324e52,0.9382869706430603
92d5382ec0374f59,0.8348435905211966
1bd0a0fc3df740eb,0.21309511756983257
dc5ee12982704917,0.5594266792956099
c9f726c0f8cf449b,0.25782263851429316
33df842a41204ff3,0.3932886105744572
3b0ce2727b6b4113,0.7215055257045889
c6b36576a10c4feb,0.6364068497761938
55e1af85b8ed4123,0.8767414546332024
5e70c198d17f4f02,0.3253072665381946
35ac1efd779c4d00,0.9443894324198217
1e2dea7a86b64da8,0.7381418455556288
c46a0f2ee7cd48c4,0.6003531641056346
ad5283913ad04d88,0.9416051412197546
2bf488f40250472c,0.8928308206560964
62047a57e8c3496b,0.9743779845696827
1d7a019c57cc4870,0.9481969120271349
e3738b938f194d99,0.5806727715908718
b2289f7473594804,0.33808579301626795
d7d493ef8f35467d,0.5865163466802322
b6ecaee69f4246cc,0.5732550679910488
1926e2d2ec3c4db6,0.13408964309522642
e55cc651e4a44376,0.9091368756079647
4aaed999edd54218,0.6463710892136502
d5a5246f896f43bc,0.2984721861836449
2f822e64c93e469f,0.533261197102995
79efb2dfc2fe4577,0.9149434766867909
afb68c3031434904,0.9385473590669553
9b297d0d1fc24004,0.4455784613802149
27a81c3d3db14d1f,0.9508562048152843
83f72fd2b6144c53,0.9454524398419555
d03a15d3ad254672,0.8518518768456176
b7d279f3f8d0491e,0.9591287720515139
0c71834e44b54587,0.6577516648147147
c4300adce6a84fdc,0.916546079516542
0dcd25e6c8984c90,0.6988434791046416
630097302cd4482f,0.9556755350416954
1b0222be85fc4632,0.4563316866491221
b3baabb656da467a,0.4472905516155492
5797dfa69bda4d28,0.9042125556988329
1078ec34d8a04f6f,0.9321965830682662
01f1ba4ebc36490f,0.7146763620380745
31c6694e92554e13,0.3906591276466541
d4373e5e64764666,0.7581100604479888
befbe3f052a146f7,0.8065236433835706
d0edcf04972c4b20,0.4128725357098612
1f517e84a02c4eda,0.9495131466232969
8ef969e0f1de4de1,0.600940286589682
05ac87355a3d4efd,0.6630086211376158
faae9680217445ac,0.8875708505787604
beb3cb51c0474165,0.7054896595878727
4b9fd2278a4846c7,0.7624692184327267
07e5749721ad4412,0.8734588259813801
752af8ad1e4f46a0,0.6078859658618634
c76b12ac4b064dff,0.29972342372134114
aae69c3d8a5e4e9c,0.8578062951966321
784dee8c92704e13,0.6522862365690238
5fbb2f46bc6d4493,0.7962077121231108
9f2a753efaef47ce,0.14758391939624602
0ce5ecb439024dee,0.5973807256394351
ac796434043c4806,0.7672569779320851
b06355c3cbc24263,0.6288108271470263
89fa1004e7bd4ca6,0.12210403017009705
ea2770e4a6c84c58,0.8987483579863488
390f77d5abc74f0a,0.4700238660781433
77d4bc2a12c545bd,0.6848239040940743
354b0a8d9e1e4fa6,0.8185036270459557
ba4d75bda28146fd,0.6064980540328129
baa1fecb472c4638,0.4851757483432406
1a004af8b3ab4b9e,0.9563975850767951
21004c9ce57a4b39,0.4194121347829076
3288f118cff14fbf,0.370692170552484
966275e303374ccd,0.34262785392339906
20bdfaa02de14cc8,0.948463563431283
9a7740211aba4a82,0.8522467605864941
3fe5b995177c4add,0.5352738753697333
03da31c1c6354646,0.1418453159925341
cebb3492e16242b0,0.5262019699527428
c99a9a9c0e7d46ac,0.8810110422714476
a8976580bd454a29,0.9148756947593233
f9c2216f92014d4c,0.5348047341679835
31834d9b6330431d,0.9099253282469865
b13818f4f5f24722,0.30111886301183055
6f79985f989a49f9,0.8667285034621631
5334ca7b5e2f4189,0.5586246162291334
f3f3e197448044b2,0.8705983901776496
a1af26f57ead40ab,0.5864356784493127
c9c95cdf9d7a4a09,0.813113373418702
d02d7f65cb274256,0.9401855310690265
558123797bd14799,0.9760811618272206
dcaaf63d053044b7,0.8776069591989456
c208b6a047494e57,0.6590611807872583
cabbed1c477d4f96,0.796412107296537
8663649097954d66,0.4473851397822766
54df7e9681a44721,0.6147794978367923
6db5b0a0dac24bb9,0.3455729015792523
22e98166326c405f,0.851673260580564
9a4ab87ff27c4e66,0.5138757275301951
545fee3a49b74824,0.9119397623941892
82459068ece641ab,0.5747603754727811
2f650770e3b74e40,0.9598754664599141
4dcfaaf400dc4403,0.5733341330421025
731cff086a2f4a85,0.9001610466421593
721073fcabe64469,0.6128584291748633
b573821fd71a4f44,0.43796879813713796
ab974a5772914707,0.9752528259004632
663cfb6813184480,0.6190438140333308
01ed76dc5f27427f,0.7213981099201869
2d1c50d576854a06,0.2908674625791586
bcc8f4d3631d44a4,0.08989503068772106
7ad0271842ea4175,0.8239847103519086
ad6a773e684b4f92,0.9749888034668385
0f344e225c154591,0.10347607933211295
b84c1f6f90874016,0.9391745348607627
df940543f99e4b74,0.1698165836543798
38f228f6f0ff4a2b,0.8011594553347763
8a8f77aa37174808,0.5678564474026615
0babb803d3ee45a9,0.18001199654193542
118cc6a5dde4451a,0.5074670100056702
2ae6ef11f99640aa,0.1885624509885451
446c89e3a7224649,0.5268388804876589
a724839f21e74cdc,0.3921220659749439
c1ade394c84a46db,0.4397064460819056
6755861963a043bb,0.3917353146166214
fc1611da7ffa4949,0.7523047143698476
fee2473c6aec4c90,0.8218497617419865
35cf8ca174db4335,0.35581387207545306
0db6ba6cabce40e3,0.3408547224521152
42bf0197ab9049ce,0.46399946021967653
4a98132e3f2f4f66,0.1688355193119464
dbe4176601fe48f0,0.2741977693178963
d4053cf18f944619,0.08335193556995502
b3bddad658b64aaf,0.11617777476006502
89c36bd6f56b4c94,0.08547647030386292
9baf7fc9bd7e40d2,0.25921801287943846
a5020c95964d4ea8,0.3313767475467928
2d8d1a7721294024,0.2688419312948154
3094c62fac1f40e4,0.1361488406784748
a17b15cf5a224e02,0.6348781212348407
e86a5a03413f4fad,0.366811149338162
37bf3025346e42bc,0.2693356912665926
3b31b1a76f424b40,0.90781586134335
bc97b88981cc434a,0.4667143005565352
564c9a8653774841,0.22570203664042426
503fd85e34584edf,0.4999529620252601
60df32a5c613401e,0.4070814418561517
db088cea6fae4532,0.3584733830297105
71a5715735fe4531,0.6310930113051056
97abeb6bb9324400,0.18777443393696863
14e72b3cb7414e89,0.10023622259375158
a67f71ca97b44130,0.17377060638443628
dddb9aed6cfe4ba5,0.2082376410096088
7d5ada1d96c6488b,0.583095504758086
f3150eb661e84977,0.14110178681346108
50791dd9bdd94b43,0.23569109427448068
37a2a6da397f4a6a,0.7959253435654969
3c8e8c927c2a41ed,0.11777405342879348
902d72e047994ffe,0.9144514238486746
5250a2de3bd44921,0.2313283253276671
53ec41707301471e,0.3778499413613003
200a06cbc25b43e7,0.27587487000861144
fe07b38d5387473c,0.6719461182566979
5ea211b4d7fe4828,0.6114167306767208
241fa8bc7cd145f7,0.39480357747013917
71be863fd70b4420,0.9427086353499583
509253ae2f144f5e,0.8369763161055258
f27044f8cd2e4fe5,0.11621616538459076
afaa11b9889741ea,0.27667665170794725
1eb4acece27f42a3,0.8020986308461268
c7712b8515b545f1,0.7329778748614826
1fbcb7d6cd0c4c9e,0.5051246169282413
28a57274e5514e70,0.6917304362693685
f6750b21538b4929,0.10682321560441362
14d6faac3be94787,0.11164589216913381
046e42fc5a724ce2,0.0799666971430117
24803f1be4054d64,0.5047405768842941
db1373cdcf4741ca,0.1299489171424875
ca1103f82c364e70,0.15549350602525375
b530096d4d45475b,0.2913008724448708
49ccb12f31ea4f3f,0.13150745294914795
4fe53d7986d84e7c,0.19802325549302532
116291d14c1d4f34,0.0906868552699977
4461dc9a3e724caf,0.07310321465909365
e22349a4c46e4d25,0.06641211408666241
a4bca574de834e2e,0.26509101459806395
0d1e07b8abc947d0,0.5229152617298582
488a5b96fa314de8,0.18614411718155086
813e2ada5a614238,0.265626234967642
9a24e63f59404292,0.1340746095077189
0d02f1cfba4d4f9d,0.07146053880731987
b7e0b41746f644d2,0.06944812148443463
f51593e91ad2411c,0.2096421756939829
b4d5dfd9418248d1,0.8021861819646938
d87b0b84e27c4300,0.09875841597176664
f086bc9c32a44a06,0.2022739043170138
c60b6219005a4910,0.13406483850410994
41700dd94ad84ea4,0.27646645120588237
3ab0d320597940e5,0.1367778070723346
e625ab609ac14414,0.2483583625979726
87e492ba7d324d18,0.35209981410654856
98d1b4ef331b40f0,0.15416261152052962
4d8975caef544d09,0.4141775142112655
979da7ad50ae4cdb,0.17133746557157448
a10d93a595ca4972,0.36644125942600747
1ef0475e5b694f24,0.1201821568843736
cdc32e4c57b14ffe,0.11870614229310288
cdf3c0cb64cf47cb,0.15338463093485202
3a79bfc970ce43c5,0.24320729605806005
a7827e7e609c41a4,0.09339136943136905
be4b76db607a4170,0.1811781384021625
faa38f8bdddd4e64,0.14524740307108316
e76044e3753e4e88,0.177932280835526
dc8063cf7e524113,0.7911737619894706
8b283a10775b46d3,0.13118393767838094
7b5eaab6fd12412e,0.5802234425509717
9782a09b26b94f1c,0.09012833452257782
dc152c913e4242f4,0.2043026095329748
deab0c0f9e284024,0.14822801838631405
e428c20992654fba,0.12417909975398471
3c48ed47eb934c95,0.13222762295174828
c869881cd9b74541,0.08704081644696243
ac04cef24f304a4b,0.11958065244826142
f121328695704c1b,0.2543223685373596
2592c634e5d84fab,0.29261724111659804
61ed7a68a73c4c9a,0.18014977357933393
d13b1486e97f4886,0.19483196727368216
4174a799203b4863,0.1765967621312974
733f14585a394219,0.129724959025208
23d0b1c4b2f84b53,0.7783793558575044
362e05495119461e,0.0817139414986254
131496f5864e4c2f,0.11713499210555708
edea35dad5f0450f,0.09058773832110462
dad76d14bce248de,0.05110250704346021
04310177cebf490f,0.06928158055873458
ec091c2dd1ef4299,0.14387791562481297
9604dbc48d734728,0.12016590281613697
4b90dc10dd7a4043,0.07273422605699105
c1852dad4bbe439e,0.15080786357943482
9a40916de3844c6e,0.17485600082752847
6986164f3d6445ff,0.08171970979855536
84184a0089fe4b4a,0.41421591691826687
8bdddd08b8b34820,0.13187746591645066
cb5cb25f05ee4644,0.13131502357425232
3175cbb69d24409e,0.16370597965188574
ec6a174f45c94556,0.11266163631995744
10f5b8cfdb8d4a5c,0.08440017098841517
a5c174da370a4700,0.100650389434586
df5b977422a64b78,0.05724006896049737
86b55a9fc42840c9,0.49295760855122495
bcf114af241648f3,0.12050184559132426
9d3644097e3a4098,0.25716687420101203
742be92d9e114c8f,0.11396909061612481
8c73909465924d45,0.09242984979683454
b1ea0543a9274dc2,0.047246569193342254
0065eb957ebe419b,0.2313143255138937
3e84be0ba69b4cc2,0.09290580570282736
4b11780363c04aa7,0.20157084593371005
cbf328d4937243f7,0.8817668504496095
8aa3fa1bca8c4835,0.09356656893939017
591d304724f34183,0.16021605839399244
bcdac4b23e704f94,0.12321241810963707
d97527d559724a99,0.17153436901382424
9b7ca9f37af443a3,0.07594096321460737
cb0fbdf65a0e49c5,0.17549341268317564
2677d8668c28441c,0.9011849008995655
936c62ba3bbe4174,0.22068204444318634
16387b22d4b8407f,0.28933458973845916
e08dcde9bce94a30,0.0789862021547528
66fe4bda47f84862,0.34506414040234096
8199fb1bc67a4fa1,0.1587337294312683
6c60111df6a54cf6,0.09141714230403476
dd67036c3e3744d3,0.09165551822371079
368ef0b4edad4681,0.16276205477692213
840809f27d514292,0.10938280039126791
76d0692514ce4c17,0.5275730224195398
c8b142cd5a564c6d,0.18509908210310536
83053178c65146f0,0.21608812466102623
c9035cf640a3486b,0.12834142435613927
455698f09352451e,0.08750045021703698
ef0eb8b7242d4884,0.06192983635421427
87300a0daf974ef3,0.8548742593185515
c330e36150084f52,0.10635579021731385
c079c41b71114f90,0.16632720352194047
33f7c5009da2409d,0.21057141189506762
70ed4240c1f64f34,0.06324114778563762
949f42efd7984da0,0.0792914887718146
bbbfd2429de049bb,0.14597046787909376
a094cad1b3b840d8,0.12464512076396
27bffd489b9847b0,0.09166093204290124
2f1b498c56e24944,0.20091717650695967
1e268e679a824918,0.3816863116041963
d3cd5198d0e9426b,0.4760792293928542
79dd94b6205f4137,0.09082560064304429
e4b61616baa047f2,0.12322127899579877
22976be89efd4946,0.9295299091844542
a5fe86b2373245ce,0.08493217080367645
ced4d0ab9b2b474b,0.9276518644539218
22e36d40b982405c,0.1340179056047327
5ea5e5d7cb7f4e53,0.37157100995221704
42fce6958b8f4b22,0.08648464311758498
6d7485ce13714b17,0.11047900066901621
1a15f9cc5735484c,0.7551939538625443
0dab9b46e1354f13,0.39516180547231017
3d19cc244f9f4786,0.6903163172912687
53b738dbc0744fc3,0.17444483938483607
1c00b4ed1dff4731,0.09843504836104823
670d02af50f147c7,0.27895436648422384
88202e9aab6841eb,0.37484401690311525
fedd288f4c4c48c1,0.19839599573481215
4174d2e22c7d4c40,0.15405517266235247
baa947d2714d4384,0.838900604171331
914e028b7f554cad,0.09816195295444856
9bd8fe28864c49c5,0.12933723485786644
cb23369c35f24b91,0.1022561107163973
21f7a51f804d472c,0.08549138328591771
49a5fad76a9d415b,0.14919947904935812
0dcf23607d274666,0.13011717146306595
8cf4e06a189f465b,0.1169177239621607
599b12b90aa44853,0.7816555654447216
ae066bf9205d483d,0.08460331220531168
0ed9ee72179849aa,0.17325442567339433
06719a28ed924df7,0.1641869064782937
fd579eb9536c42f7,0.1169229426027578
9e6f2ab24af74761,0.31013044779920496
5f80c25f40bf497c,0.11516067107248612
a7d01bb2b7ba4742,0.10406679876310519
124a871477e646d1,0.4376992498007731
33ea9b544f404d1c,0.3090296646306975
87ecd44ff6c949fa,0.11017569510519742
8523b0c7de774118,0.15598848222669837
ff11642fa2594c0c,0.13580107824880688
5bb88abeac6e4789,0.1075443696922266
edf2d0e4a71c4011,0.17114792771108672
c7559473e1ee42f0,0.11260740319733001
967d22c90aa447c3,0.08265078084904671
7b661cabebce4911,0.577461215924765
1bbaf15843e846df,0.6400409856540493
c764e65eb31a4961,0.6946220806941845
6b2a6b23f5fd4613,0.14718341996195572
726be42a2a134de7,0.0580013229108449
07b98b74241041f3,0.10380761349604928
d1c6065697234b94,0.06460342345183383
068f6031736240e8,0.1279042076159945
f6892843311841cc,0.25851806347876416
03693cee47db4074,0.11368897553623439
1fcff27c9b9445a8,0.8698921486918353
bea9fcf1c94b4dba,0.12691036966845975
097f932c50c9414e,0.09921672710792209
f70859ae1ce5449d,0.16647906867683568
0e1fe977f45d44e5,0.04706513981731626
9821294c67ee4991,0.24579662145352418
6bddb1df71fb42cb,0.10093028833940117
46eda93d6bc94751,0.25446829214935834
d1f6778603d84017,0.882261701910027
3900086b2fd4475b,0.1774035422708546
357801e58e5c469f,0.11563742155369879
94069411ef76478c,0.23690887919754877
63a9268a81694ddc,0.08293673055039567
aa280da7911e4c72,0.42895630613451097
ce835cff3b11463a,0.5884253128854283
c3ab956c5d7d4232,0.10405445272947614
566726f372e548a5,0.09578997064088905
5f1486818f504a75,0.20484144286261896
25823ac031bc4f9d,0.12524522938030766
0aca9009fa1e44c6,0.1195716333650044
f4a40fe7326f4f5d,0.11942905112597656
12b162669a4f487a,0.26125420248569464
84d273075788480d,0.14325830633601125
1a332a16f390461b,0.33827928438534327
bb3679f48dc745da,0.10103449500033784
ee274d50a220461c,0.13429708654692019
855fe435752b4fab,0.08633350620509121
7710ba90657c4e11,0.1991029648818253
096b583fb31d4e60,0.12783378226276546
9c2fc7a0130e480d,0.49118610243933253
01ddd5f97b504734,0.08436070745148427
5a09ccb59343491e,0.16081825418451953
06378f7a0cf24ed3,0.267224925061565
a0465fe1639e4ae9,0.12201633376280668
47e6f7d0eebe41fd,0.10478454618673383
a54de6174e324af9,0.09071893807573538
4b4c40396c9444fd,0.13065530575324533
59444f6a48c24993,0.07189628169032007
c2c7c960ba294920,0.09688141488332906
bfa8485fb28f4736,0.2704368426269146
c0e7a633bb3c4179,0.08108294518087251
54211af33a2f42bd,0.8048170299549681
00ff5507ef3b4f0d,0.11955241611881479
53efe76469d84666,0.1721513903448323
f391ae54f0134ef5,0.08341725249716879
a27e930c369842d8,0.3275880107156418
b8f26cac21624a7d,0.14440600655912939
9a53e00ff0c64550,0.20277341506566574
bbf923d66735432f,0.10889885097734378
1c0269ab66dc4036,0.0907078973966692
903830a170d04286,0.10509828503275202
912dec9404134958,0.3938774123842065
4a5f567dec8c410a,0.12181211740802829
bd011e7d762c4cfb,0.1878008693858814
be13dbdd273e4a03,0.5491059322137352
6f6b22319d914a6e,0.13335451017008051
93da7bdb0f444859,0.1325524851089564
b112ecb30b3c4cca,0.15446846208776538
15f91ee28c464ab8,0.1399365415971815
151a86374a2f4235,0.06673856840029445
b975c1f0873744a6,0.09000605260729282
625c66e3c19b42e8,0.06782220887918958
fd2429c910384bb6,0.09366184942620435
d012c3b5166d490e,0.10795457887470099
d69d5f87e3364821,0.1773422900830904
d4db106b333a4a0f,0.39161178876981023
621a004d3518496c,0.6664571328692612
77248b09d56b46eb,0.16232076758334382
5304467b0ae4461e,0.08305175506339212
610af3ddd85841b2,0.12167664186512642
c7d24e36ef7b4253,0.20121301158869917
d8c9186d0a234db8,0.0843938472725239
e12126551876470d,0.09462544069960574
4b9613c50bca4351,0.25883802791284144
0df724d976284394,0.16606258591600404
96d53baddb054bc1,0.07394410740393473
eb6105c0f5604ecb,0.11425681034836296
c12a5b67725a44cc,0.13468391290296108
018f12c7e8ac4223,0.05374268055379385
8351d4af5f424db6,0.11641868867105677
79624af097974b61,0.17835775096012252
901daea9f549485e,0.1435366815643345
ee683b0530c24ead,0.45215054917197683
3522393cf8964f92,0.24032983985405393
9557e553cc124d6d,0.13156859466109525
2a2d9055cae44975,0.09160141749900026
ade4785e4d5b4f40,0.1408952623309678
08a369f488e740e9,0.04890763403717666
82a6debfd8d440fe,0.21521969709112868
63d36b068b51449d,0.9232252771240662
4ad2e022694048b6,0.1470220074006714
bfa3e0e2d48d4d5f,0.09643025095129616
6d5dd3d3c2464e78,0.1818836198422439
feece0fcd6a44202,0.6953310060219967
c769d37a3cb3493a,0.09567640804078074
ee338c00935845e5,0.47581031323556777
3f2d2bd80cdd45c6,0.11758697209373908
686984bac33f468d,0.24317353669438513
44abedf8a4c84b89,0.6376207893406699
74e5cbce024f41cf,0.8695310766281966
d250f63f0b1649ca,0.08296233320998883
e1a3abc777b74037,0.08918239007327193
4a85e4f393614504,0.850571626017689
019ed0b080664a54,0.08224330154591011
85824c16923a411f,0.23638520636796323
11a6b1f4285645af,0.08435527616324164
4559d2b944b74410,0.1199458858107996
c22abef7952f4da8,0.27292409909416643
13f0fbc267804c59,0.2324727928527472
a387539a14bc48dd,0.11760382424364224
b808491286984655,0.24830748023741872
ac68e19c522a4388,0.10058568180223561
57c13a5e85484961,0.18821940206806345
2776ec8838e945a3,0.1369945884988729
0e0c2ea3c53349a1,0.14671214638842617
208c3cf728ae4771,0.060756241505586124
bb5c8728a03140fe,0.21590171442957046
02e455778a6c476a,0.11280066926170987
c9bd1137156f4da6,0.08822273789876695
e4c8a87ec21e44c1,0.18395300099590425
f23a13ae117a49ed,0.09889753964828539
595778336e074956,0.0644045717163402
b9486d9518eb403a,0.093579649650539
c4b50554a1234af4,0.11817850919840552
105845e0cf0747f0,0.4337366488977179
e725aaf16a8043c0,0.23172029168870717
60b3e5cba8484114,0.09589792688795308
68e0b969f643446b,0.08469653566307969
73198f3e132448ba,0.29189775869885665
2504ae3023a442a2,0.13070879003870672
2e8dae3900944175,0.14089203494250244
426372794fc842b0,0.11101256271243964
afb60a6cab6a49c8,0.09462630811062389
57e32cc97c2b40c5,0.10246620144464064
9a703f007af246c5,0.10610517417950557
a055dea88add4c50,0.3279640620396648
c5ce3384bfe04a59,0.27384573536817525
8a910a09e83b403f,0.12119961810131986
1270a1ff4a2f4413,0.09815355638599983
b143320622344324,0.37763872163192985
50921f28abe8400a,0.12092964148873372
95a279ac6263498a,0.09287300546809894
6bd8757485c54eba,0.08734008325795026
193bc10c075f4932,0.10032669203626392
c0afd92aefec46ce,0.0966461430773097
8b002515fef04d20,0.10440147564152857
add31b9b3cab466c,0.11749649298778536
a52fefd5bc26458a,0.48314502540069754
57ea4283f322494b,0.18648700428441362
0b2606d5ca7d4448,0.8383333268801803
a9dc7125fdf44f63,0.13478423980504187
eb5d04e10879436e,0.10074298037738887
c27bfabaa05946e7,0.1210709480617042
950e2a60dce141a0,0.2708552289052901
8d0f4857a4634b8b,0.6391622856974553
07535798cd7f4cec,0.30460068748784225
848b3a522f404dbf,0.09554432365731175
4f00433e446e47e8,0.12198074572900496
24b3ecf457f7426a,0.10917857967142214
0f2e0f5d45b44a75,0.15695231147145872
73dd09712d324bdd,0.0967944584702884
d32025ea35ec4878,0.46003835827442846
ae8769d3277846a2,0.45492422980856834
93f7b516f9be49ac,0.11213030412741251
d48d7778d47d4450,0.07653797470732907
5459dbec34274c25,0.14565734757667145
b3a9c2df8d3f497b,0.1334611533137361
3302f3c9deb4494b,0.12023310093906733
2e0ca3996a324d00,0.09744783843654992
e4129d92e68f455f,0.28851598156156405
ce20b75735e94746,0.2993836007283649
4b6c0e1834a44854,0.18022108845856724
fa5aa9964588441d,0.16416846360553394
541e443e1b2d48aa,0.8244789352319146
3d024789da4349c7,0.0977755202554795
c805569540d24dee,0.15293131479344152
ede436d841374f2c,0.14415977044541056
b17c5c1f09d9440d,0.08150568208274407
9d7c8c7e22b24372,0.12287683796049134
29b9cbf6dd624d88,0.09383037490411439
0eb11e875dac4d23,0.13130940345134728
6c9f8d3c77364fab,0.5019602967159916
319e7cfbf2a04fce,0.21048672626633427
f3af7ea7e25a49c9,0.8062778058879578
e73317e7b9a640fd,0.14235511722596675
6c3095188f80437f,0.08665360906976675
4301a4eb3fa04455,0.6790127404874443
9888c8bb8a364ab7,0.0750907536178805
2e036cd76e884295,0.12580204171302142
7b4477cb3f2e43df,0.6428058754551893
ef2658025e5a4574,0.11171309158947806
bdb5151ab71845ea,0.12448682134286335
38f8c67e55c440b5,0.18313790870977661
e8e33ae488aa4031,0.19179421195999602
fa53db4283ae4a42,0.14260420147176506
607533ef02cd4e01,0.299630696195602
019f47e1a19a4836,0.2015200044942276
f6da6fd020834fd9,0.07923233448619357
d7b80b50226c4562,0.1174638329272625
a136e8eecfce47c0,0.09777905611642775
1fe3c62e8f344212,0.16145208075228
20eb3a9077b347ae,0.38372679522519193
8d6bd94432654617,0.1515590440723736
2cf0e63bdab14b2e,0.08983782661186976
52be16e5edbf4daf,0.09572576552953108
b9a8cc0f57d440eb,0.4676587181484421
77720d955b9f4dfa,0.45588522956945565
30ddc67977e8413f,0.4074614685867656
a3f3f6550274425b,0.09883326352296122
3e317443f7684d2e,0.12767863932782156
ad8c763af82b4ca3,0.33285536163120416
20e41afa051e4b90,0.09117738052677828
28badea4f9614f6e,0.1870635684335208
28aab0ea233442e1,0.1506311369389969
101c3d99559042e6,0.23059476833476356
9a4f753ed8944ef1,0.10161931201730305
eda26b5418284f62,0.19007098847241863
e4eb7905f0f34eff,0.1461626360811082
adec9d3a6cc64161,0.053506982878963535
dc3d80147ee04d47,0.31296809981269647
2ae56982189f4b7c,0.29179885293000724
a9d63806a21f4f3c,0.19716141438001666
d349f46734334757,0.09934395438135803
ebf15d6e40e3477f,0.12289015809969651
af398d30cef24896,0.09409627640162826
fd0007196d6f4eeb,0.15675307827899876
6dc2498e43804461,0.14885293484895154
45ccaa6a7df84b1c,0.7526370816622422
95286fc16d424891,0.3046647029419571
b36ad63afe2e4a7f,0.29240001439998164
37701f6e257148b8,0.08417500622743686
642810b4ef6c4ec0,0.24074926584692766
4fb94a2bd0bd43ad,0.13107151158299657
faa200d509e44ec6,0.23019901134664084
6d4aa08393024e71,0.4551452348618704
19822fa9f36f4986,0.2925468629036057
b81584c1583844d8,0.822017599362076
a9d87479080440e4,0.1004776047232556
1df747e7e5a94206,0.09107937145573719
e82a61755f044392,0.11188357251173654
3c9c754105a344c5,0.09427811480658985
35889975618e4e12,0.14019772421477988
8eed2dc30e3c4440,0.13287022399738949
a351ddf69da24eac,0.14334661421057796
57e30812669948aa,0.18631424222164708
8aeb395d6e954871,0.11924485510972181
260054217bde43db,0.2545669038292152
b7e2daf5148d4014,0.24541140831224117
02e1b755e9a743dd,0.1318543018024257
cc9e06771973400e,0.15471517843246305
ce06bfeb85cd452a,0.2892909816620883
54cdb0de7b5d49a7,0.11708181610235274
18be722844c341b6,0.1293653188915102
86cd2466bb3a48af,0.10863610104110084
bb17b9bd304f4e3e,0.09976865999775665
e413fb94f2eb4de0,0.1373718082568972
7cc61fe2af284ece,0.23758027700852966
978a9fd935514971,0.4891726648707038
984bf0a36d644cad,0.15902366279539046
fdb7c991f0ae4b17,0.10505795113072959
1921942af44943dd,0.09872572340574143
bc4df976eb8c461f,0.12519166978120988
2d4de7e1f1e64a3b,0.11574310155292464
f3554b519240496b,0.39380596882099894
86dcd94fdbe14882,0.11399388842471746
77f536d11f704e7e,0.08880907743130224
f0cdc656b01b4e89,0.16080067791738226
ed965a6d1e1e4344,0.3954241198247162
e8433a3dec294bac,0.13493212984052116
0b42e20ee4bf4f71,0.06769599915353018
b05596bb8b924919,0.1903046859732098
8131a073ebaa4cbc,0.0842695820001655
82a661d0eb9d4403,0.0618957408834764
0278505b33ee46b9,0.15583464634351143
be8763772a294908,0.20346827644528598
be5cb66f954a40b7,0.1570455409920427
9dd72b51ab27421e,0.0895864238824057
a57f260762484f35,0.1971833065685896
0c31178378e2463e,0.13930389402611743
3d0237844011495f,0.07610444469248391
e959498b2f984fea,0.0766988069120273
6dd33c55e17a49fd,0.23817143219426423
94e3dd1c66f1442d,0.35017099185696776
71c7f5863c4240c1,0.5722306398444009
be930f311a1147d9,0.7236598979171169
7ef0aa48baa94141,0.17942759471859226
2ebee9cb2eea4754,0.13229173622725326
35d7ba837ba84c28,0.15865120726602414
96344a3d33744a50,0.09875979423813504
a7e5c691e48c41e5,0.19531057707393018
fbd98deb05674ae6,0.16834569914071515
aa9d0acdb5434b00,0.28649580842873507
2ff67018c7924973,0.4325941702781494
ee89e403f7f3474c,0.4880865589393574
7916c48c69d2469f,0.07188089822482917
15c52adeaec1478b,0.08534487427219435
c7c8b93c147949e5,0.20486034910163822
8a34880022a14d28,0.06695084708778061
81892bb5a03742b1,0.1506876650529891
a7fa0f8aadc94ea8,0.07700450524711407
1daae1e10d0b4490,0.10752455093984961
55249c0dd62a402e,0.0994450462123219
f173bc79f0674e8c,0.15050516428363056
63360e629994464f,0.09528008510602871
62343886207d4a58,0.36682117060866043
e4e92ce614c24bde,0.13654031635999064
2c2df9bbe6814d6f,0.5440551110554397
42c1825f3e194e52,0.1544701363304711
8afdf7ae6fe74d94,0.29681058695149815
f38f29c733a544ba,0.12450152747340769
378177dcd12b4808,0.10905545861115727
9736ee38a0d042c8,0.2968299728582567
60eea39e171044fd,0.0896542555402338
e4e9183e8037474b,0.6538256877967444
ed8607a72f594cd2,0.18870486546086207
c76113a9879442cf,0.35257496588729764
592d82933d084381,0.20417941093045322
0a4f4510af4f4a6e,0.7043114911342032
80101cd732954427,0.09808199255896742
8fb8c23a3af5469a,0.2332624909481054
08d4e5ee7e464c99,0.18902395257874718
c48a18a200d14a4a,0.08683981191193232
4dc65ad5189f4db5,0.09099334779632468
9af1bf6628794000,0.1411075368215509
e5662c11cfcd4c20,0.12952855635513347
f1aac704cdd74d75,0.09004772289343724
d00237aed8784b0b,0.11956317782351182
c6da43d9c557431f,0.12661364409150005
706a1c73b1c64cd2,0.14704395933402906
93f83bbe330640f7,0.09159376009620174
b4c75521c05d4ee1,0.12361812812044642
2cd5cd082a7b410e,0.348712451631355
01ba858bd7ef478d,0.19189741200215243
0ea688870f6043f1,0.10058678080238834
6688f25d65fc445b,0.09102263335958191
8ea38213339945a8,0.1155712372581288
e4c2125b63c7435c,0.06193508772844383
6739d8c83686413e,0.11119404827448216
3f1932d7e35f4b2c,0.09261122719218132
5c7bec8a6fe7401c,0.12785469099707014
a663146491374b5d,0.12082770925463467
20c895ef0626419f,0.19709060832291514
b617460db61e4689,0.10965558129531403
6393872599ac4991,0.20846515464522436
c51b124e88fb4fbd,0.08445582700961507
7201dea985724f03,0.19417490227407794
a3ddde0a41454b32,0.08383442405715294
d66334540d38440d,0.11670174962972205
fcaffb9844504364,0.3751347569303945
b89a4d549dd740c0,0.23590528168477673
0a4ed33d5d6c48d1,0.1423495596774367
db64bd61c0244eed,0.1846056310910495
d6e7fd1fc8ee41a3,0.14313958163730955
fa2a207d73284fa5,0.09255730295047691
62843653a5f14d71,0.12422404194257475
f6e454d7aa9f46d0,0.3256847746135904
f179ab3082584842,0.09752517673599607
e07a8d5e6e4744e6,0.12783868294218684
74a0752d5b714650,0.5220398824945178
c4a05ff97173434e,0.15509865469883313
3827d36251f14cde,0.10013082569849074
7e5278a3f73941ac,0.22357779902523855
c6584de899364eb1,0.13914458259974685
d1858712ef7846d8,0.11467542982311422
4bba46dcefe84397,0.07300659024724516
281142c189354447,0.07410133773912499
1420c26044f54600,0.12028288034024699
f0bfcd1df2c34b75,0.140211367718242
c60602ce4f344c3c,0.2745657898218972
64f704a0dcdb474f,0.1132036712089872
0b9daa0244ce4802,0.6052089336420597
ec99202ade6d4aab,0.08837632739587194
a520ee47aafc45d1,0.20843770897965275
656b0f2147304bbf,0.08600131344016079
479114ca2f844fda,0.11826174636696431
52f2814373544aba,0.1591259796218501
7f9fa57ccdd74897,0.22851393760721403
ce8c3f507d964560,0.08005610131019912
a87a3750eb41464e,0.5079330664606682
9079502f65014e68,0.11261791799966372
5bba7b96fc664d02,0.283296532361121
a780808c8e144a20,0.1837250992285805
0244452da5b54ec8,0.4024455395150469
78cf09d6861b4bda,0.125261576207641
c78c0f67b55c46e1,0.07032203708183979
30e2f3248a094968,0.10766639576281256
ae17199a5e5a4102,0.09786696031662648
118597aaa0db4725,0.10525453899655605
0cbb5662593f436d,0.15092114116415284
52ee0b63aaea4dda,0.10690355991232448
04a581a0bd5244a0,0.08599290735028105
8dbdc85ab6ee48a2,0.12184274752277502
56ffa1c84e9549ce,0.15346341598954932
2983b46b6c2344a3,0.2231104527505226
8b9e69f5e4b547bb,0.12299264110331534
af1bebbe3651472e,0.11690854711398055
9adace8fe47b4c06,0.5481016595395802
ff54139f32624e36,0.21648949747846502
5a695e5cc03745e4,0.5567918704709559
3bbbb48bdb1f47ed,0.10591373406671087
19e113876faf4c41,0.06755778077142238
af0c2bc0bd6e4cac,0.1486998700916496
118d198ffdc04e88,0.15041049577535007
67e0a34321234d8e,0.12766044230999776
6d0058d0bea44cf5,0.2506165915107928
056992aa58ce4f88,0.0827485729297899
05c9a54e81e64bd8,0.1836329402622131
fb110d876b9244d9,0.10375943739000182
cc9749cb02c54bff,0.12208568249035422
cd353c8018424af2,0.10040345986161947
ac216a73ecb04d26,0.18373736384308642
65e0cee902eb4bc6,0.4295708788776544
31336feb4bd04f4c,0.10600536422869562
cb0093c526cc4d66,0.22104370475173515
0767c73cc4954646,0.07968479646040179
0af6213205414f6d,0.3374047579172472
ca3bf7394a084a29,0.3210553194469716
fa6394759a7447e7,0.38546222360586563
252b4044bc674f37,0.14509146688135668
825a203dff6649ed,0.10096058932081382
1039b548918748e9,0.2574425073437793
578236e5a0914a6f,0.07982284512099487
de5ab77da4e74451,0.1467263616840722
671cb9eca9a04227,0.08523029546843298
9712ec8c6e494eeb,0.15838693110270247
f16f260efaae4fdd,0.11063270809825287
54a1926884964804,0.12501299539394017
53c7cc67ed1141fa,0.14170488314138627
697a6a2a5c574923,0.12822418830459836
2ae0981b86974e5e,0.3658273838288614
2b201b06f1924c54,0.35674138752942164
336ca7843d8b4317,0.14083431754928485
f71f73b78872423d,0.19113418775552576
ffd03ed031a847c1,0.17917964157983454
ba549456deb749b8,0.6387335723362881
5d7eced1b9c9485d,0.6724254224660658
a02073aef3574f69,0.19655174596286304
efe4d19acaa0480d,0.18769412011380462
cb92a4fa35974db9,0.8536946255839637
5f763cf319cc4cbd,0.41280368346055735
e5f3005b29ee48b4,0.12221609295815546
9c306aee62f34d69,0.16912372384554075
d42debd413b14709,0.09413752736109823
7f2b90fcad1b4b1a,0.16762921180259996
7902b0d23a574f12,0.20392626364028352
78b5d1efed5849d4,0.09659060492352345
30d95441780a4247,0.22020138714551193
5dfd6c415fee45dc,0.4228843085013405
fa273fd695494c53,0.11854048541900282
65290c6c1875470f,0.7090249764175622
bf4e04ab38dd4d8b,0.1111471628014654
b40aca45ae814ccb,0.1017535598975115
5233e864823f4c3f,0.4185125691515962
ad02d6c6420f4ed9,0.11373663145306236
1e4ed7009cb04591,0.12383741562902238
0fbba17de5134b19,0.219634636485998
18da66cacf724b85,0.2806553192269746
14fef828448c4317,0.29505881301474945
2377c11188ac47c9,0.09030484789574061
098a0e2120574446,0.08261937137007724
181c8b1223164e56,0.16094181920355236
15fadd4755534565,0.28703142080893546
17faa5b62a3d4a9f,0.10507111754865922
566837402e8b4e3f,0.13784387384163796
c33548e364074dd3,0.16599147739064
8672d78969364bd4,0.07467699848983267
b48cbf6f7cf94a1f,0.786123669762255
e0a2f3df755e4fc3,0.38806982269048734
de2a97c6ed7f4e6e,0.15690273418765477
40edbb3f620a46b8,0.5609248548050085
e4894688dad44600,0.13796918119953766
dd59d83a3124453e,0.13657738754793738
82368b59a00747c9,0.11482699114566569
65bb67628057413d,0.06488958779228451
f8b5e34887af4f62,0.1967530595104455
3b73ba5777864aa1,0.11031841279140533
e97dbb2d316f4e8d,0.21691911560817256
7ca903b0e74d4efe,0.2767085685055926
1faafb6adc4e4ac4,0.0995932021641325
2cdd7002c6974e84,0.1520876830737108
356a06051cad4c2f,0.08603647965988592
d06f337e18bd4056,0.2573784301529252
0fa590fe5a434f75,0.2033527585374733
f6b0a17f4aec4a1a,0.2196313968979794
43a4a8ad93f54590,0.17404803115982448
f4f8437940754bd3,0.16628798317675753
56f5b707307446bc,0.7347938336484833
90281d14e9824622,0.1700843212657028
806227ddaf894d5e,0.4299486652017062
1dc71c41cffb4bd5,0.10589826234319749
9dbf8a8b635e4f73,0.1821430888111782
4b61bcaaefa9447f,0.13840400514053397
6e21c158bc8a4786,0.18265722476007337
d82bac4b42984b37,0.23707897228408403
998c9bb6076841b8,0.21481232600920197
0ad846e3483e4607,0.11068643536643619
65b9f6f92f9b4b09,0.2903679977652472
ad77b0d9e579403b,0.27678030731900216
39aaa5d47df84324,0.06750309495258984
d407875816c2479b,0.466657565055324
fbce88eff000427b,0.09239860633790328
a7b3fcde857f4b37,0.12948432098628476
75850acd44384593,0.061667709712715006
ede88979a5414e7a,0.10136008631147488
9f157711cb8f4971,0.14358337530664086
a3bdc690f4a146b0,0.28213402768211915
0cb85c7bf1be4c50,0.2891810074256536
ec17e7a100f94538,0.16112546133081215
75cbf5299edd44f7,0.0525174250606561
898feffc907d42fb,0.37441283602946845
cc3598c46a05438e,0.15414668558515673
719970a9aa804b42,0.12800232979220283
80a0561c260748e3,0.09761863195307122
23a993fe20814265,0.16884562456678978
4603048aa6254616,0.12004123284900377
6a078fe897bb41d3,0.07048354851284168
cdfd4b4846bd47d2,0.09907835374893015
9666f399f64a4f33,0.07149845755124024
8c6707a7624948d8,0.31419361778356075
02b393c734c54227,0.11028269051144175
038c368b95574c3d,0.31483294933251027
f8dafcd85d934832,0.07122800450456017
b6321751b7e1428c,0.13387385141047695
d30db0900ae14dab,0.1602507468998587
1b57d037f6364208,0.12228247097694389
6c27686cd8904547,0.1938785159212766
1caffe5d59614ce0,0.2650960494798653
ef2d363ef7104bb4,0.23947528998344278
4bd6de62f9b146ff,0.09331136154299594
d0212a6b5da946c8,0.05186982047421792
bb847aa097e543ca,0.806717622955379
f94014a6490d49c9,0.12563846628566488
64976a20a6c947bf,0.10299943784431251
7035dddae89f4f78,0.624596478528832
ed50261fc8464421,0.1463534314586948
e1fbcde4e6ba4363,0.17820203003973825
e6c4de9a4ad949fd,0.14496453296986292
ba7f10670b2c4c05,0.11977832784033768
1ba76bdbd1de4607,0.08486009200129555
eaefa8c31fef4881,0.07807610743724963
6ab5bc04d7234299,0.09038728781673386
878630f79f9d473a,0.29093603032415716
5754f91ba2fc4006,0.15506125065317494
364e5002ee10414a,0.09123798517439483
45b6d706ce0848ae,0.1154356591640916
8fab442664224f12,0.2500830991000465
747b481add19490b,0.7022791240860122
7d32cfee5cf14979,0.09364117449834007
272d90846bbe493c,0.09977007235790962
a470bf01302e4c31,0.08976975711094545
4d2e5c5ed1d44a18,0.4273134508467937
dbc63ba71ccf46f6,0.44060195558323756
5f1f8fb7c75f49c8,0.3164153566742124
9e5efa850aeb4d67,0.15121393786507023
9bca86d678744e7c,0.10763041709278928
4cbc0db409084084,0.0815304591402229
22b5f843b8b740be,0.05539503064810505
deadc93d8e894e15,0.09006570246204082
d2239643af8b4663,0.10981603291316815
b8ca23314b2a4b65,0.1647040088218385
973e28f895e844f0,0.15129245497910937
52ef4b64fa8b49fd,0.24663314654310564
43d32ee69ecd4d33,0.05912351805343969
9521938fb9ec4f2d,0.23152649266630787
aca4759babf54f75,0.0835967540275076
053e7770b600487e,0.24927070498494605
6bd26b3781154b99,0.13376116121545775
582fd5362f96435e,0.1489784612180386
efda24d3801b4299,0.10421481095161003
e42ded35f179400c,0.29799443315595603
66c5df0754be41a2,0.11196629598915439
4eb843e2832f4919,0.22569375167014144
d93f687c67824814,0.09241455726150735
b54ceb9354c34857,0.13751716298449274
1d3134735bcf4f65,0.07629761284937608
2c457bc0c0c44b01,0.08918690660005281
c9489f63c3ce41c3,0.3538249057738944
4867c742e89b472b,0.08810544734534721
26868d30d16c474f,0.0882587127223329
84c997793bde409b,0.10859213626334244
56cc8ab2e0324536,0.20605894531195804
790ced2b0cb94144,0.16516501332172745
ce378f1a88624c19,0.10987822399702168
a48780cf61514608,0.1168857087806254
a8a7ab42923b4032,0.359043152715077
a952b720359d470d,0.18844223310167996
63b1770b31074e74,0.1922012394259623
885319a8db754d1f,0.12111059895843033
15d23fc9ee824efb,0.7480474459808176
ef6b574a39ca4ca8,0.13781431097234806
e86e854f9c5e4460,0.23298856486819802
f6deb94e78154eff,0.17603427421403722
1f6d4e3a93e64207,0.2997074344155324
9f7023fe447e43c6,0.05823515807976308
2e8b478144484e67,0.09098121105372378
41bb87538c994912,0.22742389338894092
0e70526d1dd04f13,0.104831835241218
be24cef971ba4d9f,0.09234199098784615
dcbc86b2d4aa4f8b,0.12460070833690046
75c213416d6949ef,0.15600800418806052
3ba26f747c924259,0.3444533033580924
6dbc6184237745c1,0.19124722305272465
f00f4ef5a3844f33,0.8831008402930638
1a31d683f996429b,0.31720593553527354
0caaaa96ba1346c8,0.16620225343899742
94a1abc52c444f14,0.5103299547104523
690cefff8f534e58,0.12148355414173626
6fe16291754b4802,0.5406313520725783
c0393fdafda349bd,0.10672297063521285
a2eae2c7a5174a00,0.10117710096512651
d2b100bd5df64170,0.12697448228617328
23a2425ea0204b58,0.08782539879357132
e1075f96745941aa,0.3999132066814239
77f274c395d44be4,0.14640114078316938
714bdced86184ca7,0.1469193150249682
63dae97d2b1b47bf,0.1218928558095078
0a61c143cfe74458,0.12677928825208537
4966a9a4c8a24202,0.0833333481589731
9085aef4979b4153,0.07383851821004138
f2526ef97e5c4fd7,0.7539232249955646
9ee3e37157e84414,0.10311961350475665
1dd1dd0fb642422e,0.39182190626799845
9b8df38e7fa54bac,0.21510120181663958
fb92779b1e7d4514,0.1319505782677717
a95fd72679dd4dc4,0.2544084760853046
5eca602df04048ae,0.21973103474748765
1e1450d1287d4c07,0.0830685871369368
7b899c3e93b0499f,0.1527889944486426
9f14930a49b24203,0.16446297969846105
39df2bd092ed4b38,0.13332373180951818
46bafa81ee7d455e,0.08918364337735182
009d6f2d70ab4efb,0.11714884167109683
c78a96cec5dd4b4c,0.10280132524253748
9e3afa40390f4bcf,0.1503572980144809
71855abe4cac4a22,0.09060493327818417
feb8634d56cc4652,0.10896302974100107
e95ff00d4326459a,0.12396476622179081
a4eb75bb99bf402d,0.6011159480729799
bd64e3519e664476,0.24477730015553703
ea5a6d27a9294cca,0.6029577783620134
36d9b88ccb6f4858,0.17519677922523605
bf8031e1f8e745cb,0.08328329754796085
186b512f77ea46eb,0.22152568974150733
5cde23a0697b4225,0.0826900214333229
17188fd478c24225,0.0770512696847761
4830b9ae1b0e44d1,0.19912418155824718
c946295bf13743d0,0.13651174156114115
79a9f7edef87452c,0.16004293919250887
038c413631bf4cf4,0.39371266824643003
61c8e399707f41f8,0.12333186229854394
ee9bc69b002d40cd,0.2446736201954688
2f36b9d6c5e9469e,0.07092117684888197
b06b0be3fd0245dc,0.31081118041637906
de61c00aa3ea4542,0.3857842377815587
2d5414e7d2a4455b,0.05512807936635212
b36c9262faaf4e89,0.17503038424520098
5eb4d4221e6e4b35,0.09491007547750935
ba495c5b063941fa,0.18889292183840914
b7d5f6860ea442d0,0.7245569878294996
8ecdfc8176ef4147,0.11511338338814592
71f395e1274a4270,0.17634334313276862
9ea8cf28b3f842af,0.16597566868688748
347b50eeeefb4026,0.06619308798975822
cdbc65189cbe4ede,0.19665903934948284
3d12726b415f4027,0.2578717741546061
7aad028b0a4a48c7,0.05590954141858271
641eec94b5c242d0,0.608266861944205
38c1bdc84d8c4656,0.09897064755604174
1e4c11a3815e4366,0.1357633554271472
c179359e348a46c9,0.2390355131574094
6cdd5198b3154afc,0.5313221609821571
b0adbe3c68fa4b16,0.30275942594433014
eff94e5c23a74f9c,0.08412313520463878
b6247335cbcf4504,0.17427105298537046
4da60c61a9bb489a,0.10195500406778045
a1997417b8e54f17,0.08117694353652978
763d0d22fe0a4d2c,0.06067198863364914
1d41bddf932147d4,0.5013843238339011
233ffe7e0e104e3c,0.26067710695448004
a5320acb010c4337,0.11028884603636833
2489cc5308204274,0.09495511678985717
c3cbb383610240e4,0.5479781816750089
478928aa40164965,0.09829982728047089
1a1bc8cd46684a3c,0.3861957433441737
72584aa364df47b6,0.10901491654614255
3982fdc9bb644dcc,0.1655260591052262
0a8a038e0b3c44ee,0.11530703755988299
98e11ff0b9b343cc,0.20891752378837222
20da6d4f49a446be,0.31940006008638727
7cf73649558646fa,0.15167788931891862
b065cb3e8c124dc4,0.16724512419584267
c36f8a954bf045e5,0.16074476409503852
62346d9425b54896,0.10968516961159931
100f0aa126b640ac,0.08802733653669657
559209f014fc442b,0.3392137433827202
33b0c07f778d4bb6,0.08132320020551556
ea6286f13ee3427a,0.20919814616187501
4d1a06d948ab4075,0.8088816115423406
acc286fd819f42b9,0.668273300490016
aece05fd1f3c4f41,0.1454067968985058
835e87ac215c4765,0.18253714510149768
d56794c57e8a46b7,0.172966966948066
304092f2c6884c27,0.17692107916002597
bd223f4a8d1340f7,0.2041416195023148
994534200e3a468a,0.07494627500853773
9fc00f971aaa48b1,0.11504108389340896
b2f557c86a7745b4,0.18370414094746282
20f634a245294b5e,0.10477333674228044
74b01c4dea6f4e3c,0.8747249184410294
bb2ab03fbe1048dd,0.6998364254145562
65abc4a875ae42fd,0.10248353625418608
967afa7950454955,0.7926713107943055
1618c265c5974a89,0.09992034398786637
d293562800b340a5,0.14711070715902766
82a8341a12be4505,0.11143030323807837
2d082fef05b34480,0.08081454553459771
80a7a01321e247ac,0.1969333974893856
f9fee0c11b3e45cb,0.1085567006009527
2e55a00edcd240b2,0.19006075810647458
47d9068ad8444d5b,0.25746679076265455
10be4851aa0e4430,0.11377056713574017
1c3c1bfb43814151,0.06780886712064864
ebb8a93be65f4ed1,0.24654263912362448
37087a768e7849e7,0.744562845308359
68ae6818413f4c3b,0.061300317284548725
9e9137b086a04885,0.12372627514795172
a62b2d3490654785,0.05849302960144254
8b92499023514d0e,0.2184278425394749
44d19b1dddfa4380,0.16645032550872235
345f362ec8254d22,0.6238647340429522
d34691e13ba14e1a,0.11695042498883214
e06cb422bb4d4253,0.12260932254207074
ab96717aca624d83,0.5803744133099404
0986ab71c4f74762,0.23811069099171728
1e957fdb5b66480d,0.2568385033987413
a9d2ce433b9740ef,0.060321714388927986
a8991cce2345438c,0.31054988338991174
d52f298f78df4974,0.3095053580767388
4e5a1501a1054271,0.09586146711533895
b1acfbb2a2044195,0.32986991648630576
cbeacf8c88364b8f,0.0900075053607608
bcb1cf0e5c0c4f66,0.6408767730919417
d6afa522297c42e1,0.31772135145575975
744661fcbc014325,0.12020727130454738
c27b7bc9107d4dea,0.10037925406866081
1469b23fa1d940d1,0.18642830877848096
b76ca7997a744032,0.14872066332986497
d020fb5ac4484121,0.3275698773659745
6912d87767b64f56,0.15749115498657182
3edb8ce268534138,0.11107299706693513
eba5c70e6dd24b05,0.22041015166463124
0406ce542555448f,0.24141800716168374
9e7e2303c6404d0e,0.15656842440358368
f63307a6ea1f43c3,0.5113456894915335
8f67ddfa99d74e5d,0.1572320901791961
051d0af5000e4c63,0.09742094135767781
51067b47b42b43bb,0.08726642894047443
6964dacdd79d4cab,0.08741505057094313
87c5032003834ef4,0.25105159633958196
e57a54e2658d4e20,0.10599985877695944
65a040b674a14eb8,0.12422151056872775
4e8e52e2f1814c8e,0.5667378108297884
7d87e8d17e6f4b53,0.1404485010612503
f6a8865c5b3a46ce,0.13878554169853446
12cbe07c68014478,0.6739530700225629
9c0de97c86764a27,0.10212931286700826
c1307e7337da48ab,0.11833061820151573
27d92ae43d9b46f8,0.10690158579665497
0d2b6f8cfcab4c85,0.19644283420875466
bbf946bb5c7f4ce1,0.10140658091460152
9637bdfbb0d346ab,0.08891391110738353
c31e4d20a4f44f06,0.12488417387866277
578bbc81ae4a4add,0.15657814792895686
40979704ee094ba5,0.19013168179126894
d3eec0b86f7842e7,0.07991688623528398
7e3efab5f2444e8d,0.08943423275773435
2d6dce89e24d4afa,0.1607049862095082
ff8e5f57622140cf,0.10531871157512845
b88ebfb3581a450d,0.5309830088015252
f4f8e035dc814d85,0.3275896968505104
0d55db1f73d74ea7,0.21842402117759638
1c0300a493c24a01,0.08272607775651176
2e6c30e8abc24274,0.1671664617544271
b4dd1a779f2c4860,0.30515493448565034
b2fcd305c4f64ad3,0.11594446644861511
9eaa2870eaed47d9,0.39987225356705836
6b10d1d0f61046cb,0.49633623651933845
298c988ce4114081,0.09293043879850467
014935d980814cfc,0.14388358480394806
69cde858de674dd4,0.1292398885667369
34ad15022be54143,0.1861745375033308
5d3515e1b17a450b,0.6480391777935032
009aedbbe3214e14,0.3368521604656482
b5f784fceeaf4e5e,0.12180324216890498
6bbb9dcb47674197,0.44353036260691414
a0940c15b5e24aad,0.16385098672051354
07145f4b53604d06,0.07055997202867619
772452655d734978,0.098249906871846
7881f10e5eac40d3,0.07366182616888332
01736388d4f34417,0.13479319109581828
ad1f3068f2c84375,0.3073374587319967
5090cc585e6f4ada,0.14561204031796274
6a1779fb83e743ca,0.2578102029554308
c9dc761edbe24193,0.14551881498802685
7cf3102d703f4ec1,0.20423676313277367
cd1ff87e3f284744,0.14617755256822101
94836f5e8adc4931,0.2069787721908768
817018847b0a474a,0.21171392903649838
e0d59b778b954b27,0.13156610414971995
bf4f64d31e724fd3,0.07733931605900164
1d0af47ebb80411d,0.30233069867394907
9def984d64094d7d,0.0836910411221203
4c512c24abe04b87,0.2201926323516038
8e585837f1d14fec,0.13583697819998874
fc0100a90fbb4e82,0.14113984502586138
71c5f7fbe8be4d26,0.14441561132978953
7b68bd7d6f3a4375,0.18414527686869472
adc7a0d00f8b4a5d,0.11575094260588119
3a3ddfd732c7464e,0.09534057676936823
0837df26e7344cdb,0.11352030129041857
f21fe565c29a40bf,0.13299164181961692
e5ec0a9ab7364bc2,0.16606484757472012
8839134a2de748a6,0.17717794098225825
fd5ca6f0f68644b3,0.2854592963696087
fa86c26e87264943,0.5925208472747175
1b189c5b2eb44746,0.2192511723622888
c7620cf6c21443e4,0.1342560501024516
a18a069e053c4006,0.21036672641683524
e9359a8a21064a83,0.5772431694697003
d27f00521f3144fc,0.16170155706070366
60b934f6053642b2,0.16348021411548067
1d10fef7f34f47d6,0.08805455483747623
4f18da464f3f47e0,0.11542999390764831
5044b1a560704a3a,0.10626379433745001
2418bcc73f37442c,0.2531767976514797
6b89702b6e6c4b1c,0.17819983402778944
ae4ce5b873094062,0.09223239687934542
c37bdccd76a549a7,0.3298775512766761
f7ddb1fc19554336,0.47245782090174243
c10b91678fcf4e5f,0.46364875231307806
0ef59d9435634b92,0.10615887791807975
0ecce712c78c4a8a,0.12248710266386924
91a71e1a1e6d47a7,0.14156768108927228
ab8901b9e89f4b0a,0.07119140210514616
4bb67e86ad5f4ecb,0.13999832861519576
37beedc98cd34440,0.1368669874779839
01e1c8d216364833,0.19372183437296228
7a0bf5f20c774954,0.1771562191173108
cdcff8756e584ef7,0.15813619989204947
455082a960084a9f,0.08034738304749645
55405859e00d4587,0.08861482406199879
8117d2ebc71e498b,0.12833531500281675
9355873c87f74312,0.15029299006371957
76911a19d6cd4bc1,0.2627021459947524
9b1ddada5da74dd7,0.24257809566378133
6185ae3322784503,0.1895966868763338
76d19db5ec914d28,0.057171135664073086
0185fe9e4ec347e5,0.12934284594965498
7713654877c140a1,0.11055454178340972
86135e9739a245ac,0.31174865124853485
f14d022b04c543ab,0.21999815190463548
6a1bb037b5ac4bc3,0.10175867398694668
4d610d447c9d4b8d,0.1257458790538945
9ded4a9188d84481,0.23248114579921908
d555a2feb59f4a33,0.07216805147551207
b6286ae31ec94144,0.0997390655482885
9093a39d2d77439f,0.1140245274220608
99eac506a54b4581,0.09061411341706607
9e0c04da202e44a3,0.10373636328643952
6753d258d13f413f,0.6142336997441051
a452b86241684d70,0.2894132503484685
2f2fd141d7294b39,0.07205410900577391
c5f996270e4548a9,0.18411765729733875
0b9b5b93582742d0,0.268941327947507
e92ec4dd69bd425e,0.10773712626818827
e672fe229e7547b9,0.19387908173614363
add4c41b542c4095,0.0812958472490218
10e9f1bf55f942cc,0.15339957007857918
a51f28ec5df64600,0.3159544528414667
792fe74b389b4e0a,0.12616760656457193
038d1352d923453a,0.08722855567176391
95ccdb1bdaec493a,0.5516015596969812
8d52e94239aa4e96,0.1128640262689653
7742ac54b34d4aca,0.5207696780121575
5552c972901a45e7,0.11288163753871888
fa70f36afda2433a,0.1124623896100021
aa1a7574494b40e1,0.08340035523342462
24323906c8194751,0.1319736306920277
7a2d5285756e487b,0.15059365684693501
7d37da823cd74a65,0.25844558393884537
0ee9d124aa174600,0.10512812357316888
e165012d35ed4cc0,0.22090178680732372
a4fe01f67d82466e,0.16592155998185196
a860c3af4dc14049,0.7911038213987798
7409dac732a24cb4,0.15883301742907346
5d59b57b139e4229,0.09541472313730219
6ae68e1ef7a44b9c,0.12489062460683399
c3c76861eb5a4b17,0.7492580301540016
9c062588c09b42fd,0.11941174716793987
e4bcd7b65a474d4d,0.09274256612358334
4b217c5a759746fd,0.13268218660000444
18389e4c1e64448f,0.29004636647631976
f1cb7194b4da40de,0.1441012572896936
bfb159d3eb074129,0.12965383844899425
aef4a8886e1e42c8,0.14822906924587317
c635ee598d56439e,0.1616106560814942
223c037a9f6d4ab3,0.5181022884663783
99b0d0f4a25b4d05,0.17114213267903197
e94d81386d1d4f39,0.13741645109825731
38f42f788e0a4bb4,0.666995685197195
4727f73d5dcf413c,0.1581457594628749
f879df44b5344eaa,0.10912176948207654
c70c342dfdb64ca1,0.14355726222606202
6413f83cc3bf4657,0.14672043053674302
44afe7b2ddbe4473,0.5877012036627686
325bedfafbe840dd,0.34020701208901905
cf8ed91274a14eb4,0.13694468389221195
eafb36e9873943be,0.1859424728277817
4548d4094c994683,0.2728361061807252
dd3cea0a90934e29,0.07597152964520505
c4c5a5efc9ae4563,0.12620869725772665
077ceb58dc384478,0.31607463063510455
06a9d94693944223,0.12904549225063258
6e5f26bbfcfc4782,0.12997655157356733
94bbb43f2b5949ac,0.3273918891621028
080ade7b4d234159,0.14512643618179846
5e120e0f33cc401f,0.11401361508582791
5164d0055ca14cf5,0.09585208133932176
04d2dd48d7224980,0.18082961747963333
d8ed78b7cae54f5c,0.1700898577190994
910b37030037449e,0.5853569788364537
6d9c95897f15469d,0.37470402693258753
fd1d3401c77448bd,0.22929076832089745
5705dd6af55449fc,0.2536531961225416
b71dece1568d46c5,0.15295433862959296
b4dddf5f0efd4783,0.09723764621172291
80bb74b8e66f456c,0.11765101809867057
aa9c33bae5624f9c,0.3693571096198753
b9e33d7d441e486f,0.7840511284678209
f42381613a6449a2,0.12174096105120479
71944994eedb4713,0.40622804009343466
13a8b8c7d3de4c52,0.08610325098770566
53500d22fa4b4208,0.09784095058213887
52d9daacdccd40f2,0.16211924186820012
36f5de331b72429f,0.14046232085026564
7887ebd4c9954fd5,0.0925034741435361
64e391aa375240bd,0.2544789084544595
46fa991e001f4805,0.08712017057239134
da72c350a2e2496b,0.2199035598670287
21b21fb5827e4bd8,0.21590337384422123
bca3816f3fa740f4,0.3745989692425034
cd93ee47a66c4807,0.12330383149597243
47a9f2c9d37b4065,0.22265063933794835
b215dd0426e84a0f,0.09455685960299098
8a3f82fda7124a81,0.2144461301619916
9a23ee8fafd94313,0.05353606199498692
0a7943d7618a4d98,0.17517397815914612
1b7101c21e374d21,0.08984255586876161
944d3402f0224494,0.1119682455572253
27cca4ac349c42be,0.13724309082019
1ced020dcb0a4a37,0.13894822161764048
97390bad100442ec,0.09193717348545076
0e12795b35504b69,0.06488561623604563
120e97e77a9e41d5,0.40828546357099066
fd05c3b83cbc4ab2,0.09627468287540802
3b4894f2cceb4045,0.310188511299607
9690f56aadb54269,0.12117072869981013
e026f031c7db4237,0.18969011894955576
37467b896c134477,0.14405994444795764
01366015517d4d54,0.2691523681513519
0b814012edf34144,0.06958416785226407
2e7bd828c86d4a97,0.11720429667318519
65b6734c7aca47a7,0.1329676964122928
43a01ed9bb0249e4,0.053859979596731944
f79ed06c06244d1d,0.18265977018734028
ce0b401853b74117,0.06610723682821348
ad8bc57755c74e56,0.17496010321075145
f3cdff1e5d144a4c,0.10266350956147816
627f04676bc643a4,0.11540505130828509
3abe1634eb3945e6,0.11553878307458068
8791849f70b741d9,0.4919101660207954
62214115aaef43f7,0.4190708311423492
f8c3947f10c44804,0.6839166014544996
f327115254e84650,0.2811839153577705
7c690357cf3c4b38,0.09139006247910275
48669c5eaa6c487a,0.11051009821406398
206972cc77b948b3,0.12348808807686307
9b75437533a54ca7,0.5142127862544885
8562a7168ff04571,0.13153616779594254
8b0e72063a614de8,0.08704755268152357
2daf1b4d4823483f,0.5283933364171024
a80d9b53418d4d65,0.08233941496650478
09f187c3afd5476e,0.09058942480473005
41c2eca917bb4662,0.15360972254434294
6864126bcc554c56,0.6862714988255895
d2ae379627d44bfb,0.341956721190465
5236c0a379534729,0.2948728910002599
ac2291ca772842fa,0.1358939210257542
87881dfc2d3b4671,0.4449750923073692
d75a7805265240a3,0.08842921510217593
b0eb6e31f4304d41,0.07284514284501603
47e4f9d354db4cab,0.2741025906379108
14a1cb2108d4493e,0.3936469156431119
c279049d92fb40a4,0.18463198744777645
5f85f2830a7b4225,0.23391316311377391
043941e3127b4313,0.6697776831300165
2efb3cdbfdd64130,0.10698573966002554
efd9c0359bc24911,0.5963817490277609
1b7dfe2f26aa4dbc,0.11166605171361907
e666ae43fdff4f3b,0.09663675928011929
2b92f0b79d1b47f4,0.2630235451304819
af06cb51fa214d26,0.09170071894313986
aa467a4f9bff4147,0.5994042812887208
f48d3476a45348db,0.12340717810612876
64feee8d6ea9457f,0.22790290677244962
29eea5c381dc4c73,0.13649457719185584
eee7900ac15d468f,0.38394318960415263
4cf5f8ee65084125,0.07786102460510855
e1d745d2d7e14670,0.0870367991602946
a0c1a428803d44e9,0.10320094276518259
7e265019619340a7,0.14308148836407958
9d267fa287604002,0.12029565712835887
6ecc1bf6ee0045ee,0.1351924872479582
b8fc094129d448f1,0.13772220817430048
369e340e5be843bc,0.5339748696711433
c0e58b35b17e46fa,0.5299220050052101
fb1cfacc08294923,0.11558052808237011
ca9bc3cc03524cac,0.64350561704175
87d74e5f13204884,0.10753138592253951
75cb0a2de5d64ad6,0.09815094272040988
1c91fe7b215c4a5e,0.10213805834914937
57defd0047c5464f,0.27763222461444786
c5f8da5f3e014e3d,0.6295224124500276
cff3ec16ef3e40db,0.10518272391758764
1027f6e222c84b81,0.16319993336290184
ea3c3d9fb2b342e5,0.11198056896193413
997c079fdef64230,0.11206837942256308
588b02e95f5e442c,0.18851711104587796
57c36aeb03fb4e10,0.3339658230116538
8b9403a1397b40b9,0.08967106109240143
09b94992de004bc3,0.21329302997628946
98dc5b5cd7cc459b,0.11076511912191658
b735667d3aaf4768,0.15497109090391303
1a6fea25eba94f6d,0.610031516597225
7e2904af57554b69,0.134544457459559
3ba7a4155dd7408f,0.15301739300491682
52159f85c5b1490c,0.32110797938637314
e534842b7cc04ea1,0.08970456174999354
bde5a03c24184352,0.11255556920000215
1c152afc6c6c4cc3,0.11896745013990428
1986a5c0c6054922,0.16463473914403234
6217acb80ed34dea,0.12039330046522749
d3133cd902274f3d,0.11754109768021079
90497bccb9b94490,0.10714225786078581
a73fa0e09fa14476,0.13918573377791502
edce6e313c294919,0.13327518251232168
1.09E+15,0.09652846258629459
7ff72c9eb4474947,0.1966282780913933
35050a8c5a314839,0.06726554115873785
e7b3bb91546d47e0,0.09285194610078534
67a1408e592a41a5,0.11233175737470943
8e7136bfe5d94ef9,0.131989965595936
a040be21f717436e,0.5474028371779168
6dc6697a4d1e4171,0.08333511517321676
d9b1f1a95a08471a,0.10992068816659621
ec2134794f4c483e,0.10628135175311229
5de6f72ad32f41e5,0.1260153310247097
cb288e14d3b9481f,0.09939774341815798
56fd40f8f65f44b8,0.2374582510084125
4cd62173e6d74a87,0.6751172324453745
2ef109a84ae54d7f,0.38468533989895043
d5aa450c55b74cff,0.1229697071079025
0cf67f9a1e554a11,0.1496834934179161
fdcd26a357814f42,0.2500013938872459
e7bb1a74e96d4af9,0.08919390269932476
634990aa29bb41ed,0.08690154096138078
869143d0f7a546bb,0.13867988331522613
a97ec5871c834e6e,0.19703025367520274
7d9f5142eb4f4ef2,0.10276008183036013
d7832b4ae0004a20,0.09611573336856125
feea4e22620643f3,0.5353506018138279
92e5a71e958b4e93,0.20316601286031863
2b1fb2578860406d,0.21830365936729373
b6c8695dbf254542,0.14681899072359422
db7345d94eb54853,0.1461639275066381
5fea72053d88430c,0.08929748360107873
aaeb1dcac5e440e1,0.08709836903401807
9d0fc421bc3946ac,0.13442149235571563
f796c1744a0b46d9,0.08718362107884775
6d7eb55112084e6d,0.08477175460420225
b068e8d424c74b94,0.10316749817395497
8645c126cce54a8b,0.13885022916798936
43a1fa48100040e1,0.7523157814576559
96964b45c4e7412d,0.18858612617581344
8b810a6d70784c4b,0.27368604552671755
0bbcfb4fea8b4d08,0.43440003905575886
bc893b461f514655,0.25721256857099
2fbed43d41d14574,0.2459297210433953
9c2594a1aae64be6,0.11047636960311866
46dbcfa3a1bf40dd,0.11684032610155817
086e0273e2404ffe,0.1053989830645627
df15c2558f5e49b2,0.708996071102507
41e2604184d94572,0.4752080071658711
3151e922c9b0439c,0.08850127843383711
1aecb06e2fb24a34,0.19605604150028763
5c7425ccc746441a,0.08508688781629997
5bc40e6f54ff448b,0.4946127112320684
7bcbfe1f7ffd4d02,0.11285351348342801
070e9b89e02440e5,0.11949502822340485
4908e22149c840ee,0.5830595482598903
ab6528260fee42f8,0.2198464188329045
79e64e083da74cc3,0.22249399391940192
dea2ed36cc804dc9,0.36196332823142446
631452828b7b4c1c,0.8475288145559788
734621f339db4afb,0.27258373521504065
386c6da2867c4cfd,0.2449203095635802
2aa2068036384cde,0.12814406704022974
86666a494f0445b1,0.19112208510174072
080eea1964504b75,0.09041152461660927
99e0d545d4094dac,0.1910977136858144
6f8f0c6dbd7847e1,0.8517025179951995
4bac7580ea544e51,0.11877307811388776
0f0ae756332f49ee,0.2525641711727706
8483861371824dbc,0.2956546333087677
d16906bae4744a83,0.2783452936132403
ddab9e45f7704b51,0.3808452960007739
c7f879891c4141ed,0.760725791557037
44ff470377d842e0,0.24715774446150895
01e2aff3fba24c54,0.12676882742657863
cdbd95bd481740bb,0.12146362487678586
13f0ee8778e14914,0.7702811909045489
ab470c4b2d624a63,0.19534809277867368
0751bd3686c445cd,0.10481942144658907
90cb127359754af7,0.0804088119702535
cc57b9923c0d49d1,0.19908369633593467
4fc93fa341894a5a,0.09599627626966976
46bb97c34b474811,0.15785494731913088
ce1cc2ed77e34901,0.11590923983072886
11478753bd2f4faa,0.10501480662850553
baf43c256e094f07,0.543359900056485
7f71f9071e904df2,0.24182123489279722
398654a730864e30,0.40472746666968207
c03edbbc5f464479,0.16592020637797986
8cedb91978454370,0.16430419394907442
65d7f1c914504525,0.07857305525590279
b3c3ae64bd504f85,0.3357120685734028
daa052b5de564d83,0.14056531000421904
93722bf3ce9147b9,0.11824799841382755
62100f63968f4128,0.10034091966523485
7faea2cea8654e2f,0.2312235975965375
0514c45c55ad48ac,0.11522430745734707
fe71d3cc15334b73,0.17168049750734699
514c8ae6fc63413e,0.4263338666964791
584f6f88ef104ad7,0.2910385315513878
307dcba2661e4d7a,0.2373123196588174
6b8b185dc32d48dd,0.7849034185309448
7140b036f0d74828,0.4164353217349972
63e07e433a7a48e2,0.19066186428997808
18cd20773c8347ca,0.29702128947888534
b0df843540d84e38,0.08697368786876472
edda9382a73843d5,0.5649908914598076
4ced934e688a4838,0.20701325813966967
b1838949062742fc,0.1075827271739439
9381885a91c748a0,0.3329394791114342
4b2cf1f8c2da4be5,0.11527327114540685
410bdf48b2864758,0.08248872030291035
3199f7628d544268,0.3592588627274058
c6896dea4855420e,0.21557502685426988
68a0adb1d63c469b,0.06895361767028052
9ec0fa7f10f34319,0.03969265160113701
3078436a80274f7b,0.1911914985283993
ecdc76407ff04676,0.10284304051821731
0b582722e38746e9,0.23803607789823433
2594de786f904e4e,0.3249584552875527
d81b78cd0996442e,0.142284382742228
b41610abfd82430b,0.10144993066485875
cc360bb173b94a54,0.3318094030679307
809e2e10d8a1403c,0.0991440107338173
af2a362c726d4d3b,0.1016867681596457
80d344f263c242e5,0.17329734275170314
10c798eeb17c4c6d,0.16230066542414365
eafabd98a095435a,0.1686563545119325
bb3e70cfc6184712,0.1860764253735631
14b48d4e1e0b451e,0.6307024063947426
80b34efd59904fe0,0.39587437464975544
2ce60a5cd6484bb8,0.10384912522495714
db1498a729c24692,0.083027641508989
d76fe07182e74fc3,0.1594337045638139
cab04c00491c4b4f,0.10597721768514758
54c0585998ad4131,0.10956767182956319
33249cce1175417b,0.33424156274041855
cad603170d6b450f,0.10279574340783854
28604a23b95845b6,0.09052150916931442
72376fd776c64d64,0.15258077649613724
1d0f87a0214b4660,0.7356549666961112
447bf16c27594183,0.3263904405808582
1393b8b157b64487,0.12353436389115853
0417b83608d84db7,0.13287368791782442
32b18ef6f60f4b9b,0.18698209421898843
134bac00486a43d0,0.6947608316070036
f665281741a44a0b,0.15111224605374335
0f476c2021b84636,0.18326173723904435
6f5708ed6b064a21,0.22495574557427453
11fc19b802a3479c,0.5212301767909356
15cb3611945a48e7,0.09365313619458777
b2f18b2ab3304091,0.089432551067181
085f2c76e7434e87,0.123233191324526
380960a48a64467f,0.17572269756689318
4498569315dc4f38,0.18627681046175065
a020e01bc35a4771,0.10865547081283361
fe02996997694b5b,0.12772554759313764
d02ad6f86a0c4849,0.10788384817576141
7f272c50a73e45d7,0.4482063680571051
50fb1b4ccc7b4159,0.08193546362578844
6c34d92b7d7c4027,0.16311248769565778
5b7f6c31c28d4a5c,0.2739832437941805
94a8bd595469441d,0.11612631276195529
a066ca76a2994d21,0.13684365036919585
deddf0d5df9945ae,0.25594657124246545
8415c1eb0925475e,0.12737641870490574
44fc911e2a424e45,0.09327412157019589
4db5580c4b4e46c6,0.11918058839067157
3a078ac8761b4e3c,0.21860906299894356
acf689705fd54d2c,0.06557568079498208
c15930379c1e4628,0.2126901974434798
e69038d02e814e5a,0.10786417222665723
046d4b9743664125,0.21263249384984154
cdeee9b67f2b46cc,0.09690769667876283
d8cb9fbc85e84ab9,0.17442256169573947
930d510a8f974bbd,0.11741121852806831
8911e750784a495f,0.10813325923667683
a6ffd01e978d4162,0.09103725929205889
80da161479f045c1,0.09753966752751939
53857f3bdea1484e,0.31519514793091646
53c4a3343dbc48ba,0.6221106745860541
ac581986273f402d,0.6129297046454177
706772a599ed410e,0.29009670269657684
fbfb7d1777b0425d,0.08850914944359259
46b7a5018af64674,0.19798176182374266
e67d64f634d04d7e,0.35405730250179046
1001eb3d4ce14772,0.5105620115355899
9c4a12a7c9a84714,0.39993526335018964
ebcc898bc67942d4,0.20863764065888427
dea48bc49d2742e0,0.08601711975849617
fa75baca092c42a1,0.09059814773833336
102907b3b1224790,0.21931403051073883
17f6e61f49754bf0,0.18490532674725282
e1c02e7daffb4f7d,0.42960410519847453
d20f7dbbbbde45bc,0.20267700338033054
95af4a442b8143e9,0.18618129680360598
5ad3b7409940458e,0.10761565084706265
d0d97f1e80044f03,0.05545423683441289
8f4f3b19b99746af,0.26388215735191933
367545b77a4d400c,0.10349136125779294
02dd6fdea9ea4c0f,0.05877261785601003
4d70a3e7e2e04c3b,0.08185356999532703
818df17e239a4202,0.25251326547741826
e78bb5529e8f422c,0.13512439067283552
7d859c52dd2f4fee,0.05895688145969927
a0d64c099b6a486b,0.14569949218990785
ebdd0ec0a1044dd6,0.06812868878528386
134dfc7baaef46b3,0.13515138625536122
fa52e4e89e174469,0.24262072688607678
2c784843eb7f4dcf,0.09195928367486135
eba6bc8b1c754135,0.11639609930450931
04d722fe871546ff,0.11242705079989992
f09e4ddf8775457e,0.1621559328914122
f064ddb7890a4267,0.8148567066023698
86bd896464ab4a3d,0.13084326993927134
8a6e47da6fd74736,0.07692740001100394
0ee91456b6174271,0.21700503565673535
9a87f04bf7c64e7d,0.1284509894773191
570979d74e3b403a,0.1910686619769986
a3a50066fcfc4aab,0.08041422183581753
064cd827923c429a,0.9188030828874434
6c4c56e882964ed9,0.08474556307745235
4d080f4535de45d3,0.5725183219091511
6903ce554e964499,0.1615169189920213
b8f523d388384264,0.11579366073097422
1badcca98aaf4196,0.17995596603563382
c728c59c2b4f4482,0.0978443578244297
963e65992e54408b,0.20574360031269473
94ebe1dc16c54cb4,0.09766803239938941
adcd8f3407934901,0.12803657800121018
8cedf90f9c5443e7,0.09308686536609559
7c39c8d6363744e0,0.06754642091907442
a5f4d3c22189441b,0.37294501274810504
ec9540cb86cb4970,0.10551496857572984
2efaa2e1858b408f,0.0863430839441466
8b177a41da904b05,0.14187692007026645
189918d6523d4bc7,0.06957118203880096
9fcacbd38ec44293,0.0957607028890603
b7b623a20e8d4940,0.16268104613946596
215605eda7624632,0.20865308217426073
bc4012832f574185,0.18844482132795112
4059150d58a1457d,0.21895187346306097
52cc6c2294cc4483,0.07227181053654674
63dae31578e04247,0.48553118190252753
5736de842fa34424,0.14104174740194425
9b6b15f71f8249ba,0.09389792109383145
86dd881120f34330,0.10753291237867763
779e6c7a3acc4cef,0.09277038611624147
11fc6b04d92544f5,0.24596760584197067
4e79cc0ecf0c4537,0.18338031769774635
6d69bd20fde54dad,0.10712022729773753
f5a858cd930d452b,0.13558776981593415
7f1dda041d5843c3,0.2589366715326963
6b8abeeea458431e,0.2269283843069978
1acd58a5794c4d44,0.10572039918167594
afb3004bfebd404d,0.13867535585099175
5e7254ba24e94e22,0.31906702945091237
8595c91ca9a74d13,0.29039634159271854
a3f7adc36fc743b2,0.3508132073492931
cd8f1287094b4e63,0.09409881417031213
a8512fa064e547cb,0.10200535545941851
cd298b2d685c4309,0.1571371100662196
faf34c787a124310,0.11566596294389497
052f8cc66f6242cb,0.3584790338198471
0d41dae9f51f4fb1,0.08387527746899139
74fb64cf784f41b6,0.16232837352573282
1cb2e1bbc4ad44a7,0.09946837773320906
e042f5efcf7f49d0,0.12668734212391827
b4395df68a744e5a,0.7229908489009174
9de03e060640482b,0.6819226705876182
2475d5205b86474d,0.08551339347409986
ed726edf516a450c,0.1008533489138419
fbc4a4c5d37a49e4,0.10752768289900816
69ff6c52dbd34bf1,0.14330800543226088
3a44f9fae73f41ee,0.2866067131994851
cd9991bb5f6f49de,0.0987852096686356
cb1d56c7feda4f2b,0.2332734005342427
95bdf43206464a1c,0.2802036882492416
5efd99f0e4164d90,0.1018318564237518
492a31fac5784f4c,0.15628257522537234
9fc8423d023d445a,0.06574096489306039
343ae72af5e5492b,0.0926842085418982
cb9e8d77c7014831,0.39766181896759856
0def5cab63b94763,0.10201784809515542
99cb2101701e48a9,0.13885701069020057
058710bb00394a56,0.681803958105155
884e235be859495b,0.09942822481056843
00bc0d7944aa4c84,0.6355129630959411
29a1087f2f0e4e3f,0.08895131563619851
27f3b5bc13d84295,0.7182565891225142
f3b6d59d43334e44,0.4401925464657264
aa66bcd723094276,0.34737878476491824
6260d5ffce4c4984,0.3582002117002188
a26c858a8a4a4a5f,0.3403130621455004
4ca69ab529b6434c,0.1603539321821911
ae7f2f1f1db74794,0.09515462961926587
cae90eb6d14f450f,0.11329340028142287
591250f413f748cc,0.09993677229906514
b24d38d5c5504f7f,0.2606616635468858
a19d1554f28e4f6a,0.13717425536006522
ac274cb3da6e4862,0.15648507478532717
c1b86cff99734135,0.09747315063737179
5ad04608f3744560,0.3689532336778232
3a1faef5f9a44ec2,0.12610303506118833
da6cba47c47c4689,0.06780908263358384
e609524b1fc741f6,0.1939430633303995
15c12fbd8edf428d,0.2799350626392086
cefe105c922b479b,0.11195231342330547
9a5f5d6c093c4740,0.27385808136747786
20fc9e9a5f6743af,0.10933442945922052
a683cb88e460492c,0.11735861616875706
addfea1cb03b4c97,0.2627489889068299
29ce7dd21fe04a25,0.16759011184330255
8a8ebb9d630c405b,0.1594214811390946
5456854ca0fb4705,0.24221468275196084
9691d92fd21641b6,0.17740866130442273
de1cf9d3be464254,0.6958328476854779
c9b5355d1c2b4593,0.2771456881405543
291a9ef671414b9b,0.18825342631017902
482bc49d98d848c6,0.10757491146509472
11af984faae44d37,0.10392497610533571
ea576aa64e8b4839,0.7831902630476663
cff6e06729e44586,0.16429917421414253
1e7d4aec71544b32,0.23843274166093245
07874978d5a3452c,0.08388303287322388
7250eb5524884da7,0.18018823878544116
b84b883c29814e58,0.10272451062663412
a43c939f98aa4c69,0.12595447690985642
ab546ed09af24f3a,0.43008136759849114
a81e988273a942c0,0.1339868059071543
f48eb41bb6254e5b,0.18430725434625667
aaace9dfda544ff4,0.09171810543901975
3cb239cf66db4b5b,0.10703880757660496
45da5d1a11414c0d,0.1667487664927252
f74151693fb848a8,0.1166348423295779
b95d8eb42dc74c90,0.14607212795252422
189ebdbc8cf34c8c,0.07132236562664869
22d3ca7f0fd44ae7,0.1425744788181994
f5f238356f924b8e,0.2707841782818283
4df37706408b4063,0.2944838307604175
c527673cd83c4e30,0.09046760378327105
db3e6eb927e04d06,0.18843164860386624
89b5ef00714b4058,0.11032449086722178
a9664dccaf174b7b,0.1495420650958614
d70d1655f1934555,0.08677265820792344
7dc8280dd5fc4eb0,0.8569032210704569
d269a3dbd8b545f5,0.10951909223223036
62067d239b744d22,0.15944833019086754
826ed54c84b44746,0.162427893273264
8c8baedeef56454f,0.11133407533721389
96f24e70f95e4f4f,0.8401254160139039
fc53fe0e5e2a48a0,0.14999027528425923
df07d98fb9dc43f7,0.09078440480977067
89287f97e7424685,0.35942713197405585
12cac300ffd147c2,0.08280866274065096
0e2fe9a38d524023,0.13437425929089533
1ced50738b84426a,0.14271377043978922
2a802715394a4c36,0.25802504152291494
a0c002d49fb74a76,0.252593745438462
2d1d837fbb204aaf,0.08519050246749248
e699079faefd49ad,0.1342659728572591
68e61c213a6d4f6a,0.11991648751712397
e2ca0903a8e94ef8,0.08730752422146412
c58d1c914fa2405f,0.15227748435954053
addd8b3409684b7e,0.17307279678685653
5b0f847d28fe4a1f,0.0922547027351158
e402b38934bf4c7b,0.13025302259252294
f4eb92f4955540b1,0.11753521103700419
3f98005686b945c7,0.1518959698089206
d74c2e3fe9f6436f,0.11881634257724968
1d76746d49604650,0.37335500703347685
93ee5a0886b04d64,0.4773720045221045
20e1133c8d4b4930,0.10760111883868942
4de1a698fe494367,0.21343078490151288
78af351f67f74c76,0.2007763768169297
3bd1bcba25f24d22,0.21141156121275576
9c159c04f65740ef,0.2103277295192771
3aface2e8aa94426,0.10409104131759919
0e7c34c77fa34c65,0.6250850093872966
e20e5343a4e54b81,0.3083685861390711
4a647b344e344fa1,0.16263360722031506
36dcb7337a254935,0.11554233471391442
16a986df551a4726,0.18396067022191112
04ea48282e3a4eb8,0.33367735812879806
b7a3d39d339a4ab3,0.132846508637217
598ebab64c0643eb,0.10275138449427965
7800180eb4cf4da8,0.10600353642998867
dd46c41bd8e94d5d,0.19473966827059638
6006fbf991774378,0.10445375832299723
69b11fb4488b4e61,0.1635574800628996
1b4d77a338c74efe,0.08544911358638325
41a4a12165894822,0.15160001090075045
4f7903927a7b487e,0.10747240423201118
867a2ddd6ebc4a63,0.24173094691283387
803652a9619f4abc,0.32955898931560823
1d3d0fe683334d7f,0.1895397123963767
e9e856ff2e844170,0.10130487987337086
42b59e96ba2f472d,0.24422888329105077
455aa7b24d724cf7,0.4047795817954882
5b02fadcae584ee7,0.09646445504175591
4054a216716b4546,0.09021498220261558
f40ec52e2bdf4ac2,0.17724887565078679
54cb8feb6227411b,0.10621497010627956
6354da38c3874898,0.10765991310827307
ed8330fc6b04488a,0.09277929157602209
6a12a040c4db45d8,0.6305842774174083
6113a723feba450c,0.06471325977641681
91773a47fd474e87,0.26474336077980165
e0d8b2b3881d4f82,0.17324989106506403
32a9fb13fbd84bbb,0.4646643489279017
ac15429eee524a86,0.11928472180777251
916bdfcfeca8467c,0.1634706415111631
9fdfec5f48c14b1b,0.3383943593637451
e86a7d94a80643eb,0.18588116955467487
50fd9938267c4505,0.7428585927769273
1986952dc5e141b2,0.22747699799583387
d0cd63994836409e,0.18052327441550672
7ed9532490d94613,0.22941309701886853
b5a2df3c7e2d4d32,0.08255331447108144
3e7c3080297c4ef4,0.16646235450940963
6435896baa514861,0.2441304894001318
f044edf4d3444d18,0.5652866645727281
a0c76ceec4444079,0.11216339018057694
845093acd29b4105,0.07611494181594111
a53fbadf597046a5,0.13287689160943497
b4ccb5060f1f4f08,0.17624474040279453
70dc1b2ea2724d87,0.07470304732516883
e7a7829d00da4672,0.34176184542361887
cc3bb2d4d53e4ef9,0.16829607214309994
46c21bc6e30a412f,0.08649513717748077
aa8243684ed14c30,0.14920159002938035
603a67cc5ae74ba0,0.11652747037129428
3d965719e5614b7f,0.721000710623625
cba7543c696941be,0.05431615584285173
4714967375dc4dd0,0.37908900627286946
27c9b72dc49b4ad5,0.08340778520725486
73592e81ab7d40b1,0.19605604150028763
3674f77a05724071,0.137138687222081
ad1d4296dce1420a,0.11613783814883648
efc46034b80142d1,0.061739171648763226
427cf78e41a54376,0.08622375121732515
a87aac7061b942c1,0.2797891200932693
524cf68111d94f8f,0.09911420059064315
93f0d1df8b334408,0.16408994170827831
14f33d8f19154495,0.22339299773741406
64ffb679cf13400b,0.12557013517220553
2e6bdb3f5d9b49ef,0.1388816893662248
d14a57600a434321,0.25907737779978685
4046cd976ad5478b,0.06287500755991789
03807da26b9544d9,0.2812779662933608
25fce037c9114f21,0.0879865783120504
41fbd8f4280b4224,0.1197246235611749
d2db648e77234df7,0.2115605590543056
f216265e0fd941b2,0.19596774179639465
f679fe904ec44a73,0.8330844408208063
460aa7d2253d46c3,0.30388671337832096
f471fdd450db49ae,0.07349999247645748
9ba1a4053da24bf2,0.2167434144747216
6a541ac0c2f640ec,0.13751650779595284
ca0d645d67904a38,0.2234384159843514
63a248c2a334479f,0.159051101203134
68742d42bcb6413d,0.17472754320216488
e11a63f1c7af4927,0.12961848369712872
c12971d35ad14fb3,0.1713131820664781
4235f3a69f0e42ec,0.0994360789298968
19678d509b0f4d7e,0.09608194858747514
35205830069c485a,0.14386236500504176
7d9d4e8a5fbb4047,0.10149679689240929
ab83abdfffcf40e9,0.16056043412844942
e4c3a52cbbdf4e25,0.08760674413465692
16794f0a31ff4250,0.1412788613810967
f02005513634460b,0.12716027587734996
6e4f558bf4104100,0.08876097376704857
3ac5d4b56c3f42b9,0.14626381404752858
69ea5a63b54b45fd,0.08199239753748111
873d4eb76cfa43c9,0.48305294190962833
3118a8ee8c324689,0.11815940504133211
d0539ed4658042b6,0.09431093973316697
ff35a07e620f4eee,0.12560296736591323
6319ff8db0cc47db,0.8202460402402658
8384f78488544b9d,0.1120478985509961
b9aad5e92da940a5,0.10018992195577422
79586f8122bd4867,0.38990404181956295
020fd0c4cca94bbb,0.5668937769311341
6d66f4ce1b4e4479,0.11443105123342627
debfbff175c74e64,0.10027470468280508
c03a114613b8444a,0.15072949541814262
0c3f10ad72ae4f89,0.1820544305388161
42a8b888842a4b95,0.21046948263871273
6f8f511dff0440b8,0.065897651391874
6e89fa9747354cce,0.20989640975048426
865b42d4d595426b,0.14247969102104696
e1ecbb6634f842d4,0.09111173198104845
9162d799707e475d,0.34127023398159906
238c4b2323a34743,0.0914782674266366
b021acfa6e13458c,0.33690341673254576
07fd55f5a8b440e1,0.10017166367214028
44cc7e1beeb944a6,0.08928840131133597
e829f6f0c1a945e1,0.1396005496058021
0a88679ea0fe47d3,0.0916662199826457
0e83200addf44b50,0.9235177275124699
5727af169dca471b,0.17971416313211683
a87974a8fdc3442e,0.13358254324874894
2b42ab48dd6346a8,0.11215038368364345
8305d8e5451949a1,0.16964540587963148
c634fee288a843dc,0.2222444268509512
31d63517d5f14711,0.14507020490399242
254b37c1a3844eab,0.42668399465110973
32aab3e6a59b49b8,0.10292531638972947
89865c738aae4eef,0.3278745683269577
62bdb095c55b4514,0.191722176426563
6853efe835f44c40,0.08784243578668749
98be3f3821ae4633,0.43946568187740376
d56698a2ba474665,0.10298834068242639
1f0ba9eaa4b6428c,0.38186717370516926
3c433ec06d954e56,0.10908424589114903
fa2349a2472749f2,0.18312531810137053
045058ceb1fd498a,0.11850709863157059
749fa63709d443c9,0.2640659289566274
54e5fd2a2eeb4ae7,0.12676564108479807
aeb710ab915c4177,0.10134077028268414
cbc5c5f7324e4112,0.07707784864636592
bf376e9ff0a84b08,0.3629048998922686
9b9f5f1cff894e71,0.08428269697542203
54ab0d8f60bb41f6,0.1669443283513127
8900391a1dcb4e2b,0.184160143235064
9a524594b41a4ea3,0.4756594004877559
8480c181df8b4f48,0.09042931835919123
d67fb50982d546f4,0.16493555981940078
e1b25c3e3bad4cb8,0.20982483918154518
7fd378e66ca04583,0.10068117086495369
cd5ade416fe54fb5,0.12635780741790817
31ca4914b8864c2d,0.13061671165400224
d86513cd9ee54720,0.0955236717367133
016b51e4e3024d58,0.11019452222648907
e8d396f654fa4f45,0.20015483305228884
0a02f645a0a24898,0.07129660801088877
a06657a355c24e43,0.6332049047119498
6e96b4d4127042cb,0.1428693934528382
55cd3d63460e440e,0.14216262549189965
716c608531034b53,0.17044977510239975
5e80f1504c60460c,0.07911430815854636
df2ef8a015a647a2,0.09717237253034049
59a4878fdf4d450b,0.0887841353665577
dd383b0a73024c00,0.1549640598736359
a52d559ab19e4d31,0.1785405894215567
c5688de11eaf471f,0.1179675451753495
5a4af251c1fb425c,0.8477765589771293
2eea7a6b1b554877,0.1901964708450609
c549382d04df48fc,0.08030181172801659
535de8b1ad004809,0.12881491354183058
8aa233650e2345ef,0.08427679649107539
5fdb971338c4432c,0.08888054106882043
f1a796d4ab1e42a9,0.873457501377653
8aaeff958cca41d0,0.39051955327827387
f8265c902b2a4d34,0.09792362138541343
047207f99ef44030,0.08585426783575097
5b2d63a1d2404d49,0.1161631891575866
fbf714e55c6b4198,0.1445348137039061
a2465562849c47ce,0.2603459088829385
3c797339a4604669,0.09009667787467053
b63879df38c040be,0.1375633824959371
b9b9788e0a414d9c,0.15701576777070855
49d1844ef4a74061,0.13817748680814343
3f6cb41e25da48b4,0.6673554913385537
9080c7f282d54a90,0.16137547228498345
15480fe2f4444cba,0.1896633802189574
aed56050218d4e72,0.22140247440179847
70a084aca5404524,0.1067622024278371
470e65ac4efb44bb,0.2973569990432065
047735a72c094457,0.4264523733957876
229a746a4e5d4dab,0.790216166862104
9f8629331f224d4b,0.8029329842540122
aa3a21cf50384ff9,0.06832504910693554
38b974b385804f0a,0.098523131123474
413e983fed2240e8,0.5989227915751522
90c424753fae4795,0.20298426142914217
41c2a7d87efd44e4,0.11182593444787882
7de43004e8bf407d,0.30220485065563135
833dc6921e3d48e1,0.13982961987011797
49d8b4e297824922,0.7692101198925667
1c47e0e138194a32,0.45267076394570394
254979e63fc44efd,0.15324389071356678
8b12fa3f30894d21,0.10557957630104106
92afd1910336426f,0.1357524922696242
7b0884fec1234aae,0.1069414370853051
82efdff2dac643d5,0.1010658547825304
e41b87becaea4aeb,0.11262496716035973
b52163e914a44e48,0.11898726082067725
e26b1ab3fecc4f23,0.21924740601933096
32d25ebd4cfd429e,0.09939736972343244
b5726e1c945a47f0,0.5294679496494064
79a4643112b54b45,0.2071148748883057
dfe6fdbecd274fe6,0.11598528139516807
5d88aad2b1c5447a,0.101415586883123
5e7e427ee633464e,0.12161978228162873
392e2d52f569489d,0.13153936546266762
a520e9bad4cc4be1,0.1205067356570458
ab0b709ffc764fa9,0.16557088960558713
1c1deb2018d04eae,0.24573499454081732
e4bb3068699b4563,0.04968744448827916
b3203d6365dd4c0d,0.10117278179671568
a65597c2ba4b4fb7,0.11554497102708293
585d3744b4fe4ef4,0.09988389327850578
a966e34a2b5d4666,0.4049507004477163
214d78e2bfb84f98,0.5680801918410385
5a15111da3db4f9f,0.24788696272094843
0431adf06cb1433d,0.08063882287997645
b3d94a8892fd4d06,0.04908898252544545
1a7215fbf1584aae,0.3286682247480631
9d20a5ac2c6e43e2,0.2087522539672847
57b093052ca44312,0.21975011984081538
df469bc811dc46ae,0.3695716107508439
7b9ce0c101c84947,0.2501616031397865
4624aca1ffd04b6c,0.09577426384530101
6e3799790b9d4cbb,0.15826559734362927
ba31e35cd2764aeb,0.13007481231890416
865825c833554141,0.18236271077216853
3500dcd9bc854d69,0.16018302666424045
4f05a8b39e3a454f,0.0920019124768313
59b0dbfdc672473f,0.43859034576110123
84f98d454c4d4f27,0.06853747120142019
fcf42f7e11b54178,0.31597311322965976
087be65e67864ba8,0.505759050411275
50369d3f396e4476,0.10191946310264625
dc0b46e93b3d4b0b,0.5710354211543671
11be864130154794,0.18104349399160308
5b55f63d074d43b3,0.17182373739342494
28f41f22b49c4bbd,0.10168447714144377
78d6c5345a4d407b,0.21275689227469058
9069344df3144415,0.15848092211062384
ad273b4f61bd4d4e,0.100336417128031
13dc249170564194,0.3292271186225675
02f7943c44834861,0.06371973445001476
f968362ef9984620,0.14658488166541647
6e132817cabf4f11,0.08515003171168696
8003df77fec242c9,0.09546881431631446
9a6faa8ebb8246c1,0.1199747132770367
f03a5b5e25aa46ab,0.7260219015767022
32d474d4fe6c49d8,0.3051450678943322
dbca28e3ba7a44c6,0.09745195125526408
8a411d1d4f9045af,0.8221068046905373
a4a8d252f9a74802,0.15387852924659226
2207971de90a4ed3,0.11343631802881154
eb0f3c41976d46f8,0.07643977177505847
1c17468f0a47403c,0.8380560388048017
d6776c9d444d4edd,0.24576636053557205
52347880b87c4c8e,0.05377618525342861
6e160e7ad5104bf4,0.1134801351593697
58e883acd84e4c91,0.09769397083302542
d04a18a580af4cb7,0.34110661331405606
3d8eff218e394157,0.1226430774715409
08857524f5514901,0.3901523566913239
f93aae6468ac42d2,0.12883321772370468
8b7f80a718814357,0.13678896964576853
8bfa9aa85a264b3a,0.4431690985901299
7f431af97acf4123,0.10229559706619819
4f5697f0feee42f9,0.20230258327233022
458698f1e76e40b8,0.5043446496437999
8d129a81843c4969,0.17934709119858044
6d7235eebcae48e6,0.6977679585372589
40f61b5e647d409e,0.09122664093505546
187a67da391f4929,0.08972180904693593
ce117c4e5bc54573,0.43523920330669524
50df9911efd64eaf,0.1658136574006268
fea276c94e684811,0.17755809560606586
4248a5622d5c41c2,0.12599883986900265
ff5b369bf0e647d3,0.1712439060966749
22d26b5b28594105,0.10938017313931313
9e9f4316fe454a8f,0.15999229026100187
30c8bf0bf3404811,0.11796965827918647
4e4c1851b9744723,0.10486452208571244
df721d39eea14a82,0.6966853558164554
09254115624c442f,0.11406733478655962
2d4775fdb9aa420c,0.3064741387280085
b235359d555e4326,0.061387092306879554
ee0a164b87de4143,0.2077769304093844
1613e32462414dc9,0.130867688133319
ffc618c3934b43c0,0.17129647886124286
d1c42f86830c4b4d,0.1818675611783199
348733f93f774189,0.14966419090494287
07b113ae759f46fa,0.16832223258105922
dbfe06323ba9421a,0.11777512827280553
1da2c1f0a4374905,0.08001972584140885
1df82a80b20941e1,0.4888953111858433
5d6464adbdfb428f,0.24560708053722974
23308172559440d4,0.1078921973339532
db99d812c91f45fb,0.14352909720616702
d76743348a464dad,0.36219384971483254
17ff850b0bf545cf,0.3920350027080859
0eece33e9ab846bf,0.14160084675939147
a29ec436dd1d4339,0.068716218748565
343222f345b04197,0.09936926176071552
5df255466abe433e,0.08531088627587008
8bbb31b909f14372,0.429630258294102
1e2d0999ee144d62,0.1545168144962874
1eadf43c4c5c4ce0,0.11111151790024382
e70c88cec26f4e20,0.21666163388712614
d3b5ab805ae4474a,0.20663410789848877
e437a50cc39941f2,0.19314034824192158
1bbcba24b5064e90,0.1548082634369906
225be2d448b74fc8,0.14765811438941154
94d5887a22ee4350,0.609602742021315
dc21f9df89e54eae,0.07650000316599215
ed96fe32ee6249b7,0.10698576671741664
edbeb80140ac4f42,0.6093515674501874
97465da11e8b4cc6,0.10720360826699399
149cc7a960c84e21,0.09037982153075673
9158e2f45ed5475a,0.17080742745402472
043ca7883f3442fc,0.8185214275076825
30de9a8e735a476b,0.16643930753158404
b0887fb5c7a54247,0.4738017478825154
4f4c0a1dcdc54a1c,0.18932626361366392
bdaf6852a6574c37,0.17160230182964054
d3a665cdb4c34a9f,0.3543047413541311
843daeff7be743f8,0.19785652940697918
a756633c58274794,0.14333839656858807
5b93a734338c487c,0.14723991150239862
38131e166fe04f91,0.3404933528714345
0297a5ffa2f74555,0.1951959426016794
a74791874d04424b,0.159401387019379
c222bda7679348d7,0.11153043378952024
6154c462094c4a92,0.06665670385454893
46bf42db71694e22,0.4859655751289704
3d43c5b43f0b45ff,0.12402526718842664
5e0fd3e6d6064b6b,0.45017833557996606
689b5ba98fe34c72,0.10865486679917626
8dffc94a24e94f50,0.4708377240828498
6968ac0400e2479b,0.27303452569880216
aea532b6de764217,0.1271708505389609
a58a825841964472,0.25838824766532337
ca758b825b8b4299,0.15140746914825307
b242c92ffa8d4e0d,0.04507671419356629
3e7b107aed1e4912,0.12946778492813787
aa474d647ed94430,0.375991379116319
d2b05f1b19334c0e,0.2050640758775971
06b375e26b5b49ae,0.1506739343891053
39e491c0f1f34cb3,0.21464001027891128
36d98ac443c24ad1,0.6747498492543594
ccaffa7a7d534ae7,0.09954810134199242
2e7b9fe4605b4b7c,0.08847707561175783
376e4670323c4b0d,0.3982445624126121
f129996d31dd4703,0.10744188565439619
0676c8f201484318,0.32526374155437787
17e98741d21c4240,0.0823278503022256
e90c131235e14c70,0.08226663331464773
8a44413922ff4448,0.10324543966603984
e6fd5f61ebde4f88,0.07759531527901486
3a64d60951254332,0.0687201900269797
49af4e9c27d44a5b,0.2223364737155069
d62277ffa988406b,0.19029439918810145
a8fd2cd5f33d485c,0.13349207602947413
65511368f2ee414f,0.11617386499822961
e2e993e88e3640e4,0.09511946482788006
a8102d3c50064fb5,0.14032531754410482
78265b4ec238433c,0.10533754831018634
7ce376be342a4884,0.09092313398675086
32c8a60471e7456b,0.10851536365392644
f9ed27ba8d1e43e0,0.22977961555814688
f292cc2cee634844,0.20312214637953022
820a15b946364a49,0.09941684111479396
d67be219bfbb4b33,0.11778173342417315
b4d3ada2ed704f9f,0.6577284004520229
88ec548c98114759,0.16261042086115163
5922e454e3344260,0.08978314612633903
fe1bbc9ff0284596,0.09271193640832702
bdcbb7e7110e4ba0,0.08955765560396924
9535b92e2039471a,0.36874493070628667
c388e1327e6b4590,0.22179613868982417
4891194785324da5,0.19464022851918378
a99319fc402a42a4,0.14492291575763736
c77121b98a1f4a88,0.08836569032005095
6443c79ee49f4cc7,0.3502260311449584
37ced970458840da,0.15795683790455417
54642d6e97d64cef,0.15054564897456824
936b87b020c04775,0.09948101943471384
c452102a35cf46f3,0.22273463446609817
3c71099c74764b55,0.12093439889415528
e19a015d22ab4b43,0.3003297577995135
2631ff35f5a04e30,0.08846368778463272
6aecc75153164f6c,0.18553242149677604
4944c204e54a4732,0.21314452716640972
513cb80887be4bcc,0.17162723687645506
d9aab6f24d0a4cb7,0.1274986856449656
3b84563dc3f54e46,0.12469069562405291
d2755a47bb3c4660,0.09218455440038195
13c17321a8b640b3,0.08135400479963831
71441765776141fc,0.10662647127247803
ba595792d6a84cd3,0.17219533081472022
a7ae196bb3184c14,0.12452370826252897
e26a682f3da74614,0.12653548480517118
4581ffb5367e445d,0.37419871216012646
b5eaefb60aa246e4,0.03473322649975986
843eab1d1fba4334,0.3678521909154999
bf391e8740494c82,0.11509483485454156
ec4deece6ebe448a,0.08598923109015752
09c6fce7675447dd,0.08755657959261456
8dfe36270e414139,0.3467811466548744
fa5988516cf547cd,0.6316127250986064
82d50343dd244978,0.14907692086591234
2b8301865c4f495a,0.1250514702165734
541a6977d79b47dd,0.420035112429541
a3f2b00c1c174d05,0.1917192038056551
4f4729e803464bbd,0.15885100397459656
3e5cc8af96a54720,0.25963521964841785
3e3201821f694f48,0.22613016657581847
5b6238cfb4d64dba,0.3884711328734887
34dbcdcfbd4e46a7,0.3291250177673972
f824c65abf5e406c,0.2627997685994082
ca7806df30944209,0.08903450242009216
601aaf3264474f36,0.25970901796780776
aa2580f666db41be,0.1188932198014015
266af3fecd304e5b,0.3395703689779399
2b23750cee9d4415,0.08928121961427965
e161f1bdc8a04c23,0.1648441484113578
969e7b7b16ab4b4f,0.09002486276587246
9dc43cc424bc4bff,0.3248344634147802
8db3a37477a24b27,0.13564722159083603
f089216fc2874793,0.5701827877472269
d8d62459731d43ef,0.34595025730732576
492b141d708b4813,0.14067841956913085
9aec303beb0b4e0b,0.10189110563456685
14b5b3355a8a4dd5,0.33555533760673767
45347210a4fd452b,0.17046986874437722
5d10295fff174788,0.10171880285537582
d673d57e84dc40e9,0.05763620873625822
4e55140953b64662,0.14639668362412803
54d039748408472c,0.11276450816469939
39b7865968fc4b03,0.09262901194424007
5ee24ac298214f8d,0.09678045232633982
15c036c85ebd44fc,0.8424550503683265
097c1fb37b9a4eae,0.1943455060613133
4dc2648277024c9b,0.17455007463133335
1440cb0c77084ce4,0.09827152972801172
a60bf9ab132a41eb,0.22049647788813656
d0c24dc764154d21,0.09617785753855211
63a5492042614bfe,0.15376969034064628
f2a97a6a71734f21,0.17227839160412503
dec14aab524a44aa,0.20931623624089724
7c6868d00cc943d5,0.19166224197691828
a76f269f11e94e89,0.08147201069645686
f84ef80577dd4c3f,0.5578697996165427
af60ac6e24be4618,0.5162860447721622
02fa9a84dcf7452f,0.3076474126945245
29045f2ee57c4ae6,0.10483979746045097
d1005dbca85d47a2,0.09717007363750726
a4b1f2fe089d414f,0.16211752681976851
919b5d63a64f4ac3,0.34741746129061224
4790f2a54c234209,0.8302545704442367
00e5cb6078ee42a8,0.0873156161168862
d332fc0bb35e4683,0.4098963700151157
fb02ab4872e2492a,0.09332024416221767
652b5c7e464449b6,0.17030492002423345
c0a70e632f884a21,0.1550128584722689
9acd9fcc1e184f40,0.0770512696847761
bb77f19b1b1a4445,0.09156374245247492
020c5302c0764d99,0.34745896171743323
3a6b789cd8a84eeb,0.47529758183568527
360442057bf54e37,0.5564459581266441
358c4753a57642f7,0.6419696628797823
f24f9b54deb44384,0.3216165596661853
ced45b4c6e0e436b,0.1782457824132562
07ea59d133ea44bd,0.3326145862928853
d34febfe759a4d31,0.08138663600990134
0769d36da9fd4818,0.1686114827260706
2c2e86a4a3cd4a53,0.20618536347967775
190460726a584682,0.09071375793062918
7c18950bb99542ad,0.2053087542931165
d8a58f8e9ea54f0b,0.14082665888696794
eab4f7d120b743e1,0.11192700484984254
769eae4408f4456a,0.08856918250190335
057a85e5b275491c,0.11083400874997158
e509435c712b4130,0.11373608810533999
5b703d5cdab147fc,0.13588672282678635
6c8a4afc8d434bc5,0.16005571426300017
85c84ad0f1d74f52,0.05612575658293352
ebef7bbeb2e44d24,0.23135499935885176
845764c9dff54ecb,0.12813044886128644
7854c5f577314bf6,0.39945242444523815
43c26dfdbb90497f,0.19232707389070966
96258db66dd54d84,0.4580435765972061
348de2da57eb452e,0.7160934507008888
a9a073b44a594d90,0.10479925667221476
d88c65e905f84c78,0.08587655021920775
f8ddf6a1810f4d21,0.0825511200403349
094d6f51275143a0,0.24486114526550792
bf0667a9434b4379,0.10694639178884227
ef1798cda6704809,0.17964433094451568
2f20d390bbc4432e,0.14928993051691822
38f6483ba3bd4f87,0.13162341956535648
e49d6cc3d6c64923,0.08272590777324812
dddd0286a7c74ab9,0.08622050763612525
874cba6314904f8d,0.1241460512488702
9c573e85a5514b49,0.5037994840300286
bcae1a1ad70046ef,0.079050488033522
184e8ad855b847e2,0.0826630467719018
56848f4b36af49cc,0.09625880206882072
f2d104233cbb4d9d,0.12270681092177214
ca2c101b92284993,0.536709653477188
b39298771d354dfd,0.0912206127182801
fcd732d18af3402b,0.11858721267384524
0f1c915e02b84f78,0.3370024083775576
e116321edccb4512,0.16954373576157442
be5f999e7f444869,0.17709324538577811
71d0ce5316804998,0.09448670514345082
a41ba2f28bb94c19,0.12654792575118937
4247005f5d7e4fb0,0.10665642787282575
28544e3008b44e6a,0.1327220826518293
1a755a474d884d73,0.10299108819248802
3fa6df1994d94a48,0.52003607935475
b96e14fdc1e3442c,0.6058496066593145
c6c2234f18d84b6e,0.30604378327153897
85541aaeb6ca4f67,0.23209488503648878
f9b8053f1fb94bbb,0.10860106769345115
9d3805e59ad54a58,0.1067444823463888
a21528ff347f4a47,0.12902084773987077
ec95987773724e14,0.10326702514761989
414db9b03846405b,0.3149307949230956
2be13ee5c6bf4a29,0.08857554141340185
ea11c893778e48e6,0.0614106850110988
ba488078396746e6,0.08794994756485963
a2c1925d2d5a4599,0.16104988921675734
137484149db54349,0.23630415931094417
3e1faa0900994372,0.36112263295577746
8f81665cae9744bd,0.15121280868065268
67d45c8885fc4819,0.15983423602240446
3bd194f9a5b54341,0.29045401487951256
4812d5f4dffd4c8c,0.08629582950534564
d118e9f5b6594a99,0.11416400371059518
f73992d2dde544cf,0.12871445826373104
a8a257c7c053463d,0.21130904362455508
ae096d2362e94d13,0.675854001822579
d977a39288564c1f,0.30416539398360737
93ae5056596d4d1b,0.16894564561749628
6f8c3af820664831,0.5868137104342962
406f3b76e27c471c,0.42902744708199697
75177fe6a3314161,0.6601492801844162
798c878f3e7a4984,0.40256252835602446
438912f380a74e9a,0.11636516866841497
80711f5fc6a64477,0.11109177141981035
adc76f6915844fd4,0.08127612708983312
505131f28ed2435e,0.0739525199404743
15607749a2734de0,0.5087181363813705
c5dcb1d62d7b4f09,0.19859402899552697
9d4eb04774e74499,0.14459948001259482
3431356423e74890,0.05937166484027875
563e61ad175c4019,0.6406306913849444
f2f4234aeb5144c0,0.11413261347042052
c24fe571ca6540b9,0.15607421656771972
bb411271d6864070,0.07120932524915088
f9f00a9fd68e4bd6,0.10013581227489347
00fbb549d60b4cd4,0.11474400668887041
da1031343dba4716,0.134464529371009
a7621d5b112f4dee,0.13659328875367308
355c6f7e04564f64,0.11693679375659047
5aef8ad71562418b,0.19601178423513912
27c8415875b544c0,0.07942276661059287
7bc50edf1e644ec5,0.16893500504483794
b53c7ca981a247ca,0.3886928840040349
a4ef48394fd244aa,0.0950410620251296
d89836a135e34aa0,0.12863756024823947
e07edfad46e74dcc,0.17554526737511295
ebee7b973bfa4824,0.17470566633235995
1051ddc6f6ef4e8b,0.2560042010145727
e0d639b0adbb42db,0.12969109048248087
33fd510d2836482b,0.11449479112634872
c18af7c816314e16,0.09220513708940238
ceee9e27dd9b4d1d,0.2574564912122582
7fae4783b5b046ad,0.10142297198551288
74e9c8c72f3b4921,0.19402119853213973
ffd5ddd8e6654297,0.6539115088534767
fdb5f17c97124da4,0.05734755618784377
78738e77b3a14f32,0.3497515114595762
6ecfecb7b23d4c14,0.12562283740340044
ff237369669c442d,0.15595809593035842
9944ac03aa5447c1,0.1304585913974474
31bd4c0920564105,0.12721356724410973
7716400f090345f4,0.09944737744989954
766de7bd2c7a4aa7,0.13962605459482028
fb877452b9354a84,0.10586157181098675
93430668795f4059,0.12912266842123415
239e430400ec4928,0.10531018874427592
99112dce2b3f4065,0.40606257999776635
cf39204c63b04a6f,0.7137434511119191
09322d4b7efd4b9e,0.40186037801771496
a0b2f594078b456d,0.07981289289216463
92c7e911e6264aee,0.08891750810592297
73c74c1b0c144ca7,0.3769266051614276
d71b3a7938cb4f35,0.07523776604160098
10a835088d344025,0.10636811341788614
e02de2e352c74cb2,0.17326179961972252
6d808a097e75448f,0.08334529682621214
7940ce0ab324489d,0.2394302427288208
b39e0feb91a843d0,0.4247211840344268
ef7eece6ba2c4a8d,0.26198456290081745
c90b0287cef8434f,0.11594618856242646
d6ee605b4ff04659,0.13241037575145584
ed862787acda4a0d,0.17850937187043484
509e4c6dff384244,0.2642216566161669
ac33ebadeb944f05,0.14859936978176175
f2752231e5904471,0.09287666881317837
c20dce8be6864f54,0.08974563296353413
5f4568db680045e2,0.08417842506166501
82fea78fdc33430c,0.18153953177360038
0db438939ab6453b,0.1765100718070781
75831d69152d46b4,0.23607006033552405
d6c71bd0ac784844,0.14044545289566598
8d6bf91785bb4411,0.300492754628713
773b6d1fdac94e8c,0.31316788749322666
a3d97ecb0408452a,0.1470259300689503
c598d8007e494bdd,0.29749017574548353
05f78e28508d4d5f,0.1292468468819097
e06d5699bc4d492d,0.15367437089762295
0328cedc2def40fe,0.0981396625713964
8c37bf0a16214839,0.0976898037672857
8d7947a3b5dc42f4,0.17547604988040438
9438e75301a24245,0.09918522779436968
bce387816fbe4ff2,0.21153072536088605
84877e118f0a4213,0.1928839030423539
a3fd50afb53c4168,0.5099155097340898
ac4aff2af943499c,0.18215959951102437
e5548da4607d4eb9,0.3340950879090347
a6c8b98531a04f66,0.0738818522372844
a5a7af18e69c4c0a,0.10719042294732538
609a32ab81914d05,0.10720015008335335
1b958933af1f466e,0.11134804533041957
b8e559cb94f948c0,0.5593377094170502
88f6a5f5c6d446d5,0.12691619750640395
6f34a0ae09c14e69,0.1849918162918665
79e1c2b8e25d479f,0.2755334070321646
29df8aa76a1649cf,0.5876909920702754
4743d5a8d74c4e92,0.1258377566825102
7c5c72a31e6949b1,0.4855952720152903
3218212d01274d9e,0.14157686211503961
c778758e74f841e8,0.09810724305514495
8f808ffea7ea4816,0.11381504344039636
3cb371939c2543af,0.1511764828401365
885d099612794bbd,0.8744584876685596
cd884700c4c74d30,0.15634649774321718
d367626b73424a38,0.268721824769397
b50d1634bb394f9b,0.2644609706347888
cadbd5a3d04f496d,0.07262573327823411
37e1f2644e2d408e,0.11527080603823754
6a5415bf4ef44fca,0.10193062110725999
0bea1a5f02434cc6,0.2590891852979761
275c277059eb4e31,0.07514199445351642
c4544786cc724a24,0.08866477947836156
1289ce7f58a84193,0.07164153490803213
b66f850791b54479,0.09290774481759106
1f57ebd0dd054ece,0.13678440080175766
fdcf1687109f45b5,0.16531957855757073
8f331b80a29849b0,0.25588375511545147
9550d71ed52a48b8,0.33576147804701995
3d5951c4178b4274,0.11580479861842224
7986f408051b42d3,0.2178044082205343
571e4d4f902748bd,0.13993605515470212
83f268d5ce8241f1,0.49741479256217475
db3232b1c21f4d2c,0.1360287577101442
2feffebf19e4435d,0.115678127678959
c8129cca67db4e44,0.04344319070388829
44351d5bd2e9478c,0.07198203622798277
de42e6ad5cd542b2,0.24214829309933888
b9616aa2c29b478a,0.16594433528855773
6f4d97f1adc04909,0.15061552128167413
e9cc34e689674e8b,0.22060854536480307
8fdcbdb32256427c,0.708049055603166
1115458706674e6b,0.22795293744328382
3d77edff872a4963,0.48323329577527063
469e667c38d64b83,0.05286382123925174
2874f2ee92e540b3,0.44890742443473286
4105786c247c44a8,0.22720949426844597
a73b6a8eb1b24f54,0.24314773885215188
61121f311a98470b,0.3309917361989461
766c7efffe164fb5,0.0957497691106193
d1175ce5d0aa468f,0.1405943634755871
fc16a8e532c348f1,0.15308934199147
3360932766e8428d,0.09030708501276284
9541a5d62cc54a96,0.12243410159316703
097c33d05a8945f7,0.5658974186992781
d0df3342d8c84eb6,0.08568085935784064
be154cfa21454bac,0.21290533713220955
b35c2c1663b94a4a,0.09611441515677736
f75a5179ccd34017,0.0920074464974075
586132acec944f00,0.08246638219413296
6b27fd014c124946,0.07251127597313133
41c2fa6328e5495b,0.14163044544519068
f456ebddcd294f87,0.09257073400545072
ec08fdbc9ab7423e,0.23519840380359158
3f621edd6f4b4141,0.0873072026474644
f72961d23e89457c,0.6741089163904064
e6958a39eea1424f,0.10279844988540618
1584e55176ed4de0,0.08332965168227148
1f1b3893206a41ec,0.1116571954195985
3cf9bf2bfa244ee8,0.12114402215922666
8f71699a7036426d,0.24213926416125697
b81579c6e6f24b6f,0.12289991169094468
278be7aab9f0494c,0.17831540714997535
f1525d21ba5e49f4,0.11007138482789339
a817b59f13ec4f53,0.15742770197370437
65b28d53b7b2484c,0.21914308509722885
c78b4b9f2d724731,0.15549491692736697
c6d58d13f903477f,0.21168553843859017
ae9eb461bf944604,0.108870493523478
525d46e0e51b4083,0.06794736686983988
e858e8c99cb942de,0.17228442414592157
86eef72fb11a4a8e,0.18547296269478686
c1cbccd839cf46ea,0.314163741846959
ddee911e8ffe4466,0.1190387550388496
b3e4aaa541004961,0.15626622592639303
fdfca405fc75435c,0.3501710803821905
0c02d2d4113f4c86,0.27016420647597805
de585f6c09bf4ee4,0.10941143570909605
0975891125c54b12,0.1446226405578779
921e1d208c1f4850,0.16842760442229218
26cca14c5f454af1,0.1599084036645153
ddbd2b6c4c5b47a6,0.07477276480165594
b15ed86f5fb24325,0.38244803635844027
4655545f674a4cb7,0.17301291620134318
cbc5bd521f784606,0.09939571079299325
5c9434148ecc44f4,0.08749157891248323
be7d3d57ae2e479d,0.05536283131236263
34fb76585c8c45b0,0.26703335472259737
01bc3e9d964b44e8,0.11261369354485702
9d9fa4ae33de476e,0.0856751562173374
cf6b7c4c76fc4f7b,0.1145914200584269
e7bc939e54a24bb2,0.09529034857787194
10c2824262aa44ce,0.09168436675525059
a69e557bd6cd4d11,0.07561093670334491
b326b2f6ab904cf2,0.12649428707114405
a5cacef090744502,0.10876476502847947
d683db74b27d47f6,0.25085543114312997
0328309e9ea142d8,0.08110027706454415
873fc3f7e3be4fe8,0.16800060553619098
612ae851f1634b97,0.05271683118156902
16c8302eae594068,0.248739936846413
d858a5b878c440ed,0.24761200031541541
fd3783abc6b149ba,0.21377317733035647
8bb7a81aee2d406f,0.1342150811541871
1b50dcefa5c04083,0.11542424876194474
376ae85455344147,0.12419341405290801
730a60e09dad47ce,0.12376369462204537
8706523ce575418f,0.06978764220750755
50d10ac9918341e7,0.11927880269496888
9ea48a6e2b584ad1,0.09455842649810962
5430dce29a07464a,0.09652186777818264
617c5cb5b4da40e8,0.08531796077178228
6be240c9ee7a410e,0.14269171799193667
9f8bd2d1c3384bb0,0.13179195006732833
cb2aa071d6654a95,0.1175525822609581
b9dc2489f4d84a3e,0.8951040970524877
57e491af0827448c,0.6794163536993245
d87ae9632e3a4666,0.2094438061522649
b6eeff3fbb89416b,0.08430347108656484
5d548af41779450a,0.13180375417932833
cd53d2be0b844c3d,0.1697787260165639
604c76480ddb4f05,0.15686380188163035
0e5df491ff5a4645,0.11946505203650604
c12869442af84f35,0.18697180169504204
ad2192084ac94a30,0.122022993071813
963c102cafab462e,0.14846588085810483
d5c97be84efa4859,0.23077823875104372
4fa1043c3f1f4d59,0.31313606268837463
2bc9b1f1c4c04c85,0.2846926611083085
e6e0f0a894714d79,0.15965766520154406
ad7cba0f33bf415f,0.23316940374796524
f6caeee7665d49e3,0.21278322821821902
d3fde40dabdd466c,0.14881016944212389
30e659dc23e64650,0.2391372400381431
f00edc566d23456f,0.10103442597039834
c8bbc7aa705a472c,0.08737713948029693
6b4ef5a0923941b1,0.15065833713924878
1b0200c3f3984d14,0.09386909462745151
1023d6fcd748495d,0.31620901995889716
611e475123314587,0.1697961955184107
d689d3a14a69428d,0.09776762252562096
205284f19ee24770,0.1471044448715287
52678e10fc3c4ecc,0.15699417587302586
e9c5691cc5db44b2,0.11364540131744656
29ede1d4b6fc4e7d,0.17218135010376456
5b2b01d31b3a4e56,0.07858332491129459
238cad0d970a4fbb,0.10169035790276977
2985435028ae41e7,0.2605649283348946
882de3fa8caf4a72,0.12886221190501274
5a2705f27ddc4081,0.451387917687249
859fbe0142804969,0.10479340782468664
5d441b23f4e54da5,0.2727120686943643
10a8540c8e0d4a6c,0.15529813575564597
49dbcefb183f4c3b,0.08876694090804156
05babf2d16d84ed0,0.08730926190200541
8b53311e1f9a4953,0.10330669335891099
51bd952fdce7435d,0.11769725098994324
5198297808c14497,0.07497989320871447
aaf9e90c61f9432d,0.17720918550915474
12cbe1c18dbf4aa7,0.10599047468041291
d6e847ee65ab4b69,0.08648869110018349
1216d480574c4fc0,0.08184460970257282
94de82f2f5ad49f1,0.13192189627910242
bf601b01abf44773,0.1328121618912319
cbf629ce17cd4e8a,0.11809150065307407
4f780e5a35804422,0.2538212939659075
88cc963672644e97,0.2428632877278581
a2db705071cf4bc3,0.14453414754323557
7c032f4255034b31,0.09977623053715726
46628d4996184be6,0.22164169762220945
e601cfa4a79d4a3a,0.2706332171513959
77225a751a7f4601,0.2521955091376831
abbd2fd9bebc4607,0.11812220557282213
cf2cbad2786348fa,0.3662379084684064
bd6137a9c82847a4,0.08477647691974978
e6cde197a5b94df1,0.08828371083398386
b189fa7eec6741a6,0.1799324611286181
2f97d065f3654eb3,0.17416433160913017
c57ce423a0e749d5,0.11420291072713447
5b8abccad32c4e1b,0.6146539259392751
41ff365483cf4d47,0.10741029883519132
56c446860b9f44e5,0.09292566046279524
8279c31083ee4a7a,0.15662364143802918
1bce64e7206842d3,0.13653267549589182
5c7d54f341604c76,0.07820598350613957
f36aee825a834ccd,0.09265617013045552
b2d8de58850d4357,0.30438422328090703
478d08f317364873,0.12832142916537623
1163322f234f45e4,0.13232057324446428
03a891c5e0194228,0.46583368533946945
1b51c172cb9f4d34,0.1281141553617013
b1a92de75b7f4b9c,0.15403802949076364
da5f813a6b7c4db1,0.07502092317021067
b22c61664075440d,0.3686152035378955
7ee17fbc69594e96,0.1250332497949002
dd9639f47c994193,0.5771434704286837
da61ea3bcf7848b7,0.10571938165870777
eeeb765bda2642d0,0.346760528767684
4a8723d111dc4cd9,0.16131051001439634
781cf7939a0a495a,0.10901417511232625
7e2888111dcf4f81,0.08835543250877986
bc959321f2de4d36,0.12795274041206436
d0bddcc97d7747a8,0.10265062175245095
da0ef286364d4bfc,0.1409954470280918
d0311388c3cf4e71,0.10747175526167217
b2b854ae0e064fd1,0.30131651870334725
141511d9829d486e,0.09780381393668325
83184bf9de1d47ec,0.17398823931546065
921b164f30884715,0.1369120712951521
1631be096a8c414e,0.10645211791596823
b16626d69ba74c77,0.1424189369340285
602e8fa7d70a49f5,0.14965166367900984
3fe379b13ea14dcf,0.11592541800392277
05f7eeba6d4e43a1,0.1528047071938875
df99e39172e04c40,0.4065994222114322
ee96fb5515804c25,0.45298986783232636
f7a856baa6b04033,0.15459311172059242
585edee913d9411c,0.2228099496422142
c96d204bc87b4dd0,0.4899661756343355
2370bd750df24de8,0.11142411208424338
e9160ab1a5b146ac,0.3500696772222294
d912f11a6c774f0e,0.2881998533912941
145c156520ff4f2a,0.1824455611811588
6483629068f74773,0.10559815146798093
162197fed7ec4516,0.12698465864068115
2bde34adbc2c49dc,0.12116683301638936
b1082d07789a4125,0.1728911207786196
b4ce96bcf5ce439a,0.2067230593038584
e512590c634b4449,0.753308745700934
a6c9514642ec4fd2,0.12205715196314719
7628cb4dba524403,0.13275796743938964
3353355703d14a9d,0.4470968161547902
064de98121d04f45,0.19315806800147478
ba1f1c1d2cae4511,0.09058166168360278
c13a014fe8ac4e57,0.1528522891969105
aed2b5790bb7464e,0.10573329250982605
501d1f93c5474c20,0.5063286845739693
d6547cf1c6684283,0.06785674303824407
59dfaa27cbc64dd5,0.11938542745411124
c3656771f096444c,0.33300070068120075
dc95b080b0484c8f,0.3397229085681138
7a59000b1992468b,0.12669573039002255
4baa28d8108a4bd3,0.15448635217478465
6395e113fcd2475b,0.14346006598550262
e062b340c5134e33,0.12718169057105616
22e9bad17d614fc0,0.12125417298452762
2d00523144be47e9,0.2524389943145533
87e74777cb2b4eea,0.09961503033767269
286db6b1897048cc,0.23293565504979838
69f24a8cdbd74469,0.13582412681263406
7bf2eb6d7182441b,0.1146390971124545
4a21c838b3624150,0.07782783921561871
ccdf7d94d55344f4,0.12642300553076888
7f6b992fccb947f1,0.07801044637107794
5e8ca67a73d84089,0.14621217168620887
9fed2ac6ff054267,0.30843024915690515
71f572263d534e01,0.5769956698443961
5bb977129f47490f,0.18511067428738445
d3528c7653fe47df,0.09681046806675225
bc9549fa01c74ad9,0.13670153246921135
3d25c51650744623,0.0770175965464266
4d76ceb41c5b4495,0.6899224770596304
0358f5dab2ad41ad,0.10362809004934902
21d323b8a3c848e0,0.3066968459981347
dc844aae1873420e,0.6143166576453142
0f05394621d14244,0.4231621371060697
3b298242937d428c,0.08282931681877517
b9486d703bc646eb,0.09981190579599059
dbad827cfc30438e,0.06834464339979575
95802d606a59416c,0.12848770109641874
5553a4b2a98e4d7d,0.08056217485821571
07983ac857394ab2,0.9240123978181031
32b524e30f614a34,0.7671208532389023
4e8e1108d1334f9a,0.1527564123631458
b4d62a042afc4747,0.10888791133981642
0c96a81e9f1740af,0.19286978494259574
21329e3986274b0e,0.3423977128480467
30c4feb27adc4467,0.10581406395841844
5bf124a6f4ef43f1,0.0792121203517824
b56f223d408d49d7,0.13767487182993365
e6b04931107b4c15,0.08627029927788665
20fa705c32c14a83,0.1217541126248623
d61c4262617f4be8,0.20029028410083757
6b293a4d108448ee,0.42914645333799517
5cb3fb07d39a4608,0.1762068741248116
25df5d2e50674e34,0.10335051425287824
a56c9b32be2e4399,0.10953169356120873
b22d6ca5d8244f41,0.21994095897857852
5912c15de7c14da1,0.10648296328703362
76f2c31d60874a23,0.9302779732947218
3b371a696e03436f,0.12693254905123888
803b72a4c2644614,0.1052390255720263
90f94c0d1b434ecf,0.2020409276372861
7335df8c16034bbd,0.21587176405212388
0803c1d115324a98,0.0949431773232689
ccca0d455ad94256,0.1809322528234457
86bfbe32cb21494f,0.10636589426743917
b87b300225d94d7b,0.1725019272286426
6200b7b9adc64fbc,0.10232078857921428
9713c2f1aff245b4,0.7331921680387226
8db25be4268b4aa3,0.08583811088436083
2e36a02344bd4882,0.09715686557088173
08b6286e2c3c4c9c,0.12077878510178809
56a08ae3b93d4220,0.2006595433327796
5539da97adaf421b,0.17597919652893806
511cd6cd2e67437d,0.09555847541637283
d7ec661eb1fa445d,0.11854257918073134
8a4f72827c37478a,0.4812809869089835
a6e5e1635f6642c7,0.18842554722596525
8285482c93984b62,0.09229230371387852
d089756833984724,0.11890493225505641
78b568dd0b9140c2,0.09598362511294901
82e7d1ea73474065,0.13442655234630638
f19e8d12fb854b27,0.12425784461088714
a0f16786f4f441ec,0.08514557165984929
975ad8c49f144947,0.23256291322532
ca69e6f7472a4048,0.07822993758392893
43dc02515ddb46ef,0.15119694811747342
afb0155ddd2642e9,0.18837248973771303
3807e3e00a73470a,0.09654192615202362
d964c26ef733442c,0.07615753198938117
a6f746b30c934a4d,0.11723037235574808
b32963f235834d81,0.3953970291998752
b2577e2059ab4853,0.5422609795222848
1cfcd1c4278345ec,0.3790406496457404
f1e41bcb7a6e40d2,0.17440759774869558
dbc11101deeb4e45,0.09359851206468471
cb492f1d2c9941a3,0.13124634968722643
81e2f976b0cb4c55,0.13582412681263406
1437ec15d5944d11,0.13014637053046196
1c4ef826d6764b7a,0.1029702888819572
0124e9acc68a4a83,0.16601342550309753
12ddafcdad004d03,0.11385773435938555
927de40231404e27,0.19473348271187776
8f4d623019ce461e,0.5160698704632339
8bd7a24f4416441a,0.7832229203193396
109f842015a34cb7,0.06834576659501695
e639be7146e24705,0.11291231823193712
c0f2933aa1b34752,0.6183273037685575
4c727939a92041bc,0.22925032212345792
5b0cccad9d66427f,0.045988779139474294
ddd4106971dd4ef5,0.15729782297023076
aae1cc0018954beb,0.8641756635586324
0adc89f28b194622,0.17198691752154135
88782ad049584e4e,0.12272557378460815
3dc3bcbda37d4cd9,0.10833216270232185
34ae13ee4ae540c7,0.14184647774389028
7082b784be1f44c0,0.14868507053977478
9dee6afc9fff445f,0.15446950880106197
643e5eba65a34a4b,0.27915413802963146
becfe077f93a4045,0.4291971616952131
1e96cf93b7704376,0.09721794448502333
a68f1297d3e04418,0.09758369631057913
1f7ec01bb54e4b7f,0.10944873947055349
315d517f68664650,0.2073673711861064
6f528368ae8c413f,0.11860910355457036
0c1a6dad092c4123,0.06215324179919487
452ef14bfd85465a,0.11525354856012965
8d69ae3b8af744e2,0.07130490725140916
81958e20ab2040a7,0.1765326100234594
026752fe631d4e5b,0.10991440006813381
22e1da395523484c,0.19433676817128262
ce7b6488118f43ab,0.0965809272930525
c7d91a5fb8d64323,0.17577539211322757
15c25656d9dc4235,0.238044147818911
4825a47458134a6a,0.13990302890347617
5cb9c20a01f7404b,0.0881616336035658
4769c0b407474e8b,0.14421291728797056
a5b189fb91064a14,0.08473550787693067
3d657874b00c44fe,0.14529135097085652
7b1ed9c34d0c4da9,0.07377814081341973
4c941182b2f14762,0.3724613032389354
7fd135548c26449d,0.09812278429348688
72ed3e32bc0b47e8,0.4630865863527058
791f895bc9384428,0.1416970759319593
a562b3f615274261,0.12026631192731783
db11053da61a488d,0.2744408687613691
f045a68a760543cb,0.20060297914312036
d8068aa704594b2b,0.6761567045799313
2b0ee9a5837a480b,0.08683848947446089
86c3876323d64702,0.08455769009132283
cd2cf6a2f12e4c2c,0.19755952018815992
8075d742df624405,0.2254615932324957
0dd01c95fe6b4486,0.09961254557264133
61328d12a7cc4487,0.08208662852168412
dd85eb9f4d6949e3,0.47014492234781485
f640937111bb4324,0.16748964902035018
098d61348f754d5c,0.177135001797529
3be9a64b314a42c7,0.10048398391717091
20ba8e5971ae45bf,0.10074860805630786
d8e65094463d473c,0.11562888671485462
23d0335560204a52,0.3800429276565964
cbb7996acb6f4dc2,0.2231128893193815
61300ecfcb354883,0.07420255627887917
689964de61534773,0.14385120361210452
2c22c4b008f149a7,0.2059353923970866
bcb78de0f8e74ebf,0.30596719310542586
a9c9eb27126b4e27,0.11084961099749613
edb5cb139746469a,0.11135754291152405
d93b006dd8b041e0,0.15222072641547815
ec8e745e43b24d21,0.11128491075420216
0e949c668f064c7a,0.10925020805015645
e85ee9b49c7643b0,0.1657291867177882
a646fed3c3aa48cd,0.1642597868050477
44297e42c77e46d6,0.15543400165353805
14b1af9a5bd44a1c,0.17453399967347344
cfed08b155a04262,0.09848957349500852
248e4f3114874f20,0.15168901800841647
b74c2ec0dac54777,0.1182838036272129
cccfbc9a03bc4170,0.12410223366682117
17eb6bb535624759,0.09146438268576958
6.40E+15,0.7219056977484999
72bfaff1ce284725,0.13491904327386023
8175d651fe4a47b1,0.41770804193748656
abfa557d72b74b4b,0.15255648941536254
35ed170a6c74448d,0.4839972733671927
2637e9f62ff14f8b,0.10582900992666855
07f0be0f70234487,0.35753507863865386
8deb7b6dcca14499,0.1391399821701506
d0c1d17da69642d2,0.09086992516202995
edd6db6ba02a4dc4,0.0694123139200668
3d8457ba3bba4b58,0.14290811894705072
5f22a547da5449ea,0.4089983784171766
928fdb7f614c4fae,0.29058822950416435
bca728a202694afa,0.15169955092906334
3adc7dfd38c745bc,0.3154642037100702
4b5ff063895647e0,0.08051395685513461
01a9e0c371a345e7,0.09663450968813161
dd093b4b840a4453,0.16188681662118787
53904467f7774765,0.9072372220737795
c376c4f045d544f5,0.21909292039596315
691ab246a5954291,0.18788514376263052
653461fd42434fc6,0.10172351913376171
b27ff41c67334f81,0.2765211485693429
fd4b414ac45b4916,0.0900791796381842
b166aa86395d42bd,0.8885295338133775
6275ef0d009843ec,0.10171461316121708
a6ff8f33349c4b6f,0.10723043133854984
dd34a74cc4a842b3,0.44014856941793495
3bfdd0f4423140ac,0.0913460261055127
a9d3920731ea40ba,0.1847235147788471
6570268ba4524d66,0.2602981202465171
ae271d7171d04e4c,0.2132004251969874
84dfd946bc7747c2,0.11615806626982059
47ea9b05c5174173,0.13116264627580726
42fc58f9111045e9,0.20787914314761352
d17a1336ceea4cda,0.30806168088002117
6360230053ff4add,0.12671043188305345
b570c7170e3b42ee,0.10096454657278812
b35356fd89284d8d,0.41316287279323827
3ec8f046d884433b,0.30020164790564347
18abec75126e48f5,0.3613896727051342
fc9813d642054ca1,0.07469018275602607
ca3f2999d353451c,0.08279840423594909
4035eaa68f914659,0.19281689480190886
050f1a7759f54627,0.13426628449615255
1f83ec8c85a54847,0.09537002170367447
3f4f6c610df44645,0.30032979249522895
10ffacaa5e3647f8,0.10074287371647811
c7ab3e7b3474407c,0.9065618515035828
173549393b724136,0.06866790985723714
02f7ba153f494261,0.07121958166504033
a13d6ae5d55e46e0,0.07521090924457764
89db9c6730f24f55,0.09725194885032694
3734a9e884bf45a8,0.1581044697420393
0ebda28975d84777,0.5571302320640389
bb92c518eb0a4b3f,0.4445197661430134
715a951dfc0249f7,0.0915414577928733
b6d545b3c17b4cc1,0.08299284189774837
af157fa6d3804735,0.1765168691716693
8c0397253a0d4204,0.2973377398015269
bc045525fd5042d8,0.16306776712801835
a509324e05324e18,0.0697767652308252
160fac9c42a44d2d,0.08822800062235238
3d91255bd80648b9,0.17120811899258387
9c5a757002784ee0,0.5645296190609796
8a620c97cbb94a49,0.1677209462714399
2855676f51f54d58,0.12434164492330402
0bb0f1961bb84078,0.10419755438547094
7f78b6e9314d44c1,0.08274709620236591
2a40990964a340b5,0.12419216519216966
8e51549a77714605,0.12782807940725233
7a0784a76bee4d62,0.11080719213733224
5c9b90e515134c4a,0.0703939441300984
66911f4632634b13,0.13251500642854164
39842cf7da1743a6,0.16727170820547385
f732f7774073485c,0.1273440651818288
fef9896639314b2f,0.21666986089393403
7cdd1362c2a942d2,0.18883454561540766
559b5e4998b04770,0.07684218684836637
15bee8be2d474197,0.07970150849788755
42bd73a59d294006,0.24329044029873728
fa9388d695b8475d,0.15143030390675913
b43812127e514de5,0.3348582203065529
2fb95807e33d42a4,0.08335237338452584
0cb3269f36f34232,0.2990439577834899
277f1910d0de4a1a,0.07910362085078818
8cf243867c054912,0.07102840109880575
b1217e54556645b7,0.23294364559165154
a096cb8413b04388,0.061811522444689224
8e4dc9e061ec433e,0.11849763459371809
d3961456c6b9454a,0.09860270527189685
8ab6c650d2d54f40,0.3072151910674858
603cac5c9a954415,0.13229878950304755
f62d9b68a11d4366,0.14216005655014316
54275a9707f04b16,0.08821740565241533
912cc31625a04c14,0.6995126923891647
ac416d8255664340,0.09816230505367626
d1b1ee78792b4554,0.11294713566275562
c99b9532165940b6,0.09865950339505627
533326a83dc149e9,0.10448543165101203
3934d9ccfbad46ea,0.13632890196335423
5b936fe0167a42d7,0.10046299316237714
aa0b5d5b88344723,0.14730242035212335
e19052dd05d946f2,0.33714824280296307
84dbdfef86794f2a,0.0965505471806524
eb0332ae698d42b8,0.14876895437509668
1a6724f285214c4e,0.3961952818842565
e27aa02ab1c840ee,0.2760898273610766
e666cc9a343f47bc,0.34185255329454856
4d0f071d890f485b,0.10301860931454716
5489b58456494715,0.07046856675892708
656de108c2cf47f6,0.12054833853042161
d83fd0a8f76e4447,0.1899273205353994
67d78f702c424766,0.6577820263084236
afda944ba75540fd,0.15363410697925006
24a7d864a172405b,0.3240410808492694
752a6006a3764aca,0.6648529833308587
9b215cd100934d41,0.09455922290233011
1cead6a9b27e490d,0.864045733873546
fa154ffe29d54683,0.14084652966440805
0443d51397014e7c,0.16639578222354892
b9e77cb8e01d4e44,0.12881181349810092
4d9a8d44354e4a04,0.6839880296326707
7d52a573f04641d0,0.1339681544494557
4a8b0414e57c4a40,0.09804392148387062
bb28fd44e8514262,0.09148584280728503
d528fecf463843db,0.1848255208349953
01ae52b79800414e,0.0833333481589731
de43529e5dbd4050,0.18188810059697463
fb1df7ba9fcc4398,0.1533195149409283
d036d03ddcce4e88,0.4786537815933897
f61123aaaa61484b,0.2444678666917688
eb125b7cc7e14d60,0.4425681900581819
aac48484c5f84273,0.15301725723199117
0ee15a51dc824117,0.4698012450679805
14a80f69cc5840ea,0.7344203468654488
ff580750a5be4f85,0.09191541152012682
2d4d9b1325cc4328,0.10857599197748538
5a3fdf7b65c54571,0.1344623088692909
e91f0e99547d44b2,0.07716039291165218
ca014502c9914823,0.08946225175663099
afd3ba4318fb4cf4,0.25858220014535016
128b136d163d451d,0.06676972646793398
81d4af7d445144e6,0.09893136023265779
f42cda776cae4bd3,0.1449450725591345
01df23414288493a,0.2691725211140311
05ae483fe3da4d73,0.5243456259768395
e3ef72990eaa4875,0.4963545944033129
c95171eeb4c24e6e,0.19014102557466242
c5bc69eb037b468b,0.23143284189463448
1005f6e8ef9b4151,0.13122269674394857
f7411a90ab944388,0.1799366571519888
826da0e74e2748a4,0.08838213742633913
0acd1697f92f468b,0.11219172556909672
fbffd0e3239e4783,0.19022226104383747
0fe3fcd95df64224,0.1677350708929142
bd1d0c0afae542fe,0.38759556863524425
9b24702bdbb2467c,0.27859013003452093
6b985aa509054128,0.08889303703369203
afeda10cb0194bb3,0.12394999393141122
0b3822363eb94369,0.25930693438163416
beee45f5702f4233,0.06923878544526003
52355c83d7024faf,0.0989702378809121
ca6ec2631ead407b,0.727740686652903
9a4133857a1f4573,0.3755706053785173
18061801ca1340bd,0.06683618096257322
e56e4f9872534992,0.25156576807254405
c1281416de46495d,0.22125921639341403
dbd7790793c5439d,0.39512343751222356
0f459d987de14985,0.10758512143990427
f7efbf0b59b94b47,0.10768275459377781
da3428abc8444373,0.08016440995023882
107e96d0531a4eff,0.1417460651633038
33d2ff46e30441c2,0.12325276506059352
0cc2944fce944205,0.38101779678766456
3be2cd603cc847d0,0.46257333323192606
71e605d6258642ec,0.17607038395544575
30800da3652d4599,0.24566352648642917
18513a395d824e8a,0.27743879527105975
208a2411f48b49f3,0.20667023069009655
b7337d18287d4ecd,0.1342118717556178
53125fe73f6a41ac,0.09525481100111703
d74e4a8476eb4fc4,0.09192966899014195
6a7365ccdb3a4afe,0.08629107224866159
09b6a82f3f594d89,0.10500522189684487
c2dee56821454a20,0.1529288204846788
ecb6100f7fc04ab7,0.14177655169677703
56bdbc20fcbc4cd1,0.26089465114476607
bee1186bdeca4d1c,0.13834290791293596
7db60115d807427b,0.1197772620716883
ae176133658a4250,0.17684929612629968
d7b0573b3360450c,0.09110643978565508
4bb12b1a7db1474e,0.19744523157921742
21778af73d1b4eda,0.14679571601023295
479722e2087947e4,0.7462905325385878
ef18f1ea9e56456b,0.16264648020639144
63f45c3612734b23,0.11334696858858133
9cd53b9c77a34788,0.12261551624599865
4f65291ae78b4236,0.09060413919939879
251a8f5462164536,0.10446480630163409
6cbb2dfb26064a9c,0.07432374587355381
22e07118a82a4be9,0.08345531653016162
fe8ccdc79cc14552,0.06522127285888267
81e1eb3dbf104615,0.09729981332488123
8da3b19065a24c19,0.18962494353644993
d0a573a8f0644082,0.08202719322918467
e23a2cb4087540b9,0.16263360722031506
a1994be5e9fe454e,0.3685128558505612
9b218cb229364a4f,0.08233781092196289
7b0bd496cad44457,0.20162834363055643
c7b26fde397244af,0.08267682086860106
eb5dd81c42734d32,0.0857278755885434
42c0c7e291454024,0.32185485053811125
112931fac35b4860,0.12797098208800722
85f049517f204ccd,0.1178561155578155
148b700b04804e9a,0.20448261963159478
f29450a9a53a4721,0.12989850369996844
d107656eed6e4e6c,0.12624067894088184
c987dea4f9b94b43,0.5944239679482304
6.16E+15,0.17464766044699753
71307945fee6431f,0.12935682906272647
0a124c8e90bc4ce6,0.44439774111006736
3a5b10e9e29a4396,0.2163600711397122
cd0b58d7544b46bf,0.1188328260258305
6f0ca414e2da4699,0.09318871172729225
48edb9feee634ecc,0.49478463283762536
b841496b335b4c46,0.23037637499189545
241d2236c7bd47ff,0.19987665241462652
35dc61ae60644dbb,0.17216894834936416
5f7d695124764686,0.11809882814574295
120e5ac2e25b4abe,0.3343120852629733
328e2abe34c3478b,0.11100925976630852
463a1b50fc8946c7,0.3139213807525057
c468fffcf18440f2,0.3779454658872947
bae1119efcb84395,0.19152526417048024
248a03821b394c7c,0.07529410072232919
c16261685d104b64,0.19126375987489105
c32d719510fd4be1,0.1330272639024207
594acbe0bb2b4ebd,0.11751311658524434
87ece43c9e1f4d0a,0.07654496466021389
c1d867ca32b04d82,0.16668428884060743
4091ac229e77452c,0.1130766804015808
29876b2141364650,0.6353303038358578
b89ea6e7497e4cb1,0.17328832523432408
d8d6e697969e49c6,0.12199229652738947
a6543f30ad434d79,0.28871578062813874
fe189e9ed32a410d,0.10719196540949855
feb6b3f83f944a17,0.20579789340400897
2e6070402d9e4adb,0.569303100547583
0f261993f5d94db9,0.2789497136873884
3ed6df499c45419b,0.08808185000768447
31214d1a42dd4b58,0.10189390901508225
7d8c6b4102354991,0.07375279366796855
8b367f3205b447b8,0.08565145223493704
c313fb24eb844c4b,0.12676771983449092
9106314d4f214bd4,0.6562647744158436
c633938edecb4e5b,0.228846740301684
6ebf2dbd92664b00,0.2021881880129752
1250460699184ded,0.11904326058985121
53258a28f14d4da1,0.10303084577156127
ece0e728cef449ea,0.8597164526294093
d37da56264ed4401,0.1560513949399285
abbdd2ed8b3a4165,0.1071327708893412
04b690c73f1a4236,0.08989058135684391
500ad81baef04db9,0.17679804906243526
a65fc58c08c94912,0.1096223579268918
8dd50d6bdab24603,0.0871765105624367
838e3edce0c4420a,0.10671673082902315
c36bdc25939840a9,0.2736129452897107
b35f7c1d84504943,0.1417315999898251
631de99cf7414a3c,0.2332301386222218
c02767eceb5f4ebd,0.3411415950874856
18952cd7e1b348af,0.5929925730423087
54d1c25ab0914e31,0.07807369127429875
2314d4e67b424fbb,0.2466657082416153
a7ebb6b9fb254413,0.13572128149561663
fdbb640e36da46d1,0.216004927294027
41b736cef3db4cef,0.1529492065272018
a388babae9924365,0.23571589624542383
bcbd91496a48418e,0.1627212545377342
4cf99f69e1164c97,0.1470720285629913
ecfc34fcd26e4504,0.16032874900945107
25aee71a48d34e49,0.30764149366181237
a7127a640a6a4059,0.1473464266807825
8759c84d73ed41cb,0.6680422088497551
af83a243a0224e1c,0.08116322825178966
bff4cdda965946b5,0.10863899159753841
b620a0b1870748df,0.03867895138242837
f5036a2b449b4911,0.15920253152864153
067efa11044546b7,0.26600678683265
513a821f9b7b4995,0.1079985406079338
cab81f5f50a341e9,0.27886240313891325
a055ee5cd7084d1c,0.16809284398985974
4e98cd5a4b3443c8,0.8141059352223026
9d53ac014cc54764,0.5265551354026348
6138d07cb7c94b57,0.19162463587751674
1bbce1dc95194992,0.13054017510862384
c31a6acb36794ba8,0.17983617138058336
95488b7d387a4bb4,0.1536561633426315
7243374c8f8e4d1b,0.10813971296394692
a4181a378dd54187,0.26872306172999516
e9bca6e6ae6d4b9e,0.15523323648489265
23713d969b2f4016,0.1257978228722388
9fcf5564882a45cb,0.16529400578452794
f5081993be8d41e6,0.36975699394238454
ce71dfa70259425e,0.14113682938918892
eefc5c70a310439f,0.10702322761951145
2f1cc635c58b4f13,0.09875030371379513
16b8e27bfa9c40fd,0.12004303047854904
158dad67b9b843bc,0.12491019005005725
dac7b569392c4703,0.17156353219384748
c22bd24cb533483f,0.21873942973248264
820af2984dcb4610,0.1297857889606862
9ee7f41060f74198,0.1569436702994604
6537dd3df6b641d5,0.138884657889794
494fac883d014f21,0.10311305861935337
0c4a2addc55148df,0.1667263786723962
61d9d39d8b1a4c68,0.10597177402223572
e5bbfd2be3534e29,0.20377304860805656
22e9bdd95d664652,0.16450535361025612
977ddce0d51744da,0.09874316288674068
9598581daf6d4a3f,0.18764406360835034
43805ffeffd54b44,0.1276586513788243
3c63f91710f2411d,0.12619710020933086
38569780bd4a42cf,0.1284584732552397
1534b8bb70204dc4,0.19703626561188836
061897fcd8564ac7,0.12827816889106397
3a710a751da74271,0.3494830848275697
43e3609ff5e84669,0.11865358699448729
af45a1a69d084853,0.7930641632873345
74ec5c4041c64359,0.12083735116130827
ba7d122c14614724,0.1237611354083576
2937b356040d4eab,0.16246769127174526
f04bba4fc79947ae,0.2258044445481375
efaf7e6ac2ef43b3,0.39495172303005915
1275c73d40ba4d1d,0.14662124905058807
395c6862881d4bac,0.08619233650473351
b80512f4e5b3441b,0.5238897451603375
5e984ca1803c4ddb,0.2962983756475581
38da6647610a4f39,0.802195094725261
e8dd568e0c3f4ed0,0.3762977599636169
b7207b8329384a5c,0.3260564991445108
5b01fc2b7f624094,0.1071725634326417
39307fda03f54082,0.3403690859646542
a671f0b71b924c5f,0.8896449928016058
9caccb9de8ce4c6c,0.1642099697417015
368e5d0543c64330,0.42937952531166623
c11c8bf6add54257,0.17783945834832351
6845a1164b974e04,0.1112607847370838
34e21ac70c1a42f2,0.10466248629180973
196655b6a0fa4b4e,0.08066636102836294
9f4f398a807e4adb,0.07764580095056689
546a96c36b054308,0.08087458636332387
c2888dd692be4fb7,0.2628360525072801
81c89dccfd0d44b2,0.2046781409993613
71805579122e4682,0.27685914285765684
8a2afd4307ed4f86,0.15510599855122892
9d6dd3de97704e03,0.160575718089088
0b2f189850034cef,0.1812853456587154
3e3c3cba49f24d45,0.08411814574266865
e9e38a1ad6fd477a,0.10712905775441714
8958276bab374660,0.14798640149175163
825924a8c9fd4066,0.4881550180518846
76148736a2a44ce4,0.43503566853568765
0710ce6d44bd4186,0.2442015974543019
eb862a9c23e24b17,0.12185333252405295
ef862fcdcc534828,0.6612791192155244
f7809090754d4a6f,0.43334953058269543
a93766e0171e42f5,0.10434048420207671
7ae9c64c15c8466b,0.09204595847905231
71ef806d08c2426e,0.15460894126822144
47c7e7546b23482f,0.2422877425362353
59a63fca8f7645ca,0.1246278770377655
68a026030c0a4833,0.11874327168100997
04473d3dad6345af,0.24557939177065644
550e16fed2194018,0.15708659061972458
8f55860521e34abe,0.1542544782536892
245c5ca388a24fb6,0.1160114876728615
22b534e7a850447f,0.3017682302871397
9fe6aa9db6d14277,0.11976986926423296
a5e047104eeb40f7,0.4455742339528079
a33ee37a131e4d05,0.09423262049520133
6a192dcd593f49d5,0.13442454246413071
6bbe9bd62702459b,0.11604288318805361
092da479fa074443,0.1815312713447189
b7d76867d92b49fb,0.18601375623378316
60bcffd5625942fa,0.430981606847405
5c85ee38dfa84964,0.09365962077083295
bfcf9dc59ecc48af,0.11071632921078804
4e60cec7eff24d46,0.1010498685350735
392446af85ae4810,0.24250102323399042
cae5ea33acab4c4a,0.12302233652697889
552c9caa4f85475c,0.37957041928224833
d44b057c82bd4d22,0.171957163285593
f8ff7c30cf2247d2,0.08758083172819499
a1885741a95147ca,0.13428028246255075
629b556e065343de,0.17931224434105375
5230019a775847b8,0.12860433448636244
97451977bb224814,0.09117022867588571
c2114f83b3744943,0.9564015797136872
2e98a7a5de5641e9,0.0756266027576873
97744f8071014621,0.583247299701965
2562877a120e4c36,0.35632054833796334
7ad2df2cf8ce4c48,0.07757932339512182
52f31e0304394d8c,0.22558488062033888
3d13df49ffdc4872,0.4258331472751973
e4680d4956314566,0.11984713713508151
3827abfb2816405c,0.16847626177918631
a079f6eb0f7f4d78,0.16637255882699795
9d7bceb803dd4303,0.10281892141091648
115f17cad2e04622,0.07976339048176771
d3749124104b4eb0,0.6128758135676439
1435ec224aff4e79,0.1051427135067445
7b345cc1517d40cf,0.2355795206481749
b663af4799df4ac1,0.1688084660601519
c14212bbbd5a490e,0.12623657334181396
43cbc0acb4344083,0.11502204390921064
8c959108ed0942ef,0.11048404072682502
84689383496f4f6b,0.12383965899722695
53828f6f9b734b74,0.09133401954122104
5921c01914294e4c,0.21190372677637936
8cdde39a06134862,0.2461452548995
dd1501999e7548df,0.19099483566725398
bee6db8ab6e647e2,0.08267236104827279
f25e84fdb75240f9,0.16383420194982226
854b68e97d8d4d84,0.17092833434283541
bfa178ae67d4429e,0.12819758020358243
d588ff482e32497c,0.4689779547009505
1c447e18830b4d92,0.2716849757899822
aa21ddbff34b48ae,0.08472559501544671
8e8f92b9873140a9,0.10201115560878707
b4454a92c12f42c7,0.2636464125838031
d719acce49594031,0.11197027070698352
b2fc9212f0594aae,0.8195949438445715
66f8c471f3484344,0.15200136160456196
096e8df753a84894,0.2389785157280408
02b9d6c145864c2d,0.08351764043044904
07db3843a2c944d5,0.17912183000750928
738b155ce5ab4de0,0.11030824513916274
f8f4590df59445ee,0.10479087757545791
da48b2fac8b542ab,0.1263151349830701
7ad6b6356b2e4c6b,0.3307321622997412
0e8f98ca0ce64a2e,0.1712201240978418
dffd177f62394bb9,0.14664605135295294
bb100a6dfca2485e,0.13789055225972627
c30e31548c7b490b,0.16616543808711143
b38209c7371f4e11,0.5507108213823719
78f9c436f8fd4a35,0.20066052926772687
0b057bba07194bcc,0.10726547826685152
4bf62e3745144c40,0.1779630330123104
ad4b742c40df4f6b,0.23186093373518663
fe0f1e07e67d44b7,0.11065769213686598
95837188c9204947,0.7109824529870459
a6a825ff38eb4b13,0.09783771516131927
ac4f72d7a51348a0,0.3209160753058011
10172383e50a4cf3,0.21292824336359742
94352614329b47e3,0.15106593937922008
9f84a0bea24e4f3f,0.18380889155561694
54b7ab0435514a9e,0.14796937308922664
deb87c333ecb414f,0.13467498566301683
ea899ebe78a44f30,0.12440033853663714
c3ed7725ae5247d3,0.31244176085970193
2132b4bd7a51465d,0.10462822284266911
bfa9086929234c93,0.07724180448140847
13e9903e1bd64d4e,0.12880102787566963
5c1f71c097fc467c,0.09857898468094596
34804a86209e4a93,0.1988080174256062
6bedf1e9b67f4562,0.21348142990232685
8ffdd74ef1d5493a,0.14447440333138883
1dafa44f630447f8,0.2496728448047819
f0043a0e5e9c4ae9,0.8242636886336341
0a4245982066440d,0.09303492369835115
efb1e3463ff446da,0.11149893696726237
8bb578b427544ff2,0.1530416397436066
7a0695ebef0a4ea1,0.5846902032146465
6c729c2c6ffb4180,0.19019999227341577
66acea876d0a4517,0.18753940004333186
7512dec94b6343de,0.6698780707929674
065eab1dbe854c1c,0.10888552606548287
8c832ead2c124ba5,0.09096312095547208
ec2f51f9960044f5,0.08905955392412215
5ecd6b074373427b,0.7756085942165196
2e46a4d5f8064f56,0.14323770430692237
22b3eb7b88ae47bf,0.19649661807515018
24bc891e4d83434f,0.8715369535773614
422ea6b2006d4150,0.09498013711526139
5.20E+15,0.8243067927979021
5be6e434085841ab,0.11822241259074841
dba6f3d88d9b44ec,0.08213769171506681
7b15994223e247f4,0.08834013078056187
6fe2e369eeb7431b,0.3008124453314044
024270980b2b4baa,0.09011071370983599
41d1ea6bc5444558,0.06973506950255341
1c0be589b0db46e2,0.7334059267964717
44d7b67561884fc2,0.07095946413006114
8a9e0ca71b4e4a72,0.12424886990204284
e05c1891519e4e51,0.13204616392526916
bc82f92476004df4,0.0854969897763342
c2d3f2cf948b4463,0.08157088166434208
5a32e8bb68b1450e,0.7470663919628299
433263c36c0e4e69,0.19309786763409756
08e7ad51d6a8443d,0.2255419711170065
a2d50c45e3f94beb,0.08152864402843872
1874c08320554f71,0.19928735322702967
1a227809162a4c9d,0.20418308799649348
db6ecc924b9b4316,0.08996157391214357
04b17bceb9e84f98,0.11927874423244082
16c7fc74ab1648f8,0.12518743752697162
7a618b335d584412,0.07832971364906158
7bf8f5a352544833,0.0774215692254639
aa10bfed3ab54683,0.1321424084715588
bebc09e9fe79449b,0.35146516649310733
01d705a060f6463b,0.18034997529435454
c76ff94ad5ad4e0a,0.18866161842414314
74bb13792e4d44ee,0.2378608906285984
c3522dc88a424489,0.10236089692997022
2041892b6734468e,0.4620021378912757
8d9e0c6fdd3b49f0,0.5895197042253959
b914c30237e44dec,0.5839358580953317
2a2d597f7ca44f4f,0.09549927123704577
40794035c5be4a98,0.3266075745495239
95688025861a4c05,0.18617581914300865
a6da9eb52063478f,0.17513263573895466
c6b5cb976d304397,0.546869581176727
c9837aca542c44e3,0.08054035794585394
9770eade62f54447,0.2615894655031576
9a7219e5962541dc,0.14129850275439443
138381897f3d4c97,0.11665818575835353
0717babc1dc9430e,0.19949179718918875
357179322a6140d7,0.06590460485988905
1e70dca040cc45f8,0.86934862431044
02d6e877c476423e,0.1537826049758782
55ad3dbf8ada404a,0.16977195478324902
589976d727d940cc,0.10164977073946321
0f99acfc3b3d4444,0.1476333853183562
634666ff952b4c25,0.0954253478469074
3c04b5f431d947da,0.24492001131807198
650db9cefb81480c,0.20317461398103379
3a69a618cdfe4e39,0.1326837988585965
fd671529076b48ad,0.15470138432713723
d228ed31b19c4598,0.10329691597785953
de3109b8a5bf40e4,0.07401343560840662
070ccd00842a432e,0.27521221841891336
0d8387fca7e64e8d,0.08147284672330957
2b0bef856e7a4daf,0.3572427082251645
350cd523a9a543f3,0.1298576302343548
1dc9f3b71bd74585,0.11682086211463807
90c9a85fe2564b67,0.07197738202499702
1df75c7588944d34,0.7554013187861147
09c8f51c070b4198,0.09335647260515158
486b2cc55d0a4d86,0.2564138552268135
e9dd60c3bbd344b8,0.11969066188971687
1daa555d197b4009,0.22725899831783475
d9016629f25249a2,0.1637355200867046
6007f2c360a14cd1,0.2900810731609446
6ceee53c0bd04235,0.14591772747580428
d83dc4f8ad6a465e,0.11829453394503929
bcbfeb79f6474040,0.06638820764048269
46c48687b2c448fc,0.12271581314720117
0f984f66c80a411b,0.08654357109185358
0945a8c06c5f4a31,0.9483409957582363
1dd8d9e45f6c4923,0.18027293738699712
3e92e2955f0242a3,0.838247699977965
720ecc65016b45af,0.546258909896157
5cf18264a22e40d3,0.10072074911982869
aed13e7949e84e30,0.07691057095020244
0914f769bb594961,0.1454376205761474
22ac9d0978c84e03,0.21985350530148173
4c370a9c3750439e,0.5503517992243322
db3a97d416744793,0.09906829238284297
7fac3ea157b94f8f,0.10911101756149214
bf82a009813b46cf,0.2896066973057883
8a65caeca92742bc,0.43786552485852037
4464b92329224d3a,0.1315288338675818
0d95bca85ea44a40,0.09040992919201309
a45ab5f63cc24fbc,0.2530509027385406
ef0250f8240a4775,0.06959326037973033
28d116824ef04b20,0.37186120519016674
6edd25fa4f8a4e1c,0.2426188136051613
59dc2ba65574499f,0.5694927546839087
330153cb6aee4468,0.13661155680125775
7c932b9a79bd40d3,0.08199595421681884
38296fc8de144302,0.11326753279059733
66d6fe766c824076,0.17764633336264155
f94c6a5783214eb4,0.4015646571045064
55f96b1c3304428b,0.2993521272383247
e5de068a09864ef7,0.2417197373140331
c607c316a8d94f10,0.3546352977317163
a1dec586b5264395,0.21227591780208135
8de43c8e1fa84d69,0.1797167661566218
2e42a63783434de7,0.13284939028899204
d665b197093344cf,0.4996631328845665
fb127ca8c2304c77,0.8239643406820281
dc1fb2e791f74fe6,0.14621645533917002
b642e6e04cd44a40,0.3455534718193049
4427528217324c1c,0.09726900164692738
aa833b57e62c4a23,0.10245423180470735
ca7ea4a211414e78,0.08464540990510173
a7956bdfbffa4329,0.13408783568793417
32207282b09b48a1,0.16842578690542095
47fea694e21143e2,0.09151903236705908
4bab77013a034845,0.1438078598813522
43747c2038bb4129,0.11966656984988562
6f6bb1c4e1e14f4e,0.6411775553083597
82d10b6e783e4c4c,0.07900138045974302
6a2541d66ce74698,0.19818964885758045
2dc413a39aa7417f,0.09341643468564659
03ea2c0c79394934,0.1408215618306806
d1b5d8e20349493f,0.1285897357699375
854340bad4684cc7,0.11996078722251577
142fefa3217449e8,0.07794237180563336
01c2f981e8e7401e,0.1283300104325948
b818e16f687544a7,0.49166000153775985
d4719a51a8374496,0.15728266134338753
f9c5870887874dd7,0.09868788261483544
7f411442af4349ee,0.15715716726744622
b01a0357a4f14656,0.08146528646006641
28ec1866a3804e84,0.44806807026149303
ce3ce037164e40de,0.18424953666838764
86248c73c1294f3d,0.2753259518915239
47b401ec693047a0,0.32949757142853786
bc6bec9ec46642c3,0.10027430690979293
260ca56f855c43da,0.09808964945764395
8dd46103beed4386,0.17424014237844443
67cdfc1ddf234896,0.19111731783790714
26e79f26b56845a4,0.08063508102701711
9d1fe16af6d246ba,0.08511452525726622
9837bed907fd4d70,0.09943020173504885
287a12f1c08d49dd,0.14043373173521206
49f61440a699461e,0.1808756493492539
dd6fb04a300141af,0.14286079987006112
c6293f70816a4885,0.20740698494348583
c92e2f2284024431,0.15086978324914316
89c704aafabc411d,0.09495007594590912
250b24df7b6048e3,0.08996758352273836
d42411a1117547c1,0.35664288636534275
d53aadb1734b438c,0.08897694408849117
b07fce7d51684408,0.12562268357878362
f46efb39f7914bdb,0.30797817965336766
0ebb89cd78b74c46,0.32415988102431803
3418c33d958b4fb8,0.18115610571066085
20a1411fc7fd425d,0.12242472611209057
a8a6fdcd6979436b,0.11590456050562566
fd7f1d0762464a8a,0.27357169819004523
74f21939a4794ffb,0.29933073101899144
6e139305e90b4ac0,0.1621710548960366
4fa3e7bcf4be490b,0.08518353065594214
1408338109f646ea,0.0947938131761193
a6fb4fe157064c3b,0.1472761957828987
6b27308d6e0a4e57,0.09963492549487958
48f815b79d1f426a,0.15181314043468946
a4c6d5a86a704e9e,0.17543570830177796
6ea445402dd74846,0.08908810544833708
81568755e8764c86,0.24613998017778846
96b9b3a57e40404b,0.12765284267990537
f24090bb944243eb,0.17691030571637814
560bcf7956c3400e,0.19850536530870522
10c7539166d344e9,0.10793508820817964
42f3c067617e45ab,0.2667403397756992
567b225ee76a469a,0.12667489510614804
2f005397fb944166,0.5264927811648491
5b498418762f4310,0.09864786238522326
ad35446dcee643be,0.18009388557305503
d20a8af3a45f4fa9,0.21106706156452232
271f22114747416e,0.09564402447461165
ef7056111a544d6c,0.13586556631007696
f08e89b4382a4295,0.16283465971947272
bcf50fe61f9a4f91,0.0908171279765236
aa5d85971828466e,0.6475995783601668
25ebce18e1f24285,0.16644516840637452
8f95839e5d87477f,0.09388000541467043
64eac5f2d9ff443f,0.14431382667121997
4317215af34245a1,0.0931318324940622
54662b9ef7c54c0f,0.07216112986111016
bee1dc776b274c2f,0.12243039195078066
0c247751093744b3,0.2691105910879689
365ca6f5b1dd4f59,0.03317543347110011
e5b635432d5c4720,0.26718278929586364
e2a54febb8fb4704,0.24668538980619992
008e4bc44cc74a50,0.04503741391209397
af650cc474c54293,0.11773361879084361
f53594f48e5c4b65,0.0830294897081352
ba989985037842c7,0.16257981915792263
625f7d54fde140c6,0.13933322050066693
c762580de55349bd,0.12366747642544243
7de399910c734eff,0.7228378664399306
29a8e431188a467c,0.120549213931548
b81f693490a54110,0.16981038604076332
c1fb420c93ee447b,0.18316047970061108
8eff390fcfc2437c,0.1486798055878253
8f02b9e6eea848e6,0.06713138625674249
a3452e67b6dd4c3e,0.42961156700736286
be5d660073a84d08,0.32446940142438463
d4bd50baffce47b4,0.3994256101344368
b3aff2184baf45c8,0.11975615580092606
9a1a61842c714bcb,0.1248387180527896
0a268d2720f4494a,0.09009341502975439
654ad07f9cf6428c,0.08382933844345547
d0686532f99d452c,0.220544277768579
0329b5a2e6cc4caf,0.2250485682057853
4c95d59a95a34da9,0.10267935047301746
ec1a2631c60c4693,0.10769020258651743
54c219406ac24c48,0.2717454897401761
bae97e68d4654c2d,0.40107640792434157
9270b9a2ac254340,0.103311114058861
fd732d77a2034e62,0.18729877168035527
3dc473926eac4ce3,0.1049674816865458
2f5dc1d83b934d73,0.8313724405225655
7a34997536a64946,0.15807317906253013
5dcdbb345b954200,0.1969985698464235
0f178f733367430d,0.10802781725642965
8544fe8017a347fb,0.15530545137326363
c1205dea001b409f,0.07096687239736199
4c23b81cea594417,0.3689144080758666
d4aacdb6c35346ff,0.5703202064123527
fb48bee6e2984252,0.7317269608575276
158918d019804597,0.11351592955141965
724ae523e6d0440d,0.4202206507922057
fea85b4bb8c2476a,0.8550352300271141
da85a9e35a444dab,0.3777266877711822
bde9b9e63e8d43d3,0.1855965692322078
e1c89c6d3d2e4c6d,0.10085161202065565
acf5997e5aaa439d,0.09213586111796217
83c573abec954f55,0.07431298482200296
302fe89222ec499e,0.08369721637551647
c9c1cae6a60e4880,0.1121650449964239
8168a402c8964b86,0.08823501420651879
69e2a42c23b5491b,0.8522655123506065
d76cb21ff2da4e7b,0.21676836473661273
c18bd431929d493e,0.14060787565184654
a76c27dc3e374623,0.1643257787949148
34ac22ce9c1440bd,0.40663951987015584
72572c24857c421f,0.5682430273241468
1c19b7190c074164,0.28134859786032856
5c83c37ffd214581,0.11270274773893477
d5c235c2465b40b8,0.053043143303893626
758e463d7a3843bd,0.13508699947610797
16eeaa9388ad4c1c,0.09700343847687729
97df988d682c4a0a,0.4577140873946434
43a402420fc4403d,0.6434625979971027
12933df76d9445e2,0.1099040163514295
b4f407218eb2431b,0.47589013392090834
ced81a817baf4e55,0.08912556414397463
02aa6ead4c34483f,0.08614226781361066
e2417b5896b5480e,0.12503788671474508
c4ea9878499d4fba,0.4071959144583142
2b32fa4a93024877,0.1861665870056129
6c07c396c6094d7f,0.13465417518451722
7e218982204c4e21,0.11408736681592926
58f81c8243fd4d7e,0.14750475200964092
76af907f0cba4632,0.05590012094357633
58a7b0dbe0e247aa,0.1314081890220908
c816e5a4dfbe44fc,0.368144764602012
11f1eaaccf7543c3,0.14430210429339754
5abc73eeb4664654,0.09039382442530079
9624aa5a55b54f34,0.09161600870125558
b5c82048ead4400e,0.06541158198852934
b447a9a5545f4986,0.07764816021546989
abf9758483a64845,0.17864642953717402
d0642beffeb141d5,0.7872097774217475
2bb4e0e09ecf4389,0.1168311798892347
a57c4250e9ff4061,0.11089334480403054
291d07cb90a9493a,0.23365424203448554
1801713079c2455b,0.420706520871674
a5798395d1ef451d,0.14047712026271575
b1dc6f76c1634696,0.10708956798658437
07ca0d0c30f546e4,0.23279808494572116
4799bd8d3e764e07,0.11008176408799253
a07b8b09aae7413b,0.5163093102433265
2a7c51d1aca24a05,0.07512973080259483
bbec7404571f41bb,0.10169639277796377
2f96f71b08544a64,0.4580761759636597
035dfc9803314197,0.1683779589436
ba5b7201ea484c1e,0.13986827804164625
d70a2d9c26d949be,0.08603339809274867
4f3bedd14f574808,0.1433026136161723
1f707933a9554d83,0.26142216851233685
e47bd710201847e6,0.600966947984827
60e9788ec8d44ff9,0.1360844419871355
05f26e13d5a84911,0.10634499981837069
60d3d00c413d45b7,0.08481003208458907
cbe1e0f41842452e,0.083237948669065
9825f7278d624467,0.12819274243587775
ff14ae02a46541de,0.10680159824764933
1cac970be8f94dec,0.15963534931603185
07bbde12b93a4725,0.43560327887057215
50d6cb1450024d9a,0.4592124790892746
89b1ffd52df74b43,0.26471726899271614
022b28dbd2504a4b,0.08558718320512057
869b9bee5a99495d,0.2085946828244556
6a2fea0995f544cf,0.12448339828120336
2743f600ec824a6d,0.12291350500367725
19907001c2ae4631,0.18852722042005313
fbda8e0933ca474b,0.1622978240960659
c521bd0d0ea5497e,0.15279945847151302
ecbf85db4d884cc5,0.1155517855063001
7c7384cb9faf407e,0.14570151738998707
74b0cc468aba4026,0.1639587680522174
6c5d77c8fa4f4202,0.08685311081996717
70ef8a0df0ad44ba,0.40671742341289924
9dc33d26f9764ad5,0.08666677461151326
d0bbef3e558f42ef,0.16307936835793826
3a0b7fa81b544cb5,0.13258713069180605
4639ded4a9b24c11,0.28474046131210873
1bcbc3153f3b4ead,0.14743294025155865
3559f273abd54ddf,0.12923306431436682
345470c14b754b2a,0.10703679816341538
1568c13c1db1464d,0.11364909182645527
e0f9bc7b122e4c0f,0.47798477914176135
96ccab73feb24133,0.33771974821892353
7c6b73bdc9d14db7,0.11599430810108538
f08ec4361dd847aa,0.06553268614263583
102f492c05fe4fec,0.11793349827132592
0ef05efe62444969,0.14196864825058922
7466ff9be31640e0,0.07782710649791182
20c9a4c1274b4801,0.09036354261042703
0e5fbc549dd44a09,0.22259622417147043
e42f872001264ba1,0.285031163684693
fbdb72b7da52498e,0.1525536295924589
b2c3cb9b7ecc411d,0.10843750307559806
f3fffcc04dad478f,0.14006420675523712
52e4663a387c410b,0.09928387456676611
705173374b114e26,0.4116343529517445
67da9cf2a8c442bd,0.09781184277248944
f989ea948f67437b,0.28644146691562
6c6f27e0c56a422a,0.08981675886518926
e1d2eccd62c04090,0.14144591058666758
c24aca146fe34147,0.302392363872158
da52cb3860ec4f6d,0.14309839286044598
a077308cb05a4f71,0.11237758771019116
84dfb442c4854ad0,0.16996045479797603
ec9a8f9b28da4483,0.25675658951489294
6d50945c88a74729,0.08476067863277507
7d485fb6a2a742aa,0.0876999980896788
60085c14b2f04081,0.10064525738541574
d1968d06a7334637,0.3418315747048633
47b2aaf0b34d42f2,0.5725264081933041
124edb2e93d84070,0.31019143184487347
3601461212fa4f36,0.21546992380015714
731ee59d1e194255,0.7794202387167173
2a19501a86dd4722,0.6216188512627778
8e7e365f6cf547e4,0.0962692434413692
82def05053914761,0.23161336861258439
c7a56cfd9b8344b6,0.1203883620534091
f49b5fd97b4c4f0f,0.07795556082244498
022ac9e45ee34376,0.45746748023449857
d3d39978afa943af,0.10607993606625928
aa5c8b82995247be,0.11330664682808857
e719867b856e4f24,0.12379856020644264
f8c30456e88d4cc3,0.23049886237633466
3cecd9514ed1441d,0.2934004025107896
86f0ac0491524c8f,0.2506046798440982
7ecbf71bd39a428f,0.1016382336756205
7c0255f838fa4132,0.36813403410340995
9453b3cceac54d63,0.13811013784033052
a576bd5c44814e53,0.07455091122827054
8be9f7e2bba8428a,0.11283086672087471
e7bacf10ceed4a30,0.3431343979408177
7fc0620e982d4742,0.21151813161192595
154844ad11ac4f55,0.17152706044512997
78b72751aa204a55,0.16294987418455525
a4728265c5574e48,0.11414553577279596
609b3731c0d64d9a,0.22250310649344937
39bbc14501284c5d,0.15027956487856348
febb08bd502d43ac,0.33888856846408516
cdb15b31128b4a45,0.1440658879722326
3eeb7afe42fe4b55,0.07469813894406693
e96909b33dc146ef,0.09415376706577669
8574903cfdda41fe,0.6223359827941424
c4ba97ee72af4c82,0.07382656285605617
29861b986b624ec3,0.1308784278788154
1e5be21ff1ac4749,0.10637596936617165
de7f3d38065a4521,0.09562192216611172
a8ecc19489784c79,0.08095943332974309
ac54cad8c74f461a,0.16178069414914834
7b284ba38c2e41ba,0.1394239260575156
7aca0fe42ec14806,0.35819100088226086
991d63736f4a4a2d,0.08862425639025123
dc13243046db4bf8,0.15792280398792832
5ace7babcd8b4de2,0.17262774851264465
5a55f85582ed44d6,0.11130372910081705
0c575c319ced4f43,0.22370412491573746
975d1e20b4fa45e4,0.23016108567384486
159aeb111259449f,0.10767142070241115
6c63dba628484c32,0.28404697020082903
8ae3e42380b8488d,0.12974432341860032
f176719634ff4817,0.20433140781644668
2f891e58a8804b4c,0.5623698430676157
a5d6b21a2330446c,0.5170254470285375
4e9fb1add46a4c56,0.2150979037885699
baa09854f72f4bfe,0.13917600550202136
bc83d7cc323942cb,0.1341966451267266
a318f0f8cedb4441,0.14407816075602192
171b44a8c4394dfb,0.11895095088094267
f2eda9ec0c444902,0.1692867006721362
dfd80d3227aa4805,0.5709514655550428
6b93a9623dce4993,0.4194137786400143
7524575c7b724f65,0.19541273752285862
b06e0b55d65646a6,0.09265227396271725
aca64bd971e84f89,0.12093367641315257
5b252c9e376f4ad7,0.08004496356951094
be5ae57ec0b64ff0,0.22092793354749582
08569abc9259482f,0.1318579148040837
3f304141f76645e7,0.09358399391433363
a9c01bbf682644c6,0.598773347622038
9664df24e0344f90,0.2146649628079705
6cc0fe9f09c54d3e,0.15791538003972683
b36df5ffaf3d4abe,0.16752123150277165
33987e0c177548ee,0.10448710755054623
d9b233004ded4fe9,0.08109854810723963
af40e3ed69364707,0.25806401306471255
e1a36f136a954203,0.2599390086717621
5118ab3c21ef4b34,0.12520319861407986
cd4ac78351fb454e,0.23633951086722335
dbfaf83878b947a0,0.18111721910704756
34c7f87ea98d435e,0.2329730623889403
92ddd2f97f4e4b26,0.08747945387805123
3b3906f7231c4eeb,0.6289828155436265
dfcb6d1608724bee,0.2481671360120615
2e38bef006714260,0.16336476301025826
0f6a5799d2b54058,0.3635420712467342
9f95f430e50a4897,0.16761649198255538
4ea9925a51cb42a7,0.17120077417948545
873b3ab4491444ea,0.08886801673922307
96cf8e5902294d58,0.15167080576304218
eb69fcd62d554233,0.09006020367693685
4789c441e64a4bcb,0.10025715767970668
25a9ca5a454a422e,0.22116709303185933
0e79f52fb94c41c8,0.1616690618092249
7f82c5bcaa114ac1,0.14578495915642872
11688bc393c54dc6,0.3080297641584532
c9aee686df064e3f,0.12257765081026889
c9e65b60ea2a47a7,0.22100244780708644
5598b70cd96a4ba8,0.5311585999701057
952727eead314fea,0.09452807215051781
0dbb8460d1df426a,0.14545372539957455
80e1401988b84626,0.11592135023355205
9ef3e6161f294535,0.12077279350145977
33c0ec5656b447eb,0.5355279108739448
d1022634bea940c1,0.07061015241225585
306ccdcc80ea4b3b,0.09003771121503552
bfa0d6b979b448d7,0.09237899752893754
f22e0fa703564276,0.6688850352066661
a578c4c3de254ec6,0.12480135584503957
2f1c57f36fa0475c,0.2319435817799733
2afb1e7c45704206,0.1061843861295282
211fc4d1bc1d406a,0.09019091208361003
0e0ce2f3a0e3408a,0.08383442405715294
a80a5b2c36514694,0.3360307713708285
bfa8b44477064431,0.48417714356206804
c5fffc8094ca4855,0.16757971898340138
9175b4f60db64c40,0.10699186916276313
33d46dc7aa0e4166,0.2595081304516352
34914035c8494467,0.2194515345430093
91ba821c390f4bc5,0.4070180100238829
515a9f2568774e04,0.6865635408831047
7ce2fc35990644e9,0.5614546606775502
b4bd13a807fc4c56,0.4279578494019432
0df80c1e54b047ce,0.10150057483298704
d378c22932254e50,0.09482254338282795
847e1b0a43a64483,0.12725145598515625
ad6df845bdd84fe7,0.23785260892933685
2a4989977a6f4b4d,0.6735674983976931
f00a91b535934b8c,0.1587045666359267
f218f0baf2574636,0.19336673574366153
2.02E+15,0.38989721268708766
d6c43043805a4c1e,0.11900036179503579
d79f56c0814b4323,0.09871294509668202
cde159a83b154e12,0.1179838338831513
47ee85e8bc4642cc,0.17424224971867047
b7df8b7485444c6d,0.09880576696660448
b209ed2701f24968,0.10155973345452546
98603f4eaeca4d2f,0.39867400422476196
cb4cba55c9594479,0.8683308900834963
77f17b2366d04a68,0.5705628810635734
e0b58a9db1164f8d,0.3202887160707998
09505dcbf17a4b32,0.22958087966861931
c12f1e9588bf48cf,0.11518575502574413
e5a0419a17f240b9,0.33842989424752845
ccb0d457dd2a4ce6,0.1052843816880532
210e480635bb4ac8,0.10359953961844008
311293f85118408c,0.04969069000888833
6e9a2ad0138f4400,0.6170733191355591
0c284d7f6af848d4,0.08438178782098842
9189c70b8e6a4723,0.23416268783085029
11329c8337ce417d,0.4999364688270975
b9b417e35a9b4785,0.12045477683045869
804978fd63194c55,0.2514329344324484
2bf7e00287dc4dab,0.09356764178271583
0ca764b9a8e64763,0.2066644884105187
b0d1d7d9afd14f57,0.18009945269346153
37ff41b777d5490c,0.07902020579965725
4512afc7bcb04bdb,0.1136943406898879
8c2012859cbc489e,0.17395446744789483
d410350f832e4e27,0.33499238643297374
cc3168aaedae4aa8,0.13912725294717254
fcb57a1ac6f74c2b,0.11606752810943041
8ed2829733874223,0.1724639590266233
8debc4af6d094d3c,0.11047768105654551
2fd732cac3264d4e,0.12633514088693185
0da6e9b2760e45db,0.13458843327959621
7d9e011d887645f6,0.1141575968516764
86d8c21a74134d96,0.36502783533896166
ec18c0dd9dba4ecd,0.08614179171831035
11b709b9c3f3430f,0.12419341405290801
e5282535e1ee4934,0.520999667027663
d8649631a52a494a,0.1413196254944253
4d73541796624641,0.2642295746762744
f6cd6e43e8db443f,0.19645358852608533
d8fe834a4fb74c97,0.18350160546831384
1e24d4ec476d46b9,0.1632964877631918
493fbb76f37b4457,0.0735106955742746
26164e4c86f849c9,0.09138816725951529
32cd30b9464942f8,0.09884273239046464
07f8579e19214fc6,0.09293371873667489
ea4e8c4d08974bab,0.17043935946491331
2dbd86c916564065,0.13671910653529853
cf6c6174ebaf41ac,0.1707610649309894
29ad17662117478f,0.139909955317126
18579614b70c4559,0.18426047652942187
bb267c0b60644e32,0.13978681228011003
d5674ad6d5914aa4,0.24382535858546603
93487f70eb4f4cf1,0.14837949197489844
32211b932b1741b8,0.06926433672230435
b3ddd79d6e7a4a8b,0.2030841262066545
7d398f96b4384acb,0.13332904165442885
e7dc41a328b34713,0.5770264497906231
fc4181268bd042f3,0.06941048495470224
ba77818adf044e15,0.39972351087338504
af78f5e4ad354f29,0.13623319001235581
865c1e405ec44c20,0.08777452637622117
e90e3dd1dd9d4394,0.13274566555496198
a480a12feaff469c,0.13633812213503899
1523f237d5db4769,0.0878659139087457
9a2034239f894e1d,0.09703172251037537
08e8a8c9e6194fe3,0.1463534314586948
2e4afc804ccd46b6,0.16486263157858919
6bcd6fd0e2094c86,0.45418631566677103
40e20630fbc64bf3,0.14052566877001185
59e9aa0167e149aa,0.4396740403007058
3471ba2412074e83,0.0667770464033713
df9e60fa02964def,0.08932892809184725
1a4e1d69fcc94986,0.12380975724716961
9c15f13bc82644a5,0.10583489141888028
1264c6a7f2854b0c,0.14541696408482208
642cba7b48b34f32,0.128093222301778
8dca523ec4164160,0.1276562277668791
53d57d71c2914632,0.08952168636976683
099af931bfb84566,0.09701016793405522
ead9bf2092324ae6,0.09603933833330627
a9be26c003124f55,0.10843579750626918
0d597ffa51e04982,0.21409893887669496
573c47e009434138,0.17056635445419122
1f9a655ae06e40ba,0.14186374524898437
f8f10297cda647e6,0.11665069768672141
26fa0a946c004eb6,0.6435161270271094
729158cc4465414f,0.1031597866205811
8b8cfaf6403549b3,0.09736328917574548
403681e5ed274fc5,0.1365420649602814
01f70f686a234023,0.25747549921057516
2af67d718ca74655,0.09716390972441882
69d6d3b0777042c3,0.0804248533876214
a194a3523fa04ba6,0.09193868450668809
b2114ea52ed74a7c,0.136802379741084
9d4fc342d72c45b4,0.05815038949196683
2152fb2b7f724cce,0.8044232985321904
76d5abfbb67f4f21,0.1591207033440399
a406f9ecaa4e464b,0.14537660853623313
4115aa81e3d04d33,0.6328202962216248
df7908254c3d4946,0.10858665528481962
527924f460634463,0.15661765927545723
39b7c2ea7e444f14,0.19026203719668042
7de0864b095c4aa8,0.13603072930929813
2625fbd3a45941be,0.09919643475252765
c13f7d06e9a444b7,0.20823805574493617
10bf0543651c4e36,0.09338180252421707
9fa19eee26b74cff,0.15572860178158196
51e722fbd74d44d6,0.09033383510743558
9dd17fe4ba954c48,0.2817535873099428
44f9a41ec3464d9a,0.30109372013678465
d17bc057a08c4dbf,0.2415903874728736
94c547bff19c49fc,0.8271255153154297
ef56685509ec42b6,0.5307359753995229
5f8cb7a202cc469f,0.07068561000747436
7fa836054a93448a,0.4133855685443054
e7915a58606d4bb1,0.1619269973394184
9109d17b79114d1c,0.09263316368874144
cf8b0add8735414e,0.7852037811731056
e8c4ec30347f4c57,0.14002422375734053
6df5c6f764e74926,0.6255403569801449
2c3200a834854684,0.3716998715219823
1a110762c0da4386,0.22479093231748187
33e161afc447410b,0.07072079260512634
e41e9259cf004006,0.13388565357451207
7ebf0f60c9274543,0.14602785861063247
92a3329f4f134ce0,0.06661922864903332
a8b1f7e5bc5b478f,0.11072023212756903
c0c9643f56ca4f28,0.24639847430869327
c568c773ccc549eb,0.10856081057275427
04da014949344d21,0.0911302977643984
e5a2f7b321ac428e,0.09904534851803638
b4a1a5841637462a,0.10043597479704425
881c1d3edecc41f0,0.07698221093425925
7acc9a8c58d24644,0.32333221634750053
db35059141f148fd,0.652761610004834
9824f982c35a461b,0.0957139316627699
18990b921642414b,0.11244391065713695
6e780370647f4b87,0.17322452638488767
3afe5dd9a689439c,0.16784416190610205
4b0cb5755e3645b4,0.27439043919964773
adfbb62083b840ef,0.2577587135452793
a491646bab6c40ae,0.07573918912732391
415fdba50c8f4e1f,0.19122280973435218
014bf79be13146ad,0.07800024738779213
89875e20d9924be8,0.20305820192965204
e39ac3658be74a1d,0.1747331542815867
1b560725ba0d4445,0.12905137665508357
ad6bea43af644809,0.05676765616389026
98bbbee375ae48f3,0.1811382479942011
dd164d7bf0f440be,0.24148455088444717
44f95eac343c474b,0.19310498598856324
e7088ff9bfd0435b,0.13746192357280365
3f478504c89c4bc1,0.09283462328178137
732c78cf4a704a7a,0.37665959353534223
1ec089e23c6f408b,0.6635598050792657
71017103ef864f0e,0.11226040474232461
b7b5a1700d7845d9,0.1688909877526275
707a058e12be4ff1,0.1156065400992391
73a5fe9b44214741,0.16405398945401845
ddfed890183045cb,0.07943136279200771
a8e0199e24144ff0,0.11708667384208055
cd5b9bf734b344e9,0.10176647715162605
09a023b9ca78456c,0.08779215269122527
c2037e43e95c49a6,0.1288679490719853
3ea1930f2e5a4f2e,0.1947451178739546
f5f87a11449e40ae,0.24501209145862216
e77c8b1cf19f4b61,0.1238736865278533
4798a5882c894ffe,0.30347830253014174
9f77bff55791451e,0.28181142148771465
dc2b78060e5144ff,0.1078184761657692
d33fd872a2334313,0.05787087372714601
892e9a2413bf409c,0.15913329311349048
43742d24289d4d11,0.10894909765718681
78b06abaac104bb9,0.771190355109524
ae786b383e6447cf,0.08700929866646341
cbecea9e980148c0,0.5261734719019989
1a7646faaa0c4f83,0.07202891869959603
dbdfebb075a340ce,0.11237934414642863
7db13428157f440a,0.12462455245494038
ac945dfd59944a66,0.6711402794986323
3dfaffe9b16a4679,0.17565502542482825
ab4c91085ca442db,0.1492943102610465
35e4fd0d76e040c2,0.08598599315264095
26f1669e9aa64f14,0.10658573165239686
0e0070ee1b8e4f31,0.5291456157388925
955af5df10eb46f5,0.2360770986349871
39fc432f6c2e41aa,0.13158676067850691
c70bb383486a4b78,0.2753425996400325
c5a831dd2b05487f,0.15888697636463264
405733c21a724b5e,0.8921023950323044
25edb00e8b7441ed,0.09577229831922426
47d58dcc53f94608,0.11388799749648477
0e44cfc4fc8a473c,0.09748236338474209
bd623e5d3401485c,0.30153886454871826
b56766efa9b748cf,0.12176122622965813
cebde6c3c2184deb,0.8107634714006848
0e95cd4a09354c91,0.12826748512293484
b0402c44da314825,0.29546294018011615
79b9c0ed95324bc0,0.16758608300807634
693eb948b7a64b87,0.17553464464314314
745c4cbd12624b8d,0.04913744968771631
2ee964a2409b4e43,0.40632016140940186
deb27328a77543ee,0.08881690160612822
c6b0a178dd95452c,0.178206577270022
b6b2a101dcfb4fc1,0.12597527338555664
eaccb368473c43a9,0.40768495587388864
5b29946308f24e10,0.18742469198289585
1a21b87fbfb64efd,0.0914587616952374
b8e9e636950e4bdc,0.2859211657282953
ac8e1cfa769e42e5,0.12668064353861508
bc02421e8f6244f6,0.337027087880662
c6c90dc0195140b1,0.08454955109013523
77bc497d89774ec1,0.09514051873156743
f00fba2996d84654,0.13399921600467163
80a24967c7f943d4,0.08528390687835391
43ca23838878448f,0.1255979131942048
b6056275d6cd451c,0.22036792321560741
0d880f67e6f445d2,0.6781690495572522
07c5c9b12fa84dbb,0.8169799262447878
dcc672af510d4e72,0.15315540501864983
f094aa94f16b4545,0.2112046505814782
3c37fccbd6d34837,0.2904178194115945
587175bc702d460e,0.7259941951182651
0ef22b75a361420f,0.3438121409941203
210b2861844f4a9c,0.1415430014646087
72d0e938459d479f,0.20619559393980819
29675e76087b4b35,0.2769019064866177
42dbb6bfc3cd4aaf,0.2098878491494773
708a0af110bf40bf,0.5365126051555538
02dc162683474e81,0.1255562731159411
1485a034e6a24c47,0.1577755763383517
4bb124e60b4a4391,0.38212080407377946
27b1d7f5487548a7,0.20627355426401991
6d6c14b3c0854d20,0.38339820512383904
5a3313660e394163,0.19765138858617415
c87654a13f5b4691,0.33202495971534696
fd1b4bd6cbf24712,0.14922210276545037
047319cd057b49e5,0.12013746691469387
5cc6c0ac41484735,0.14537505311246074
b07bfb14a64d4b96,0.08569560787418429
6f64ad5e396a4bec,0.08310809681819187
e8365859b5c04b3c,0.1093127888802301
491351267a434611,0.09296405286800301
719ccd147c024835,0.18798128584104135
e5013ca24d524a02,0.07680212737719745
a26575d3ddd54ccc,0.10127463991516528
a1aa87c28268419c,0.20697346669253963
33a1781b667d4270,0.08409011210466916
3dd7de4a4cc74c39,0.08595061318625853
427c5a42db90463f,0.11699078220376881
2fee8d105b064ab3,0.11034805466407704
e2e5b54eb6be4c86,0.08070236994837919
5a6a6aeeb4e44c98,0.6323274376669693
c77660f558c94fb1,0.14408466648386037
8e373a096c3245cc,0.13946180142470255
ba5aeee011c8408d,0.10902348038475011
637878090edd4b9e,0.25987552521039137
0381fbf8d8034ea1,0.07508176184645951
b06a1339ea26487b,0.09546297558689633
5daf996b4a8141d3,0.15243375263276984
bf8e1ec1aed74695,0.1313061208490435
c0033f6115e24e63,0.13311287833923108
fa981f6ead1a430a,0.12531384132801932
70c657f84f684447,0.10612537768484455
5957ce02f83648ef,0.6032560251981827
a12eadf3484a4c92,0.709343898607099
4aa8fa8ddb824168,0.07016216010662851
9a0dcd45d6af4063,0.131845326312704
473716f3765b450e,0.14967141875591172
3572b5fae9c844a5,0.07931571763255961
6bb99c9db0df47c5,0.09967682484404695
efbc14df00f34af2,0.22720848583674158
d8ca363c52b34b47,0.1231802831935213
2e94b479bc544627,0.12207980652464062
e2d694e7a89944df,0.13028767641775213
7fa65939f57e4640,0.28813587531723694
f898adf991e04e99,0.1483375153854861
caebc4abdc2445b6,0.20115154153022755
e5cbc809bfe244a9,0.13152546628658796
940df9d43d6744f4,0.11398958127645736
02b5646fd87a4069,0.47592433484497204
21027d0181874e64,0.216316759915881
181b6d4b82eb40b2,0.18808910567567005
6f8bbbb900bc4d97,0.12926001726384403
b6464af4c2444f24,0.1415158820936885
089cbb6e24f64508,0.12925739766549693
edf31276d3ad4f5e,0.19435368160454464
39dad3292f834952,0.17565257483293364
8bf40ff1de464b08,0.6821425086473473
9047ac5c8d24497b,0.10555202703714338
ce8b4ca460014828,0.1932713961929382
8ded0cd8c1e54aa2,0.23321727381605137
942913bb1cf84e8b,0.13843757497609677
768f008de55b4eb4,0.05216511067346894
c7f8276aa5884394,0.1095083432738847
0f5ada86521348dc,0.06873376092925135
23caa5c623ff47fb,0.07972793423252934
b5fee79bc4ba487c,0.09734619047013296
8dcd77f1aa8245eb,0.11342963185531837
cdbdefda347e48a1,0.117212149825005
ef7dc2a8f9d14875,0.10891792330573778
dbf9af134718476c,0.1464974892517986
2a1f501eaebf4cfb,0.13046055659024355
547f63adf09b423f,0.11218900131205814
e40d73b062d94916,0.18428729476479797
2e6f5971a8ad4816,0.06573112149192327
ba573caf7b124536,0.133961329787659
16bba7f19c4d4f32,0.12169531464074716
68e1f669ec354297,0.34580225459546976
a327ebe6e8ba4be2,0.11158008265651441
17beeb79976d4289,0.16760566216104367
d6cb5f8fb67d439b,0.2505795223134169
d3c099fdb9344adc,0.09829114346283462
1effe03097144083,0.17714869579493436
ee79123da10b4199,0.10687875929033692
da22aeff39df47ad,0.161531112603773
7a0c96fbfeb840e5,0.14598085186401946
dc995ca56d7144be,0.531800100310424
7020fff2edd04539,0.07487538128156929
b1f43e7e0a1e4f5c,0.100323175569423
6e9ceae98635477d,0.5947369482439054
2a853a177e524141,0.0857500651145567
2de781fdb0d5480a,0.08288107042530948
5f107fcae3494870,0.08113360214525632
0406402d2d9345a6,0.09450093500658176
df28cbd7cb5f4709,0.16028091714737708
ec5da9f780314815,0.3457316115468758
f46e3651a03b4e22,0.07768219595888574
fc995688e6fa47d3,0.15603337471799927
4bbfb85aee4f4fac,0.24928568439026547
999f7275771b4b20,0.5871026327587221
5ee900e030a045d6,0.2916163096029748
bb3fb0542b6c4e56,0.1285481632259736
a00ac6b631484f2c,0.2414553645020403
cbf3506410104ba2,0.12911655611852615
8a19e551fe82417a,0.1255543359529812
42958942a19b4ee4,0.05557227059054478
2cdf1f243db54df6,0.08404386147423794
91a61ab9e4004c99,0.17091025598613796
fac36adee3fc4d0d,0.14636475336464377
a2c2ddc86b32449c,0.12607954913016162
3c4ed06d81834ef3,0.11899025680140309
732f35aaf6ad42c7,0.08631777885438502
7111a79bf90d4e44,0.05383246994848156
09c08063866d49b3,0.1284751606443554
f878c98d9adf4fd5,0.0919469587812346
5d6a9f4987714dd1,0.11372437924288319
eeda423ab97b4474,0.3949184814712096
fcf1df6793024daa,0.11036304785063027
0902c0fd4ad7411b,0.090638840754327
b99d541c30944066,0.09439113818071129
11675d8411e14d65,0.11425186722538634
52a9bd8590f44743,0.12350603319016092
f6731abd14b04f7a,0.07606988521292175
bd81cc7178454be4,0.4823106497157173
17c4df06844d4ba3,0.08724558740550771
4ba848c53ed14ade,0.12177993461722315
c4a7e271062a4dd0,0.09913516069618847
b1cac385a7af452d,0.28675708140671097
032ad59d29cd4e44,0.15111569322694476
7be08eac44d84e74,0.2785031034589814
751fe7949d4d469a,0.18548193995195056
fb1e16890d7d42cb,0.12214595667336015
d0046e9bee4e44b0,0.25936424258025065
f582a052b2ad46d7,0.09360235189267739
268209ce08da49c6,0.39331954313689943
397a27b7aa994469,0.08422688881155707
8647ff95d9524d2f,0.08495162222059371
99138e73880e4535,0.17223894821698624
92ed64efd44846d4,0.07613722334040728
d5a91ff36c684605,0.14708491849353947
2a8517e4e24d405f,0.23678485414221598
b512c04c2f2e4df1,0.34893102980517166
cf14f43dda8743db,0.08590008099059558
518c9e34d635488c,0.07452558858696011
94a93410358e433c,0.0957760808574265
2706dfd8e0f34d44,0.10652509121762399
1daf4751196e46e1,0.3337875125490153
27190c440fd44168,0.18825040456605097
7e3a72b89e274c1c,0.13685515488491143
38a5c170d4d24aad,0.12560216494890009
a4979560e9954914,0.11397696229300301
755b276ee2924c95,0.09185783580384106
e7baa6a2f8f84e87,0.45230085609549275
759e1fa0b45241a7,0.13984112275754573
b130e3bca500483b,0.12141653644175683
49fc01b884c04951,0.8241073076713337
e300425ca3c042ee,0.08223877586582841
e3c98ed85f414dfa,0.10160103828184064
2eb3bf5a050c4708,0.41068684087282303
7656c9515ded4db1,0.7610456298083654
711124d094cd450d,0.07501069942753844
33365252153d4a2f,0.09150593258496571
081491aed26f44ed,0.09971052773949192
0c132d2cb452464e,0.5341497184350503
7de07b42750a4a99,0.20664968674371026
35aa7504124a4c0e,0.08661967558943084
763f639f66f14aab,0.25941221916086615
20c9de9cefdc4f1b,0.13470820863743455
4ad0c41d52a1433a,0.26377082837631954
b05fa9e56c3d410f,0.1512268597096928
309ce4f9aebc4554,0.15259610307455176
50a5be31b9d44e15,0.13148246654447956
0ac9fd48f8594f9e,0.08013809155854351
fb7bd5b0f57343e9,0.2942222774229715
8d72ac3b2df94370,0.6016944284098208
6ba11867c93648c3,0.12634532919412117
ce51f35e0a394892,0.10072440245242842
538894f35afc4c59,0.43415908297557376
8c0eec13403f4149,0.09284534331339939
375c5897aac64959,0.554251864989035
495f4742c6e24329,0.40875673714888594
dc5cf5f412434906,0.689966841938815
2f548e95ebe94135,0.21381849493896696
e3ed73d3fd034873,0.23696116684962568
fae16bc8d5de4f4a,0.3165258865231362
33c4d0c25a4a4c84,0.09074356872847669
3f40863de1574dd8,0.34909916126284735
86f469582dc6451a,0.8064459839960091
434584fe3d684e2c,0.20725973033213743
42d4bb5f9a1e4880,0.6027271578385366
ad561d9beb05414c,0.12532019444228634
f2619a4058f44aaf,0.27423147903171324
c2b974233b31464e,0.058300768699372604
dc7e90543b1349d9,0.08799081317579553
aeeb2552ceef434b,0.09423004645951284
e90f1896e3734338,0.1911095832124979
7afab8255ba04e12,0.19648197188114674
ef4e445fceed46b3,0.4613952306123067
497a2af5ef47425a,0.07239696962592188
0b2229a1b33c40c8,0.13304850803784063
fdea1f604deb44de,0.38224346030281003
fe8ed00c85224835,0.09903233923318959
c7e30a05e5ea4730,0.6573906387661841
9d6bf93252834725,0.11393788803646064
c9d4fbb038504a47,0.38989367538876146
cf3ed76db48b40f3,0.6926554261690626
afee6ad7ec404a7b,0.27120458195002994
009450c456c54e7c,0.1278619754550433
6e33b1682444464b,0.11318765990107924
9043c8800a974b26,0.08442134484587725
4b900b8b0be1428f,0.10676449857543625
cfbd2ad27fa74027,0.14464362867604336
bc4943f3a45c4d60,0.07983128410751301
6e62503b32c8443d,0.2027500620222921
1cc98685e26d4e8a,0.07943982271542498
86b83ce6419444aa,0.07701305306099601
29b01ce677074f26,0.3824421023782097
f1891696af9e450f,0.06645632986493998
17273d61e1fc4594,0.08737686990899667
daadb3a1a8c04ecb,0.0802236466544372
3411d76702ca4b1a,0.15048822062557754
f66dafe5a7844d93,0.5621190671425802
943ccaa70d0047c3,0.39166856410272666
d998e158ed0049d2,0.20715370392579802
0583d0bd0bd94cc9,0.16543426347735177
dffa0aa90dba4439,0.11304182033839189
59fb598fd1ac4a12,0.26901230885604077
c855516cdf994323,0.1138332226526034
c55b56ea4898404a,0.12055915815498869
7c8cf44927914b16,0.6568231973162144
c93000ad10944e14,0.1403015742599446
e988642b83ba4162,0.13030695202460577
f00e7796da094de5,0.08156726692381153
27cfbc30a9864df6,0.16073262574931393
ae5c8e5fc4764c9d,0.15021867605894676
a8c0bf979a7649f1,0.23522756383458546
454b198ed8164baf,0.10809161083397195
6d8c7a06a22b4d8c,0.10852734611596318
ed36e1581a2d4296,0.5876751243766772
9869c94b58ba4146,0.15774015617644313
dc08779562884239,0.6306273786575921
f912ee16c0e6444e,0.3785097770549772
5a32ce16c34c4ec6,0.09549083653638514
9acc3e772770452f,0.2694072673880747
278f56df1274452a,0.13560144288333645
c89118922acd4416,0.12133230512637817
1a8e45d234ce408d,0.39179776529109406
3e8e7c5341e3412b,0.5056873808942798
ded61560938b4c70,0.3254352405838218
6de57742e2cd4975,0.13059430000302655
d623846d30bf425e,0.7538966964117477
a5bba3c2cc2946e4,0.11479917134932305
5c38452c636a482e,0.14446782607529224
c11bece1ed444a40,0.11781325651658782
db974f688b134a65,0.0716561728342582
047500b2af794e62,0.08073360461775513
730a481a8b244191,0.5016901092976441
5b05907440ea4ca4,0.5174745033042351
0948ffd2eaf44c8f,0.10862956136933755
453c502712144c8d,0.05094838009385728
bbd9ee15956544ec,0.11514495838954533
a148b3299b6844e6,0.22544245414278122
561246187b2b4d1e,0.2540836168099299
d3d756ab814f4889,0.14463996508215757
92b5bb16bcdd4b94,0.08731915970920197
be33d84907f84110,0.29826106800756025
ad730433856d424b,0.12631807034611203
1f56446b231f42fe,0.08069239523021478
28c41ea47bde4321,0.08054640000581974
7cdc5d77a0fe4d4e,0.13922490558972972
1007a0df421b4109,0.09439354970560038
ad1c6eba814e4a66,0.24860628572800159
af5d9ebad7374396,0.12497460132042384
1280cc46570b4b8b,0.22331206561876402
a5ffdd22221b42ad,0.10556259447826055
b2f15a1bfcaa4c8b,0.14750543954721293
665a01333da24f7c,0.12628836242385313
168e863124b04a62,0.14033858777714336
92a21ec1560a4128,0.09216277534212208
3da465ee21de4755,0.11727057400423069
1ead274f0ecf453b,0.10437290532822466
914d4a55ea9c4e7b,0.13787435551133526
d47b0da7873149f8,0.10179259208068635
638c6b7db8784e2c,0.11130990385957064
eb1e9ed0d2564f9e,0.4203939280027569
53a19a0717784b1b,0.13630957506694757
0774f45121e1427a,0.15022733181848807
a9122af0954f40fb,0.16391977531508722
1506928ddc7d476d,0.6906114010409966
f69cadb215484b42,0.32258848942620333
d0e6f4cd41a24d56,0.7973365020842281
9fac528a028c45fd,0.16155183010238966
9c2839cac9bc4f21,0.1105166025006621
9a387ddd7b164a73,0.10491247890453999
2fa3d6facba64310,0.7139078865600872
4000106fa9924e9d,0.33615029439848165
298c54267bda4c43,0.13835369932266303
b0f7603a7e0647b3,0.13778082081785942
13b01e28627d447d,0.1657498950948069
a1dfc17dc1934a9e,0.13409928014593575
632f1fe427ce4761,0.8738188527442365
594e04be768c4912,0.31411702386691287
49ec6b6bc5664473,0.23510866907641192
ae7f332bdeac4cac,0.15008483545478238
3503dd097c1144ba,0.06488161758493063
6d0d0b2ce4e04812,0.3141117090772453
a088cb1bec7547fa,0.11042815484398102
105e617c37a24efb,0.09878639856868006
73ef79901de44e80,0.6063732606500368
c45a824a209b4400,0.14623097281989256
d800110246674524,0.07728785763292678
6332400a0fb74836,0.13378991561624212
896951cc46154395,0.21614979807914672
2505a18db6b94499,0.2112816233697845
446a53778b0141d0,0.07630037854086479
c2e82bd9e7184440,0.3110523154652914
9d27a2cdf0574105,0.2395169199969009
6f5d97a9344e4116,0.12471335183026566
0a940da67afd4700,0.24965908682339938
da0db9f853a94db3,0.1342798179788301
3579fe99c725415b,0.14263839691446473
f1e8a0adc5b34702,0.05340568860437997
51c2a8b920534ba4,0.24735087379442472
73f7cbea58e0494b,0.1036749487584088
0f98bbd27f1d4f19,0.07397678613747737
14685c82ba124572,0.08143293848241404
d10c22f430ac45ae,0.09520339358101529
9c34877dc85149cc,0.3264949951658091
a67f92004e1348c6,0.5026282044815008
9c3ebf969bb9412e,0.23245879203072328
b158e5c57c95416a,0.35814349284278224
dc31dda6623d4fb7,0.5212433706059625
f821877e591e430a,0.13416478387100295
4cbc01e47bfb48a2,0.13437141928602744
663349001300427b,0.19706978686515328
e7e9e84f24ad4f3e,0.19498634315213273
64438187e75e4881,0.08241833121858133
23e88b3092b14fd9,0.47934689980506023
af92272968634610,0.15289343293619606
43df3ba80b5c4cb3,0.1043973069128274
85ac7b183a744be8,0.14879510081114428
1fa0933596544590,0.1357117018078694
1a24f12d5d7c46b0,0.24687418894764632
c27a1d0efefe4c6d,0.8813452995541049
8d3df1ba39aa4334,0.11563225069223437
edac3cd2e1e143dc,0.18276040638395594
3b1582cb6f6541fe,0.09182249328708063
7bba4744ef4c4c8a,0.09984272268124998
e4277221c5264f06,0.06814273391951386
d4b21e3664fd4a00,0.22405868417428493
2730a5f2223b4e2b,0.15722038390116638
ec750b5aae9043a5,0.1963471088257085
cb47ed393b794d6b,0.11409631682306451
27927efbebcd4138,0.12185082197965777
bc4d36c3f79b47fb,0.6463117045600483
975ff070e5664cbd,0.15815743116001854
cd7fb3e8a8a24086,0.1973478278759663
764d2080e0df4647,0.1017445802792608
3ffc200ab35240a9,0.27806710494729425
1c76d76fe79545d9,0.10317608654007569
55d5f2da45114a11,0.23498267633722714
df89b4a320ec487c,0.1110038336135117
92ae4bea89264d48,0.10198751602602922
f8448b139fbb4e78,0.09148057194828761
701f62615f62441b,0.11437642610713067
473245329a7444fc,0.3636906997561752
e40bb3c74a6c4b60,0.07559063713483934
ebc867a3a5e24052,0.4458591024223156
0e6111652f4b4905,0.7084250744466372
bee5b2b4e9214352,0.4773141990834072
d02b7bf67ac74ef7,0.25627455388711956
665f5ab749704fbc,0.07216429883916774
0a3703f1d57843dd,0.12114474977326768
ed6dca4241134c5d,0.21894816233084144
573be458f7414823,0.06607337730497764
0fb04cf7eddc4186,0.13834337937379498
9e9904eaa9704861,0.14508375004110236
7dc2f68756bd49d2,0.16719365865767177
ae8ba6bd89ca45ea,0.10881731980053387
1c560418f64e4b70,0.28939569759487005
545abd496d5d4fef,0.1018429143371546
bc44a9e08cbc47d3,0.14782906951550936
61ff6c5b19744862,0.08108459235843261
8384c12f287e422e,0.1226871721319948
2a22a064a0b94100,0.0979821022542474
de43990eb34641ea,0.12235929024866757
bdbaed638f03457d,0.1103238632192097
c03b595f7e9d4fd6,0.16972080959515082
a3627ef83f63462d,0.09695455433008215
10ebd7a54f28477f,0.0909402966095418
d374b8be4b1244a0,0.7924445748571267
cfe7f96b5a564a3d,0.1055289818361911
1690a38015a640da,0.15952149458794979
61a2495ab8a04c3f,0.081200859919685
87e7c7d8df414d8d,0.29800790486049045
bcddbbf5b7ad4dae,0.4534873000421044
17fbd4502ee445fe,0.785751210857327
6fc1a90972ed4069,0.21569959945976727
9d2b3ac375db4f9e,0.09887503918189511
af84f367f30442af,0.14776798407828812
8dcd7b8094dc4d7b,0.10590307482835142
fa170787581540fa,0.07467554288721774
a8f50e774f0c4c38,0.9018061450777008
eec23c4e196d4440,0.26475977717238186
4a8d13f173ae446d,0.33088257014840655
c1242b2b42104104,0.16215697025113976
5a4fe30d4e8d4916,0.09915677609344103
296b414705e54210,0.10890549851960625
4e1099381f4141f2,0.09763481142209042
38d21b9516e84b59,0.0957980842764369
4f709dc5ed7b45b2,0.11296963473044751
b1422184a73942fb,0.19419982108169315
439a5b336e664fa3,0.41494097747732334
aaf80fceb4424c07,0.1675760967886624
ef526ec8cc724292,0.11318368557984755
a1dbd487ad724910,0.3741800719661996
cec0b9f2a2f14ff7,0.8552434128227759
4d5d4b376aee4c96,0.10559636036454034
29ba1598e1c24d27,0.07739801400391533
0ecd20c6e9e44e7e,0.1125419543171794
390436b5addf48a1,0.1328815419439289
cabf5dfd83644ee0,0.13505636197464424
ac834ee3e1ba4595,0.074432620488184
4543131cf5dc4619,0.24144315735025945
34086c8c93ce47ac,0.20301697363132337
b6d8d4a11b954a1b,0.11488897065717131
796963a7cb634c7a,0.1305587508042963
a80b82483d854f6f,0.1343861380375888
be8b73fbfc9d4b1f,0.22381986421472547
d55e95f7a7164895,0.26629267783798855
8fbe230bc16a4fe5,0.09509209368145854
05e6691f3ef14527,0.08523845538567218
e1f7d8a5a772467e,0.2589834793829827
9a3608ec667a4234,0.16367475795444908
fc52d228e7e84488,0.256527105409566
e83fa63435604032,0.07146423735980496
094cf2b965854e22,0.08121819105914105
bb16fa1a9fe14cb7,0.4056648115511226
64cc0017d60b43d2,0.10377626719699543
5573d6e2dfd846f1,0.07696931289176397
3fff2444b28a4efc,0.5868572131340032
1de3d708d0314955,0.06223885567485364
5610311744c54f08,0.0823137258768553
8603b7abf7484748,0.1444488527279155
6a8bc1e72fb945e8,0.10173933349126016
af19bc9d7725461d,0.2132656600008578
bb716692c5e148ef,0.12172410700311743
9590df15a52544ea,0.14858977055585865
b6698890e36c4fe5,0.07079817809716926
d571d692e4b94833,0.13644684822037514
15a464758126404e,0.13683359892263197
aba01ed28f65465b,0.11108658190702005
9480b2c1280c4d11,0.13793726673150603
b8d9174b06b34fdd,0.17248058531746044
8859d59dbaa3460d,0.11027408836433407
dc520d44b25945a2,0.1013510363436435
4db9c8b833b4433a,0.13590932439344122
35fb2b7e6a5e42cb,0.06707155734310026
cbe1c9b74484480a,0.2476742096056478
0e3397ec91fe44f5,0.20700284409125297
0ab9b19a64974463,0.14976281062182936
98c893a661b248a2,0.24224590724015244
1c8946a8a6fd423d,0.7573109243054443
9e8bdcd942d64f8c,0.17968097082590279
02316350b4594701,0.14404667592615095
a47886b54c3a46fb,0.20808125543545766
aeba7216d4c5425e,0.16837042684218545
2fb4130bc1aa42c7,0.06926010398596187
96d4e4f1a94642c4,0.257647698198161
b042ef79c133426d,0.13492663978789707
a14ecc9a68654c76,0.2127281006810324
eeb347f28c624872,0.19339122000782055
6c0d5a51d68d4d21,0.6469485568044235
d006f548293743da,0.9290851900198098
902902aa2daf4610,0.08119535465394297
e8936b6f55ee4277,0.08302764482393642
1afd0796c037465a,0.06012294822249528
924ce447ef6b47f4,0.3354337148483209
51f1dad5554f4a51,0.15578664557743957
c6780c1911fe40a3,0.08794326568006065
223a2bf49126443b,0.5777406572315232
38d9501f30e54338,0.31860092298475173
04423112f5a54ed3,0.1319920125371974
14131ee79f55442d,0.10732985063918116
35d0aada04b84ca2,0.11120746868897298
c4fb2c76c3dd4ea1,0.12228056638407732
ec1a8109bca44c99,0.12015939583362922
a8972f4098934400,0.7880872474504647
17985fcfedeb4599,0.08763804492154996
c7082b7cdfdb404d,0.661994425433159
9ae0032f47734625,0.10975205773153267
4deb8d223e464fcf,0.8878117522929696
9eba0cdcd4a54ccd,0.10265709649986461
397677ccc69e4dea,0.7595571193929022
5b1a0b60a27d407a,0.25912286850954824
76cb3d94e55443f8,0.16562467769995007
79c90b7396274e95,0.7990476912343982
41a3b73a94b047c2,0.11425113176430574
30733c67d5204506,0.12253708976413209
d6eaea17f72d4ac6,0.08299937557908299
8fe6cebe4222440e,0.13171849158586071
d108806e02014fe9,0.10911457130524095
423488e83a5c47b3,0.11483329917159023
a75ab36e305141b3,0.1188932198014015
88a0210c571448fc,0.19936798754705237
13be227ad5964440,0.10674215018803478
81b2245e63c14b0c,0.14208042954824188
5b22454bc8f14b34,0.15415449012689433
e26ed252c0394023,0.0839586395707908
d226bf2b5650436a,0.26312864405671454
8624d139e4804e3c,0.32720885586963483
af0eddabdbf844ce,0.08987176887451032
29b45b6af67a4ce8,0.10301541853657821
e2d78e40a0164c8b,0.12871875525997417
cf535ab001c14db4,0.0827364292259208
c63a69df27a44bc2,0.14261784232152291
d084ea26c8bc4aad,0.08690148918018267
2d71cd2d36384b61,0.17366880804224044
1d763b0e736b4297,0.18714900430310094
08529628855b4209,0.6585836743582871
1464dad7c2184595,0.0853029395388677
c7434be488cb46ea,0.10788519445830716
992e0360274848bb,0.469101719535948
65c76071d8c241db,0.19680098711044977
698484a8184c477f,0.11259933074208552
a8fed69151bb4f21,0.08756108662211651
949c0ec60dfe4117,0.20405443469987072
46bfcfcc388948da,0.1606216311480056
c76c07c5c6f74e24,0.10410301726306324
4f8939a6ce644df1,0.12115449459178074
85bb31af8ff04f89,0.1965005143774387
80e4eb89a7eb471b,0.1641205496795336
de9cac67bf3b4ac5,0.0969868859134423
7dcdbafdaac74de0,0.1176410259108099
12291e0faf274cd7,0.11730704505846518
681d08de52904c42,0.10300207301895564
c72613d0a36d45e7,0.13281329116693977
7ee531b076504115,0.7640803465617428
9f7c23e8c0df45e1,0.4332728665764366
579b9e2650fe43c6,0.5526894949413147
68f5e3745cbf41c1,0.11217869548436137
d23f871f8e5c4915,0.4704650747499443
aeedcbec2c624a9d,0.4016264845153798
5cb255efa7d54045,0.11249255958947701
d40d5f052eec4a9c,0.08273706681705989
0c4924b3b90e441e,0.13129094547222522
5778a3dcc0f24ee3,0.25898638935051543
54aa8414638d409f,0.10377914413602693
9575c3d992cd4a81,0.18380851289400144
0b60423591bf4134,0.08929163187378818
2025be30df46449e,0.08016929204423755
f16b1a4a5a254358,0.0855996814370738
f2946737041f4fd4,0.07612511473844588
c4419d372e6940d8,0.09098291062748062
91a936304f054f58,0.5732075972854216
425242262af54f96,0.1255379107533409
0db273becf754d80,0.14954474093423342
766fd3494f234ab4,0.1279768992187007
d2225043c86845e7,0.10025522268146829
c0a8267cd0be463d,0.09342045466365755
70425cf165324156,0.08804927508695083
9b8b03170cc54c0e,0.186899615794326
e192ce9641034ba5,0.11831473558301775
142afa1f1cf64f5e,0.2409139802425796
5240c74461054178,0.10124334825944534
ac1c7a0bb7f34c77,0.09453744424681954
b80065a19fee4aa9,0.12195329733505789
a7e67059b7004e5f,0.1153514596332779
cdb6e41df80e4aa8,0.3709714999627246
aaa9125a75694ff3,0.5499887791695603
4f55486a2f3e4be6,0.09952691920196283
14c6b5ca77be469d,0.44699127480851636
d8e96abda2a443ed,0.12998889287657095
bd6c4dc10c904afd,0.16018376778037235
8e8ae839fa2a4739,0.08488681778695618
e58fbddde58f4624,0.08946225175663099
f2c732ea4e984f45,0.13799081003968078
3029286503014d2c,0.1813271274890567
76ce698307824f7a,0.05278651345972508
7241ac143a204744,0.10403917001512702
e1b9fb44b41541e7,0.2439427050392671
ea7c36f2b7014333,0.08082687961091514
256fb851083443b8,0.19691626058053405
cb5d6d7622d549c9,0.8020899981924238
0e9ee226dedb43b9,0.0941352188789344
81824d0edb0f4c02,0.16719989361224136
65a07b464e7648d2,0.1858744886717042
faefef8069a84a52,0.4538755397121668
03da0757c4704014,0.7230790232657551
c142add7924a4b1d,0.1446593439764651
56fc899733614af9,0.14885860118087482
414c350dd7c64851,0.10194088111590527
71c6f4bce2364461,0.11178763010972356
4b26ec63dd6d4d0b,0.09525802985474867
07168c93af154d1b,0.10334088415482977
2468bbcd4f614235,0.49928428622560633
2be963c64fec47a8,0.34090114929288945
c4553dd66fec4f39,0.1522472596892459
80b7160b9952474c,0.10717440156081486
754cdd30a40e42fa,0.13512522997829113
1142d933971e4399,0.08361378145778536
1bba6ee7a6db4ede,0.11025135645124337
0818db807ea24444,0.48248005091471474
8b4a0843f62f4328,0.13680208941710748
4cfe181790f842b8,0.42690530087371165
d86b96ba4479479e,0.15567838803452272
3aa9003d54734ea6,0.5441242823550422
aec1eecb671d4542,0.08897404441205255
d2b56a7f825641e5,0.06148192689351594
f56b38e4c2314070,0.6472054771958908
b92ad94512434539,0.10002601886077594
01d689615ed14d24,0.183404743498464
4d5aeb0a2a094af4,0.0856866092335432
4829ff25ce6c4e0b,0.21838790187110932
fbc87b5419d64197,0.1853710928785035
af35124d11364cbf,0.1862860396183792
201dd624c4cb44f4,0.432237191427485
87f5025be31c4ac5,0.28299227712973135
08459a8c0d984293,0.3487065086363015
7ef28d7e64b74cfd,0.1020892412906953
b9a255865d474ad6,0.08058329559132572
9c9e11e211564d68,0.24871820534389652
bc11a8c494974805,0.13213826732554473
c1e299b1f587452f,0.10576033070084977
761c304601ed4c72,0.14496188468637577
b77451b8e18d4850,0.11265820382496355
9e45d3a0f09541fb,0.10822148938818213
c8d8f54f6b364657,0.11992351824523227
c575bfcfdbb34367,0.12652673772432044
33710f07e2ae4463,0.07438602145719714
9b8944ae80204e58,0.08549352007141187
183cfdc251a84b17,0.0941453837036181
7fc6c43c3a334017,0.10327629433706395
10221c39265d4eda,0.06556098119657826
8663ed8a2df548df,0.42465016481908924
66d40d31806b4ad0,0.13744258670230186
a58b9a4319a948c3,0.12157814577293967
6dbd74b5f37b43ac,0.115435364121001
6b06d659bd6d4211,0.15780833793230095
c498831f159f4471,0.18630622280084777
7505aaeb761a4a12,0.3198833229175039
4a282f071cf049b8,0.48827148967173856
843db056874c4943,0.10048017777407117
0128997764f44fd8,0.14151612862757648
3240893def4e4c91,0.18606406132082062
cb6f95a8fd7b4dd1,0.5947455179520106
58aab81689d14874,0.603758923899856
3977bdd13aa74d86,0.18683186046210284
5a8e5bd879304640,0.2513929689240793
f6190b7a097143a2,0.6870206300838142
35e06a1cf88a41a3,0.1265088134652621
f57a410ef5e74686,0.09693947779184339
36d0eff7d2724beb,0.2145342759145255
5d7393a1572b440f,0.13194047711340146
79852108771445f6,0.5644135213705727
c185ebf4428e4961,0.4137021752029407
c04470a60a36434d,0.10102212079385907
01c0496f7b164ad4,0.08095186054993778
7b253316c5104e6b,0.1638970387230763
35efa3e844494029,0.13325330331457547
e77ed5c8352f4417,0.15054500297166615
66c4e37afae449ec,0.14863303679803963
395c9744f2ed460a,0.08428346037668213
e6d3e2dea16a46ac,0.21116041198479016
c2d2075abe4a47aa,0.09346227705385715
b39bb39a479540a2,0.16902675251618723
61b3408403314245,0.1053585688001543
91d47225c8c54a03,0.18060177128334048
35093c2f80424532,0.608889241867562
c23a6b26cc0444e1,0.5777837081905861
e211a8ce9a8240f2,0.10531128239984354
2a46ebdfdb2f41a7,0.07873167399662545
fa15fe61ff2b4386,0.18891814932531095
18c225ca14604cf2,0.2678300302543894
df2c6122d7284d21,0.1030853272068993
b2084d13db4d49ed,0.23429831960529957
8d5b5eedc2264a6a,0.14546065253397164
6cf1a2e649e84d09,0.06647787230133316
58ef5aa1cdf64e6a,0.07523869922368612
fca35b0788344511,0.18399173425160578
ed206dc9584049d5,0.06892346890908556
605336be685749a4,0.16080354993539225
7bb25d7b21084f3f,0.9529286547088619
c05c2563655e4ff9,0.09726770267260242
f23ab03008d74bd9,0.13866585300182502
bb185fe8a4e344af,0.30557119912205327
f63bb66631374e20,0.824933448420973
e0c6afa7bfd04043,0.13608232602588077
14dfe94317e94116,0.3603604208341539
b14cd92c21d14008,0.06384005361359844
4457a929375448c7,0.06477308119860209
65aafb2b90ca4212,0.09307653748490094
2f0de3407ea4450d,0.41466862013309336
5bf203a4ec264e8e,0.14539644255397668
f95ae3c6f2994753,0.14254720776348734
9c3eb07b5be94d41,0.10101814106778344
6838e8bbe9fc4ae4,0.1347680695989073
d45082c4350d400a,0.3903993857568208
7b445b47c02b4e9e,0.12003750064906708
45d9f1031bee407e,0.10956811722007921
9c2014b90b774d8e,0.11890988413703464
8edadd8218424267,0.09979630461913278
ca90ac634e394ec6,0.2567842225969867
ebf3a6966e794647,0.630567113237827
111f3ebaa8604ac1,0.13097759894502492
7e1516564e3d4d23,0.16748490847551484
5cc9741bddb343ea,0.12916760975406608
22309beebd224679,0.1994951472609286
8dbc47e3790b4c75,0.2790419940421575
2dbf611111e54a73,0.46133932379122694
43d2c91faca8420a,0.346092014258824
f15075492ac848df,0.06920324890102587
09b9668339734b37,0.15926403628040883
3e99b713240e4a01,0.21181162250798133
0a81082ce0e64f95,0.5650608009643096
733fd22fff514488,0.09500459028523821
8bb0e420aa5a48d9,0.1364672511834356
9c7650bb97b14921,0.11113321101999622
7813497dd1d84eff,0.11771970331227855
f8fe4eef32034b61,0.20279595296948627
27669d3dfce14efc,0.07642455735066447
8b927350f2444168,0.0836910411221203
2bcedb57b87e4715,0.1112553276779453
f73630ca7adf4236,0.07091479159939633
ac3566049c10417e,0.08087324385136836
09ce9f2db2a5481a,0.9090637352751315
8e19033accd5433b,0.2913036208156048
7ebdfb1ee94049ca,0.08495711617510025
c46820e3c96d49e7,0.07238597823469418
97e76c580f354907,0.09373550836242074
069d20365f334b1e,0.10527584603949953
c1c18cc92af443c7,0.42963251674242664
94a1f7dc99064267,0.24332368225097056
92e525c27c0f4e04,0.06488958779228451
ff03639d509f42bd,0.27085617778041926
d611855367dc4944,0.15328078617744154
71a7177deacf4e88,0.6450904190638888
886f657809df40c9,0.16552528649527987
4e05b5392d074c90,0.09340274890137715
b2b5f7ffa553493d,0.5213228763814076
a95aef074c2d43b9,0.3898823174622564
7682303a76484121,0.09527325141834969
53540a96ec224fa4,0.1790026482118556
48754339142b4ffd,0.5732424965291475
783937aa2c724c63,0.08294751363361716
b31d159cc91f4095,0.23002981029843383
2e573adb69664982,0.1835534819564555
977300b097934cf5,0.15659984383690018
15513bb03ce84a00,0.10958472390229708
494fa461575f45f3,0.2690955824019606
313580b0ddae4c32,0.102157542029341
d40b468cedd94e84,0.29130634140280337
76ec957d769f4e3f,0.23219832779286387
d38673b4c5ee48dd,0.11857420733761019
588b2021f7e74203,0.09623176069656664
4e18227466bb4b0a,0.0642885808127216
6e216d505ecf4ae1,0.13567707128363513
ae760055a2ed4f6e,0.303630266487914
641119fb3ee14201,0.09725508401345169
424b77f4fd4b4270,0.11838047362090855
f758eed1b5114e72,0.1964731131184845
f537f57b6b77404a,0.5113349036475975
d29b097ff8b340ec,0.13135269247581335
0bfe1dd8f2c844fe,0.47869755591427626
550ec98d7deb44c4,0.15690204884445183
9e89df04fc2c483f,0.10904526607569168
7af1b4ad22234c33,0.10096047258617695
9aa32a376dbe4966,0.22564667194176188
6e0ded35f19f4da2,0.18862359486341068
bd711edb2cf34d7b,0.09042083742790051
cebbd028dd2d4f84,0.20880323117325442
94a0877307c14f90,0.2271739971380091
f2f37116aa7e4a85,0.073031289438343
57790d6513a1429c,0.1465437203559109
066f9ffc0656479c,0.10686038253862398
16ac0a34b2a448d8,0.20824918531586697
08ecf5c242aa4e2c,0.2756810459995835
2dec02d1d1cc4851,0.0945751905450582
e5adb9f88b9846cc,0.1172900462143599
9941331bd34545fd,0.14868403712658126
149dd825a5794db7,0.21955683114110625
58e4168f4f124f7a,0.2513542809989157
090dabdd30954aca,0.17712899538357715
d9faf1c77c0e4b31,0.10027358396915263
2cc89a96a0c248d1,0.18243656614862994
80bbcb0e3a4b41ea,0.09017846850756599
d5ebcc4010fa483d,0.07879537433159446
00b51d3cd75a4516,0.09008324215934702
da39bb27186d40d8,0.17733300663785187
a452b17f58ab4aa8,0.3803505602400169
070489114f9d41f4,0.150042085498741
37c5b9f5366e4074,0.2090677998320589
2d189b57b4764f24,0.25705882783233763
2368a57e8c3d43a6,0.12513694639610784
b1d8704e5abb48e4,0.16482733156271132
0ad1993f09d44471,0.20424159223256796
134c2bbb2db34766,0.14929634720008333
6893d540840548a1,0.07377921884808829
feece496bec841ab,0.3622046150988279
076bd250f2e84392,0.24260125059114238
f66b673321c54fbd,0.2318506485891406
896c6eefe6f548ed,0.513023749639994
c74137e24941447a,0.21816771669456156
8ed113525854438b,0.12099498703742154
9391b69ad48640b9,0.07570678467417338
57aed580cab34985,0.11467148228907528
90c8993a6dc049fa,0.10380952380786478
aca7d4c2e48e4fc4,0.11658141006792515
166f023cb2bf49b0,0.25940604587745514
646ce879ea6f4ffe,0.09432259511880672
416eff44a9a04b0a,0.12191668250086081
6dfd7c41f1c74a98,0.08094314086742545
a176be5bcf1a4b70,0.10254212602879288
b9a8ea98b8db440b,0.10177726004092243
1a0c3f33fb684113,0.11755550961264488
e932a431d3bb466f,0.12037496127176538
95005e96761a4a29,0.08158919935451996
5a1d2ce9f476480f,0.1416247002322537
1cfa4c9ebe494a60,0.08104331335583252
6b3fecfe99424ffb,0.6267711007156299
636f2674c0c1443d,0.2068485626437246
993f068b360947af,0.08863597088867906
e60c253418e041fa,0.13113250034448506
d3e5237b1b954fbd,0.16942361212351714
f5a8dba89f344204,0.20813151895370421
65ff588eedcd4f39,0.4358885448378508
44888c7955224eb7,0.15688354030973625
62c04df6c4ed423a,0.25821558010577433
3bebb8b032614691,0.19450552526519738
339fb4a8409d4465,0.10790671263997811
e6ce167cbd134e4c,0.18482222684142216
fe7befc9f5e24627,0.07600639377890768
1cb295ec40434261,0.23837172403612059
92b4fb919cf64a64,0.08326803819098688
56905622399a46d1,0.09268304256490421
6b8cb443d9c046e0,0.2467639198117497
55abb25e5be0413f,0.4438468128035428
476e788493c64c47,0.12014151645692442
0118b09ea01b40d8,0.3499783318341447
57fab9ec46f94cf6,0.24431660591756674
f284c632adfd47e5,0.06482989155351727
a0f3f0b1a6d2461c,0.13177149992565668
cad17f17e7cb45f5,0.3606889337289761
c7479cc7f32c40a4,0.9253169090043621
0b8c1ff3fa0849c2,0.28857935888415437
3c15004039144eea,0.1089211233173946
119543805d134f28,0.21373365082203535
8f0e754aebc043a2,0.32740745218801276
143adfb3bb2447b1,0.09190559459005654
a585deeccd524883,0.2107151362698236
24fe3b4504374a40,0.09027839655403329
68e5452a67204860,0.16310675178139672
5bc70b07ba054c59,0.18310101316001756
cae8adfba52b46e1,0.06805835712151864
3eb1feee1baf4499,0.11619402200160207
5de350252b3b439d,0.5912698335114631
4802e548ed514e9b,0.28949989178074875
3dcc09e2dbb64447,0.087546011681691
342eb3e8c62c45d9,0.5525029798631547
6516bf5f11a74cda,0.14355236085856923
e20df1eb1af14196,0.14731978426429476
ad355d84974748bd,0.20968103579890596
9d5dc86b0fcd4517,0.4570706992091829
b0ae2c53cc2843ac,0.4099817492365162
047776e177024082,0.7542918537225274
01358e83cf534a9e,0.1444733339698479
c0ad8df100ae4248,0.14700534441571106
7e1a1f8729c7497c,0.06349339477119106
55655c8997784e5f,0.043242285023568236
a768d1dceff1480f,0.08623279565277082
c86f181c828d47ef,0.04890346539331002
93156fc365d2492a,0.07247352788305622
cf793ff772a44b5c,0.19899295503333006
ab4f3607e5494de0,0.19360792207859065
0b678a89ce424d9a,0.20630987333612535
45e93e716db84131,0.6267080692149457
2ac10bc836eb4b62,0.36835350047206095
dbcd9fc0833e47c9,0.14212305248951082
62d8773337f14a4c,0.2226721715551069
190fa691dfb3481a,0.574306578148919
234d66d0ee804174,0.16604029064679082
56e9ee0f1cf048cb,0.25860488730502584
f42af1a5a69449d7,0.4421453084584693
cf652961eae74ffe,0.5063079378644952
6fabf6138ab64f3d,0.0692431555398315
a4f6d15b7dcf4318,0.9033246210262498
e126f068925d4662,0.14004270004582886
3413b90a90854b09,0.12103377251371912
72c568e0374c4264,0.14176195587730814
750edf1441cd4e30,0.07791715263354937
89360df449874161,0.2053733709992082
9bd2647079b943d0,0.4160968926253685
7ef0ad1105a34dc0,0.11684032610155817
695794de079f4a7c,0.17996193045349398
9.31E+15,0.20281754313394648
68a7a309a8f84952,0.18850701336100964
abd7932214fd40c1,0.10365912681267006
b9b6d39178f4499b,0.09017531319581346
e9d5596672b54a0c,0.1544244385182996
938bd6b5248d41d7,0.3614043277007388
78fe87e65ee449ed,0.08082325114975494
c130c72ce2984afb,0.3459857054538213
106404cf8ae443cb,0.1652416368449638
57ae713bc6774407,0.09110659725750596
d3d90c5fda3a4c76,0.12114425751098275
29615d2a1fd64486,0.4361406505378154
54e79ad5ea8e4882,0.09621263963838182
8ef2befb77874f35,0.42998287976713745
1d41de0c380e41bc,0.1258219575748432
885705e45f3f4368,0.1207014167608496
888ae4e775b74330,0.0835155081927664
539bd69cd8324693,0.10620176485300312
0fb557f41f2f4762,0.17937874068798093
cdd38523bd4b44c1,0.32087912638952587
136a1660e2584f9a,0.2493407097006145
2294ddb27ffb47d6,0.07199628041971436
54eb38691f234c71,0.16109131296796123
5f554422ec014ed8,0.17411077897878055
df81e4449ca4492a,0.20633060025605526
c7a90d0478794990,0.14717082476784552
e3072af656db4590,0.2449016522791648
856e5338e7324dab,0.147548679400043
73e4a28d57d44a6b,0.6021126481401647
dd3e090804d1498e,0.09983465988420612
568660560c724558,0.23056712296812612
7f4dc4008be146c2,0.14802248847040558
a58fb30fa643400c,0.0785302341720221
d9fac2e336c246e2,0.15445195455676816
48ca1019649a45d7,0.1254221960800071
9d39a3b5928f4b21,0.08206214641868867
4319c2bc99d04d88,0.22944981801682332
61b28354cab14781,0.10943533080809459
365ecadc2fb94905,0.10873705517593021
7994176d42da4990,0.2067666806893306
eff6345cce664a04,0.09011551569989201
ea75d82ad9d34894,0.22700576670580938
e6a962ed8d554ecd,0.37342244429414656
5a0ea5336d424062,0.0830888981265613
ba9060285e71410c,0.5042969524334061
c8c84f5a941d4d8d,0.10270486740709941
9cbfae73aa8d49e1,0.9170835671948553
bc035e3d6fac46d5,0.11202329278099432
c8c7cfa46c55408d,0.4548321538817215
4c6e669e9e404018,0.11400078414909205
399a7f5b18e04683,0.11319600187405054
60973a08c6064a42,0.11530631323127577
8882fd64faa64fb2,0.1036880407423982
d54a1220f076453f,0.7223390914117078
84dac9b469cf4fe3,0.08368584972650296
31005501f3c745a3,0.12459051154111096
018e908603b04834,0.10073957799240497
6234fb57234a4ba1,0.19813339014552622
ab7ab47fcc8a467d,0.0981998513594636
4056d27dd9e14bbe,0.23669284484892328
8e728079dce84a5f,0.14325234030554182
20ae2d4e357741ff,0.1447586003639632
1ecdd901b78841ba,0.09984668214367969
9021e38f8a1a4107,0.8244444443542803
5d4148f1ca3d4a5d,0.12452067583458662
835f2e4c8b434726,0.2288893926076866
94e371d7e77f4889,0.11021197829446157
4a4cc78702ed489c,0.10802583339744637
dc0cdd01f6f84dcc,0.08272054017050576
ba751c98772e48e8,0.16269386448223197
7844b2428f434a3f,0.12617157422427558
8bba8fd6d2e44013,0.1008974706846968
dceef1d350324ddf,0.4155831713403517
376ce05ac0664bd1,0.12851408489918847
d0c8f3721be7468f,0.13221434027785842
bd6bc725fe144615,0.4186463424316319
65c8c7fb961d42a3,0.11247337620991128
351728febf0a4750,0.1427604203894345
61111891b42b4953,0.17797064127422052
ab943013b0bf42e6,0.10773118776569522
9d8e515c67344a89,0.47155852467709275
2db5d384c0ca42c4,0.23446978754892925
d717a582a4774861,0.07486564958875833
7bd555edb82e438d,0.10162971732087436
7f41aaa41d8c4972,0.10132875076889358
0a083cd4d3694d94,0.19279319074462373
328ca3c11abf412c,0.2591145053119302
8fc57931990643c7,0.15796567065221268
2d323d4be31340eb,0.2970112923279093
4ded504c889a43fd,0.17574123165888786
5f067b732cb64df2,0.07338961027335662
bfcaedc2acdd471f,0.09344872660294119
c64293f840cb4030,0.14740753986300725
71554da8f8da4efe,0.31453981754827054
ee6a6d38aa7748f8,0.08169588664348185
8976ec624e674587,0.11520288379505589
b9ef1da0e62e4d42,0.13080737136284742
02c5ec5476e94cad,0.36958850384100617
67368096bbc645e8,0.07114041108234742
2fbba484246b49ba,0.855085243156022
0a25fdbb1ad54c5d,0.11220912184225841
5788851376f8428e,0.1653543275790991
033af049870643b1,0.12565177122162488
85168d61a1e9416e,0.3324040694277987
638f850d97254955,0.12454274705895094
ce8b1fc92c124509,0.5458779254927684
88ab65e282874fbe,0.19740284810515416
5c93b081e0034456,0.1574000692184627
cf38194e2fe14941,0.5908297846663835
2bf2d0f4e72d41e5,0.17726425750821223
2d1df37e17ad4d4d,0.12103520466031338
fdd82c325db840ec,0.25459116205432564
a7d3252631d441b2,0.20924359183462612
136cc3e1d6ca4c53,0.5724288665172256
c575b5ce5f8d4f4d,0.12876958505656902
20233905445441ba,0.0798780294377165
5a00fb0d62544092,0.127578348969865
d72437cf2ca44ff0,0.10156853430325481
d08613d0a5354867,0.38491908609665754
7132986489b4447f,0.20552680981533805
a570a6b7adff4d5f,0.15648443649978658
5a447ae628b64b64,0.084423248801952
f13a56faa548404e,0.15137163676040344
1316fcd5165b4231,0.10634647631928298
f515e976a856498a,0.6186645602135584
b723b10a7d5b48e7,0.11771504954625184
0ad9a6de77ea45ca,0.12183216811318803
599227b60a9a441b,0.1807204287280381
517c1963b8bc4ee3,0.0871297109948563
ce90b336dc7b41a0,0.11303667619560963
8dca63b67b3049b3,0.20464284354836174
0e0f3e00e6444100,0.12037765334808309
eda7d6ae869c4203,0.09022866439125357
9aab7eb7c92b42c2,0.12923400677838276
54d79bbdad654867,0.2978035092932356
dd4536fdb2ce4c40,0.12241092340926771
93fbdeb2740942de,0.09180472894929909
5ef6812c145146c8,0.3128766880264387
3062cbf86b644a20,0.08317693615387162
2b295ef9d9574c23,0.09140293485242683
92a7dcdc27b74f57,0.09052853081191478
eda0dc82109c422f,0.1462381635151917
3aad06777f694a5f,0.18011716563584626
b4b40a01a94e4690,0.1259511728381939
8eb68b696ebf4173,0.15667584724503533
927d1d7cfba04bd7,0.5353433352409311
df06579f5c914121,0.07729024912398569
d5e7f0eedfd74364,0.3140160881702834
51f9d35c06384384,0.40518655028959083
739f8476e75a4027,0.08916230789408895
58c4a49ad9b54a7d,0.25419512246447246
cb97fa032d244eeb,0.1898392581603082
e3e01f3112c64352,0.41016350523354567
f42f473d7fcd409d,0.14657346965340975
67e09a98f8274bf4,0.07243975291260242
d768bab0c9454928,0.15343435503837885
39472477e3f14ae2,0.4611168176998971
633c18bc85a44f7b,0.6980055100268265
57cb7e99948a40fc,0.14391782402803033
3a909c832b3a4c03,0.10509208367185725
f09f5b7ed3714ff4,0.1663643141847926
9fe9a49e95cb4bda,0.35334933566240967
33fbc6c6fc924d45,0.1570660268934978
dcccb567eeb44dac,0.12785584638047526
290fed7273754764,0.09575134132448888
2627e397d2b94ec1,0.474775877729296
69e0299f06a145b6,0.1530694085647327
acb7b6e774754a16,0.16230685124917296
2876228bdbb44214,0.1038585228940704
e37b94614ba345c9,0.1779856862487595
ffa4e48c8381401a,0.09365468319022498
daf9ef67af054fab,0.18011711541898923
ae5e8622bdca4f5e,0.09945741424712491
fa3d5add18a34f7e,0.1308327820184014
bd0d7c5f45044b75,0.10108066651071079
abc1e2f6784c4cad,0.09115590668035065
78c1e7c3c01641e9,0.12232639727122116
99caa63b5a654236,0.10898741343623472
b32a79bbf4374e21,0.06549143012512658
48b3b3ac3c05449e,0.13775559830358272
1595d648c880495b,0.06242837726387519
5f8f14d7ab5b4a10,0.14517044667090692
0828c93c0578483b,0.09818294421470777
1a58a712cd2f4066,0.12948130670410646
cd7ac4692f2e4341,0.19273697854059624
b8a8fe5dc9094f44,0.11350410160094844
3eba5dc46a2e4e9f,0.16566985882808372
ace73d1b744f418a,0.13221646733938597
1867f35b19e64fa1,0.09691720626218453
d7a40f463cae4429,0.11812603328606956
38a5f79105f14009,0.8222778771798241
7110cfb54f3e43d4,0.1304819655504301
69b67de9c5e64311,0.132355819504546
ab89d075fc374d4c,0.12510988967394113
65e98f916f3b4b8c,0.6525925593322047
63194ad331d74857,0.16810145755424613
e716ff11fafc433b,0.3080414436372987
96a87fbdc86f4ab4,0.39335125774430274
e3717650dbb349bb,0.10023738499681835
6f32afc2782548b3,0.3420505195285355
fcfe1546afc44011,0.27107775683861013
8a31ca100105462a,0.06541842025373586
6c55c602bfde428c,0.10591295859624943
27a7d8180fb34662,0.1758644552169854
c45ac08116164f85,0.7040610275978473
163c00eedd7e484d,0.13683966028601707
8af833c1af644115,0.22688347318461863
10bb7c9523644057,0.5713235893344508
31cc30fafa814635,0.16993669108837872
0225098974794d32,0.06814332947153881
7ff80357dfab40a5,0.11621130089637005
d8fb6c9e4d494da6,0.12382132305194721
e97d7d5e0fef409e,0.10565741274150986
1d88164c60b34079,0.27654284403341817
7.22E+14,0.12871271748858434
fc52ebd53a5b4f52,0.19309388752704768
3b6ae29c51674cb5,0.08411526307236918
2b7f5fb7b2464ee2,0.5010347327326566
8b91e7daf2394ec3,0.20281193027638808
9d4e5f086d2a4758,0.1469167287899716
bb311e177edd4d11,0.20376458524938837
ce9009ab362241e4,0.12555209673736406
dbc1ed0a06b9479e,0.09307194174094664
c1589e7b6a424c55,0.9148034858076027
ad6457777f824676,0.8234969579529237
9099bf7f55cc4047,0.09692475236366356
de937393758145c2,0.08958477797438158
9f1814196a3741eb,0.11063617761918727
aeffa75c3112455d,0.7249234851935711
ec834b7a074c41a4,0.12072875917828699
b249c6fa37644d33,0.08492937627094758
49ba7feb75d44693,0.13521348373398817
0f619043fc444543,0.14241196264948494
d4c3e9b8644c4832,0.1464338211722318
d2627b28743f4806,0.21692475838018002
1280d21e1048455b,0.1756249145198575
077b6de52a19477e,0.21378602096428675
951bb37cdf6e43fc,0.16190130519680196
6ee4aced121a4534,0.08580045511553239
3bff51ec31df4648,0.2654275386270886
b4dea2ae3c3b40c6,0.1494413509727076
cacb35b8190d4aa9,0.08748527763173299
41bd0d91d89e4cf5,0.1405463407007029
06ebae14e6754789,0.2558975844662243
a5771f96f559438b,0.19367359071377904
cb9100b9a09b4bb7,0.31043318282323284
8005fc3322c44042,0.23211863867510577
d936d4663c614918,0.09958516309785492
a6d817883dcf4d81,0.10535368636588974
6bf337fecf254b35,0.5913353314290233
5f8ae9065d774f2b,0.09506518675503021
4fb5741bcd8246c1,0.09982427084946861
72c3dcded7274592,0.1632833445498674
b57f2c8eea7843c5,0.11954969794297099
b7285e627cd64dec,0.13737362771695238
6eddb057aaa24c4d,0.12000791007100568
5d9840e6e1d1428d,0.20700289890330859
52aad02ea2fd4eaa,0.32897861477599
cfb3246dfbe645d1,0.07696937648142732
43c4f5e50927482a,0.12449879670449267
62cb1a7e0bcb4f95,0.4862400216944542
ca56e87e3df24e48,0.6100452611182439
bd2f7503b6e648d0,0.26809199274635737
74bcb60b8e244a14,0.19130275504151859
ee4b388901f94d05,0.2144106041369564
a644216d04d245bb,0.17545390974802072
9e8b70f27b0b4dad,0.10035068961308076
fe7764042de04568,0.1003993829477956
fa44eb82dec04234,0.24691701116643816
11daba99e1414e44,0.17601091809598954
cdf79050ba4141ae,0.09326180013209757
09c58c59e2274ffa,0.5595900686342393
d9547b51f18440fc,0.39990264517043433
2bbbf5fde3844b5e,0.15802072731707342
71a18a6a1aa34761,0.1232016170048167
6b46c46485ee499c,0.15800489337821322
4caba7b545f04694,0.17213383748032104
ea71a23c8f764da6,0.08626641693969354
2b9ddc53f52b4824,0.2933432826999544
2d972a3524be4f1a,0.09636440110348772
19eb4f850f9a466a,0.08753690407041147
6b5fd6d7e4cd4c53,0.10087702426887098
857cd6be73904031,0.26815224435314094
695d33b6c3424b57,0.19117987861073785
a82a51028f464d1c,0.0961671554433432
9d7fa523f2544eed,0.3222833994390733
a42cb785867741c1,0.27229066772774024
12cae9e3f19e4b99,0.08120398984666664
7cba3ffe3f5b4470,0.13461537711043364
810d98fa615f449f,0.13035134912901858
31e789ac29ab4057,0.10666570431675443
e6ca06f039f94711,0.09049779569340888
a06b4ebebd74440f,0.15361944005823788
a5273df6d3ac4f83,0.4420536834109814
93a5caf0e8f54265,0.2655162777706715
66cc9a55d1a8458a,0.11590573552781386
474abf9069134a12,0.34036032879023814
e5072604e1314883,0.18282575215520808
99998cf22ec54492,0.7129484674946718
4993b58eb0604350,0.07466073180558877
83b9564fdd01408e,0.15428093380469785
8954d37ec1434af8,0.08845509983969295
bfaf65884ae84b4c,0.7744011530128675
3c734e866d444ad1,0.16450501536720186
1f57657b4c39459e,0.18494527958338663
eaa4ee546da64e2b,0.5330928034250614
9d38b6ec00054cee,0.08883706042586921
8e5bb04c47404252,0.18910609730474853
44e02323034845ba,0.08668186434009158
0b5deb72ccb042af,0.31223716045410194
4fa2548d4d1947d4,0.13184401633354617
1bf154cdc29241a8,0.17369000022157993
d11f77d361874143,0.17792417474332772
eb9d26d8010645e9,0.09540512760758511
4ef8fc68481a45a1,0.5452067881030751
a4a0081218764489,0.3455184344984618
cd9a7a13a867494d,0.43853269555009
a841484bbf654612,0.0848308542315914
eea8d6073ecc4b38,0.10815716351324632
ea495546443446b3,0.6181253145355945
ad1c1bd351924d89,0.07694982840092365
f29066df46d54bc3,0.11135212967800047
f0586c491e8b45ed,0.08449703892796086
9b2d0fe872e944d1,0.11728358141501939
df2d2e0c98554f9a,0.08854358054302998
a36c2aacb5604b73,0.20587803135825286
89de1f5a878141e8,0.12014434415661655
db6c5495052e473f,0.11768565296206529
d8af48630b5b482d,0.10945429475189578
2a6b48ea5c754bba,0.13152797065867972
b60d5a0db4ca4e93,0.3018231124615413
19760bc4bcbf417a,0.20787484781057528
9ed1d3e557f64b72,0.23488506399624756
0c9857fb755143fa,0.36679793869252214
bb6f478c19e14c29,0.1516128094316484
38ea259dc6994bd7,0.23050619950606374
4bb08ea724304009,0.12504267191776727
9b05a15bd3bc49f4,0.07908951250195821
8382ce6593b74fa6,0.6743760124668952
ec655dda598c48c0,0.08323510444777635
8594642b5d7a4aa3,0.19708298819657122
8e4e5c9cf0ff4d27,0.10257071008474165
b0cf773c5cd5412c,0.5087346351303366
458c83f0be6c4463,0.8483155253592223
2af23cd9077845e5,0.93088312793048
bfe7a1312040473a,0.6217304754234749
c86642fb681e4f8d,0.5141213377415543
93155d58167747a0,0.887199780876666
64f2bb1ba2ba4ea1,0.7240741886921126
2461dbd6314a4355,0.5523227146299048
c398c1c19f9447ee,0.8537034093707998
2e10d3b78283456d,0.23952794643380634
433ce916b9e04dee,0.7942745161042776
81e69cfb37d34643,0.932685365100995
cd9d8de101594b6c,0.7337740055377728
7fec67290ac643f6,0.6260013994681883
febeeefbebcf472f,0.9696720186044416
3a0514527868441f,0.5653073330629586
2b1b8df53a744d8b,0.5538789299664477
ffed551770ec49b1,0.8436064678537578
4cd57bcefbc5478d,0.808325380610025
e685768880d44f79,0.47334587536428624
9afbb3cbe3f4483e,0.919829607609415
39770e40418c457c,0.9148844334148396
da6da3ac588e4f1f,0.9490921141034847
d25772397e2e4e00,0.8445169605052781
a0dbb3bacacf4b05,0.9388880678731248
47e59564f9d0479d,0.8687764046694746
8b0b39e909084f99,0.8569840386430522
fff8c7dd52674a7b,0.8771154016001667
ad38685c1c844e3e,0.9594685483249205
285ea24164c4477c,0.5702778117131904
4674722c56bf4228,0.6713662243386864
44da26156614419f,0.7958396009213164
cb8697e801b6455d,0.4334858310250321
7186b501183048fe,0.24644152704976646
8ad4491dad2e4bea,0.4902335140208572
2c25262efb274f9e,0.8906413850752581
eaa4047153594830,0.9170206063418614
ede7659d96d645bc,0.6538916935592579
d951df78dfdc4496,0.6426480472276013
26f496b42dba4235,0.9174874026033316
47c197ede1f94ca2,0.19215301105769028
fc7554d989e74e4e,0.8751077667140603
7d4348ce0fd443a0,0.9774108590521589
1a6b680778f647dc,0.9753220596778962
a30ed2d939b248df,0.9431636351938717
45d6717c03434db7,0.360397969160371
ea45a172b622451a,0.14872463201197408
a2af17006fc94aae,0.3498326156034877
cead5dc795a149a6,0.7341775665475431
9fab0b53d4ef46d9,0.27083578441200884
9de9ea38be8841b0,0.9508269324481358
3e80ef2e33094a8b,0.9732365106069989
c4e77861f5244468,0.6681410685171533
34444c24785546d2,0.23717304785659535
cc0f45c9e26f46e8,0.2757242552748084
4b88d8d05b014766,0.3013768070636868
3778c5efd6854d9f,0.46838885740041325
a791122e9d574936,0.7453874051754181
b3d2b0c783a4492c,0.7649338583786306
c96992e3e7dd4474,0.8673121440366888
407974410c7b483a,0.5945637490808896
4d97455c003446fe,0.8268253519563228
cc84705e277843a6,0.267230745099805
efb8e71174ef4290,0.8775526745102085
eb8bce2d71d643d8,0.8383247248228233
585b7fda0f174aa4,0.9035101058337418
3570162838c24f38,0.8947986918884143
bd47ab2dee7d4a95,0.44498644174618546
ea55422cfb824194,0.5031031832791271
ddcc993ec93148e7,0.2558145298525155
969c525f2fe14328,0.1774525789285449
a9594a669d684925,0.23408888019595625
8078ce54cf964000,0.18246069428231357
8daf685937de4d58,0.8421840022607768
9e78605aeace4f01,0.37932924392755896
48a67132fa1341db,0.7711624647148685
74cb6d9546574774,0.8816527351257212
0c2098707db644d1,0.7941196807146987
57838afa8d0e488b,0.3458445289930922
563b164011044eb2,0.2309662129540053
a43e2173643f4f92,0.5407114948342585
c8a967863af443cf,0.2220848560605154
4383387ed74e4891,0.4504631109719466
ad9b7099655a4f63,0.7533084396725381
a2beed94556140e7,0.6589527128286009
de5fb1bb0e6e4df5,0.12071003131335069
da7921c8d0b44bff,0.7361117269575483
09659fb5571d4f79,0.16953066707467368
5f0a6677cae34900,0.9178154565800897
7e9801ab48d3482a,0.11144775603040975
3e535d1b0a8b4ff0,0.6712960324589067
1c75c7a8e5a14011,0.9359659863709157
3359386dfb9f4f3b,0.9474472473387369
d2ba218a888b4019,0.642353156182334
9a763a636e8a4c5f,0.6796388697288401
5680d7c35c8b4bbf,0.30016004786301864
259ca4796fce49ec,0.5077824855531244
fb8d4eb17bac4a23,0.7612587821358402
e62a1814d5464ef8,0.8616538488902233
fb6f06649c9644d2,0.49316072579223735
dec3c4705d554899,0.7490649416667413
5e8862a5c6d74665,0.4689687682356021
c97dde19da68487e,0.9564829412012954
088deb26444f4196,0.8300291024507416
cfc5766dfae64aeb,0.22908614834406282
d56b41687a1046bd,0.76875596218347
329ab5ea742a48fa,0.2353916956858378
ad1a4e2a61074694,0.3874758564965131
b1e369c985a3475f,0.6936298205075878
c3c7ed74da3f44ae,0.07321384217334397
f24b0a9c7fb84e0a,0.12400008293475953
ccb514fa11f249a6,0.5876360563081495
eb832a6b1a3945bb,0.32843741454677067
4a5d19180f024f61,0.4467646328043622
94b2c8939d3c4fb0,0.23791248271176
4b161402539648ea,0.5654423237536869
eef53b6b4b3545a2,0.9550989227504203
fa6c004d558c4a58,0.9577013205549811
838d4cc876874cc0,0.2576379106158424
57b638fec731485d,0.662835909905254
e6e413699fcf4497,0.6644796271640928
696afed412c94fc3,0.7894354398119541
ab4d547b5dc94dc0,0.8799182248813493
658077f35a4140a1,0.6664595803400161
480f43b1af834720,0.27811230253534003
1758323b32914d3f,0.5980598664013719
4085ad3d0cbf4020,0.4276938796458582
0176e597db6e4c21,0.8361439219122969
4da4e69cb25b4d43,0.30907629842701434
4191d5fc62634ae7,0.7801388630187872
f1c99ee8ed754af5,0.35212496077167205
5476d13a3bc04b36,0.48367500830900007
a47479b056564170,0.36592817736390776
d57c863a391848a8,0.2363972543975755
3026b14d6aaa4852,0.5643030927070346
173869f5f0e94424,0.5153348986418747
6d125da4d3b84894,0.6548053869105638
3ad8ef655a6c49f1,0.2266318550426024
2ba852c1b0884336,0.27868999462223526
54cd84c67c0e4177,0.9644040171485518
ce07b4334b694b84,0.9172650891037671
2bb1a9c5a44e4fc6,0.9094780406855285
5cc78e9219954355,0.27665387730574925
337a1e2ed8e64752,0.792842666250081
1bb963ba68b342bb,0.42332041242930596
80c49ea883994a3b,0.2782220314567795
59f688ba7f95408a,0.651691489508486
a721a9cefc324e46,0.40322302883331707
f4760d95465a40df,0.23840161425429732
fb3ed12890664009,0.3093444769191914
37e60a8ae3454847,0.11850061894480919
c6cce7aa093e41a7,0.8017843149242752
4391c1ab56f74d29,0.5601474749653357
c7cac12f53d04f67,0.8559017939514386
6a0eef8b75134afc,0.9213009324366885
8a126e22b1284e5e,0.6759937344234187
7a6c7c536625400d,0.8452282279573384
73c1dbfb41004d5f,0.7873240259036183
4e1a8676559e4c26,0.9727740599185627
9dbece63bf74434b,0.6252978829656642
44b6c461eb37454d,0.8586610999762043
6e392261dab84530,0.7810538377301816
8828e47647dc4faf,0.9807713759840794
0b9b25f4e6dc489d,0.8748988673941237
e84307ffb2454323,0.5784625066022187
d856cff17a5a4334,0.9491395279858907
b13f2a7b242c4ccb,0.8678368852270593
9b9210e908144f25,0.9124131802840251
9ed3f3c30c214c2b,0.7774570990051494
8deb54eba6d94661,0.8255743505125701
97cd2a7376364203,0.7516574169416018
96b050a307ea43c0,0.8693704871177756
ada1a633858141fb,0.5999871789686313
36129c9415a74a4f,0.6906684678932441
f463bde70364403d,0.954051729258602
076aa8a2fa5e4aac,0.4007071958041893
0c4696fe235a4894,0.4517741361563753
1635a71b1f2448ab,0.5375928900398673
10e6f0b4915c41d8,0.938025882126226
931c17e59708480f,0.8284615607893402
b600defab3a6473c,0.724216439890226
b20ed907b0984912,0.9355501169752253
7deed2e9d3a2473a,0.892642668201096
cef35e43457042cd,0.8753875860120048
da3beb4a5cd34ce1,0.6219398844806578
d048fdeafff54b1f,0.9244485342067226
fd6e4e05b98e4a13,0.27648223621313883
851c3ba5224e4a2e,0.9559622713393475
57a07684277a4be5,0.9770208325935055
87890b85fb7545ae,0.29855785317829103
35efac051e144b2b,0.6437382526409479
4c2da5f1f8054d7d,0.5088746201072617
e0e14c10334848fd,0.6225818636205385
e69909ed336b4132,0.3834631906171874
d20ec12e0d90481b,0.842920875061152
0e8a0154346d41db,0.8291445861214853
2e3bcba31aaa4d4e,0.9394369027014892
01c5dfebdfc44e4d,0.9519130674949776
5793df22f6434a0c,0.8804214810706945
b05a3fb33a7c461b,0.7743809530724561
c0ec4a8250a0437c,0.7283034933429567
c99e83fca9ba4bb3,0.7170080158518254
8e6cbada928e496a,0.9444187717285699
98caeba32a23418f,0.9364084116466735
deb7211de276430e,0.926524519284463
b7af77ca58ac4beb,0.6481079279039396
40807f1492c446a6,0.8653992539031448
0827a2bf2dc94d57,0.21743323097785167
62810db55da04581,0.5519057936933154
b4315ba552a64638,0.8834511125397295
d82a94fa881c4b30,0.8767299165926864
ba325d1962b84f07,0.8615262367149329
6b027b616c564556,0.8388130606444427
806a7f643fe94620,0.543221719536894
09cdfcf1877c4294,0.7669622150163115
5ee5eb13e1a14a0b,0.8429151329316005
365e88c481294a47,0.7390588072576866
5737a7a504784f9a,0.7133672417918824
e3c303bc2be6456c,0.29383662783565173
a3145b29ae6e442e,0.609857833001227
4480054745dd4d57,0.7934683934597562
e4220691d283451c,0.5221142228588797
a12eea894479427c,0.18313520468085095
c97aa4432b764e24,0.8782120564382532
65d8951ae3364f95,0.8796977297311471
57c6f91764124c58,0.7969260393060267
d30812b9df4742a3,0.9555204204531297
2f56ff303b464924,0.9682486728163885
198c671611b24ed8,0.16227215495908526
73bb9d7485094f09,0.3959259121121404
43d65e15b81a460e,0.8535924671652928
fc5a20ffaf2a4953,0.9326577664105324
6502ed2b7ea646fa,0.6379384002562277
977d80214111402d,0.1395038424182132
1302af39f6eb42e8,0.7450980291344022
a0b31a5441dd4a6b,0.6525936498625292
9d85b8959c094f21,0.15616443544741304
f70b4453011e4dfa,0.9488403044476642
e805bc6e31db4eb0,0.677036031103323
895a900426c44650,0.9413602310407619
85173e32b7d9457d,0.82011454460988
e316c275093e4dda,0.9221163170380884
ff8366e03d014e9d,0.9014807173028243
69f16988d46f4ff0,0.8395186121232197
c704255a5dcd420f,0.6413543761194295
3370f45330f7440f,0.45192221647753456
36cbb2d7b8a444b0,0.6005367181813949
cc34ba8ee0054ee7,0.7147419274372182
8ff49128a6f841c0,0.9415704385192787
b9544c9006f34061,0.7662065923422223
36243e6f71dd4e22,0.7654660933207322
206fe9ee04094fc8,0.7705921872194672
93b6cbd646164983,0.16829366317970756
e16e6257de204cc0,0.540002585257658
699b1e44f7af41ad,0.8751648893617521
dd45225fa03f4695,0.824774008573743
326a4c84886f4afe,0.7316682336570827
386c1dba0e91417a,0.7856494839563036
5c53ae612f0e4b8b,0.3245589247030991
f1c75e78d0d74a3e,0.3804424359651554
893a94785f19470d,0.6409527332233634
487275d4b4ea4bc2,0.957611380157861
ed58115d85644955,0.4995535780905904
1446e3ac0bd74af4,0.4208886819952926
883ec598f7154eb9,0.8598532628755075
fbdad187faa24713,0.8874067198746455
bb5c16f77bde46cd,0.8150754026990512
c858778338d24667,0.5880344058124657
34f02085b2b14d92,0.709730663098117
24ecd2e17b0a4895,0.5786380715111973
9458c7f1cba643f5,0.9082588189713451
0455334d55dc43d3,0.685407193611428
8213e89691c147a7,0.8717457116339136
b0c1a4b0ca9b47df,0.6027793571469218
4ed293fa4959495c,0.7992792991422828
f678f4db80584656,0.7050559538479463
eb3f9af069084800,0.6826439254006597
9a2eef84de104c11,0.8014606521620699
736ae308fad64e84,0.929235022757109
f7ea5824314d40b5,0.9459836219701433
cb856ca4be374fda,0.5029381711601887
c76788370401457f,0.6174918457660873
96d9a299771b48cf,0.2588427739159794
3fa82b0b999f41d8,0.9189190103094291
a6ad5309c47a41e2,0.6472233760550765
b8dee8cf37204a79,0.6390142328994318
42bf39669c4d4e27,0.3213043400686066
208d97a0e5964dc4,0.5824975184988046
6490efa51894415a,0.5447563036506733
3afe77d086214f0a,0.8914152813719788
7f95028a90ed4459,0.9628877523863845
9c11533de6164778,0.8168270475755777
1ed7faf1dc9743e3,0.5649835839893897
ef1278a5786445b3,0.7945307676879618
26e5296216694b55,0.6479040912182862
f64a102720294ab0,0.7840654081925446
28e6b58870634271,0.9465398469297551
6ee4aa0ceee7496b,0.6079052722177617
3b51556756c14b7c,0.47846760745842487
8aefb53ab73a43b0,0.7574790965115586
40ae23eb079c469e,0.8870919384193475
9967d7de1be1464a,0.7642075568420446
0a8b560d5acc460e,0.874529684441731
1ace26f2aaa24d20,0.9525096292146347
dc82f663bdc04fe8,0.1546838416973145
1d0f108b716c4b62,0.7377186699873698
36fcfad25c474b1b,0.6902044799711222
7a1e30d59a4542d9,0.6267382865666222
bdaeaabdcca042b0,0.5534294652774523
641d9a5756064774,0.6493936565808054
504a94e91449497e,0.585254136601987
42ce6cd120ca47fa,0.26166745480713755
a475eb01b0bd4e10,0.6316637039606491
0129a68dab1447f5,0.7777034956617586
a67b0c453741433e,0.8863496829745068
ca448875902e47c3,0.4612258712511245
4d109aea7deb4443,0.5508225298466616
2aef3b26e9b7441d,0.5288649114244104
7ee540df2dae47d8,0.8268382253728137
f3e2ff82093847c9,0.34407419726595234
ad20faba653548c8,0.6377496385981275
96e8f886fbb4455f,0.6314099334510168
19bbbb0b6ffc4672,0.16702757511375857
a4234d662ae742e8,0.5318140433070507
f9a7ef7847a54637,0.7494734352406494
5cb9468071374014,0.5808115235075639
55492281a29048cb,0.8797315016752464
8f7f898bf87c4bd5,0.4948223336558987
c514adc756904115,0.7996847473203149
df0f148e37a84b64,0.9409580333636659
011a7f9b1cad416a,0.2591969082494281
2ab927317d6f4469,0.7454666046001169
281cb3be71ad4d0f,0.629072311345761
a333b3531d334b4c,0.7948900930061232
448488b999a74c12,0.9219913923367119
161915249e3d4dbb,0.36514349094017845
e8a037b5a6eb47e5,0.16833875841897641
53b71e1423314c27,0.5808128699085312
df87eba7e6dd4161,0.6675924577580197
92f8cc3f54c54e8e,0.45804806703493245
26e412e92d35490e,0.8232374255018415
29d5adb62f074b02,0.5620490583644672
1e0b5ca90b314994,0.8348511405728456
e654bbac04744a9c,0.9186367971092846
2c59c4e153e84213,0.8981587550040665
34be4968b6f7480d,0.864902269812396
0cd7f41c21ce41a5,0.6666296219944154
4bb9884497d64deb,0.8835995599236112
82ff4c56d2f44163,0.8370254443404462
0014bd54ea894f83,0.8828031049457103
3a99b299306c4573,0.6366712863435953
e2e601c073114992,0.4825743916941023
6203ae0d9aa2417a,0.7119741272202604
8f673af7b9b04c36,0.9321175735342373
7950561e4bda4f81,0.7789288006561568
7d4d1ecaf6ba426e,0.7971514237716004
f349fbcef56746b7,0.7044114743497816
190bcc9f8a094d6f,0.9081414239981462
c24368edbcbe4a9c,0.9340085566576274
71b4cc6b94654e2c,0.2519776072567637
ba6bc61a039d4e31,0.23895594777879245
5bb06821a0de40ee,0.9205422825194803
7728836cc5734e81,0.3377730980846236
30b102af05d64b2d,0.5917469132117957
0d9ced7209ec4072,0.9337770519304908
094424b51cd04db1,0.4931828686251999
3b6ff2561bed4ea3,0.6471937058838007
a04534b347994938,0.35932946634988383
0f74c9f3a2984148,0.9341472744363046
f8933209cf2544d3,0.9453157927646721
7bf4dddfeb0041e2,0.8384166235983481
91b74dca6bc747f4,0.6043760869273972
f86944dc50bd4aea,0.8340968171677878
3326405c1a8a4d5d,0.6845354816174604
af4f0df942b14c37,0.9150908559992602
24ffa18c362c4f51,0.568024712892383
03845cd8d4784904,0.8700309931617942
fb9031875f2d4af3,0.8765324168870393
8e37b71ca3ea47c2,0.577221158605521
824f517b41434df3,0.5624004997422293
3f685ce6b3694104,0.20728295810592032
58f7d058c5f84cbe,0.854749318848809
40c01fb07db74c21,0.827380331815999
2fe3dc62a2464590,0.5217957831502079
06475c6badbd448e,0.2833023182640297
4ea79524784e4060,0.978324419790326
1f4601d2966c4862,0.4688598718040865
74a6c066e3ae4722,0.6035476890294915
3bb7a47644924cdd,0.9245751962218776
7d835050efd64226,0.7692197405637521
2a85280b017741ae,0.9454585456929604
a7f8fef2f0614f2f,0.9519534170631155
c2b94c7448324d87,0.842021771219946
868709564f4540f7,0.26106299475116307
176d6688613e4521,0.9565713911684667
c87f1141e16246af,0.5534075920260395
644849aa32cd4e94,0.7996147027253662
f4ec3d2198d1404b,0.5417963532480561
321075a98f6249d7,0.38406430794283974
03f3f614dc524d91,0.9818439882225286
7de0aa3e265540cc,0.7899975461535325
6afea9cafb4a4c42,0.4537696729026337
45b353e3e9a644f0,0.38013287898287196
76350a037cd34ebb,0.9465647179403139
d0fbb43f791b4341,0.9241544009069088
b0d9159cb8c24f4d,0.9518515857135234
a0da97ca48824815,0.6367912500733146
6d193ea191d149b9,0.2078356556321472
1dccbfca4a26491a,0.900754383847346
40ec896fabb24934,0.7068039595148639
fd5222e5ab82484d,0.4527939867209327
5817e0abc7784e82,0.1666501981716381
dce91e1302ae46fc,0.5856396305243156
671d2ef79c294f31,0.9539888493547638
7324552bb9344006,0.3682208668546951
38e9a985cc7b43d2,0.6097719695183661
047d68655d1f476e,0.20350454151890723
e01bac2069084d0b,0.6011443909594885
141f93c442d44495,0.741496707899184
dbe5589c8ba2441e,0.9033807344330657
b3cb6e495caf4883,0.7771559014412555
2ec7d157d6c74ead,0.8995985346447648
b44901d23c6d4ee3,0.9105311525066839
2acfc29768cc46c1,0.7971167186514212
5ab5bc051c074fa7,0.47076495932876206
f4354c5f26744336,0.7279418658916198
3f93c9f9b35e47d5,0.7228818430962268
312ddea5d9d34145,0.7470504167998142
b35ce07e6330496f,0.8582599035353786
ba544a6a7cc4442a,0.4658221626363182
b4953f66dcb54832,0.7035790011748033
fef483b229414d47,0.4260211852450566
fbb490d29d2e47fb,0.6946057631607921
3ab5e7f1d0f041e3,0.2785215144030789
dd49867de6064069,0.4596705850018976
2077ca177b97430b,0.89548520944111
f9d49d8e2f124a7a,0.8787075409004187
308076dddf664562,0.9146705021897897
cad86840b6bb4d7d,0.8532155405880333
ac5886b95f104885,0.9484580394030985
5054a831515c48f4,0.946403657868283
3ac3b43d2ae343b3,0.4429928207045455
9feba712f9f441dd,0.8693666901077467
d6ef426d59384237,0.592723306691296
cc1c5db6f6024c4c,0.9202836936218649
8fb27eb458f443a0,0.3750601602006427
035d8042a6b34117,0.8148459518342039
7f3a949a67434128,0.599259870612516
b85b79f9611c4517,0.395190252986945
95d72713b52e418b,0.3184064041212383
68899e739eb5494d,0.8791044451699309
fbb3d07dc40d4597,0.6421339348123852
3d3c388413ae4ede,0.7570890409646542
7c523e30ceac4d6e,0.6080388926880478
a510c50e06364bd2,0.34871139502246457
95297166e6db42dc,0.738264235316229
50e14b6525eb458f,0.7831547127378471
e9937cdfa148461c,0.09948227174328259
4f4b9fc44adb4c9e,0.9788504366382011
882d4d540ffd49cc,0.9064655737872573
07900e5de5c84de5,0.9153198981339492
b72db3961dd14d7b,0.3543802488634728
b384a22c05974ece,0.8919559054446624
da927ed9e7e943d2,0.854866595692504
e188647b66524ed8,0.38385254194523094
b1cf7f477f644b93,0.8388110266392693
d57d52ca4ecb4aed,0.8876339417179638
429d517f38ea4897,0.6230330830403721
5a3509c4db3e420a,0.5609394651668284
ce689add33ad48b0,0.8769302353421347
451d31fb598a46dd,0.37427764448544687
a787014736504e5e,0.6297703701289246
bf4572fce3214f3f,0.6608792484951249
a3cd15b811f34165,0.6066559293319463
7daee6f70f454dd8,0.9228613527651616
614877e699624e54,0.8584096572229467
c61b666db0e04e14,0.4657744981520948
93d7c4cf393b40bb,0.786749617085586
b73567059f2449ac,0.9439371978718446
b7b55786bca5496e,0.6922231013014307
a3151a45dd6a44c2,0.9248715236407682
b33d9dad0d6c44a0,0.32206342414207784
330faa7b37ba48c5,0.8581977543541865
8a780303cff143aa,0.7801464706817212
a0f7d8c1b5174779,0.7605950265604806
132368c8ad5f4694,0.6302208181431127
8654765ae7854e9e,0.7000955861511678
225002eb43b14644,0.617089056287614
af3e1acbad1d4aff,0.5024164806297149
078957f719cd4347,0.8108826140286629
bbd9524e38e1478d,0.5894854350262855
b3c260dd9b8e434c,0.8172413725124238
081d724bae9a4767,0.903385400598779
eb9c95186f024e9e,0.49268316008571467
15d95db232ae4a40,0.42676201162428556
68f30cc5e72b4f89,0.49103309079889784
9d2a0c90d8ab424d,0.9105772359770039
b9d378390c044b53,0.5816430640969853
51e5d3c495f4425e,0.3787298874479949
4f691e1402534ec5,0.5346201713958298
6907cbda9a714457,0.825016297905436
db0d094ed1984502,0.8128029974931233
76f49f5c4b794d04,0.7735004125460522
911c48fa997c467b,0.8483878450978497
1245dba2056544df,0.5084727941694422
8445c6eb7dc14aad,0.4025471602392084
e4e19115adde4b1d,0.2582496026260057
330a6f67fb504117,0.9579648739618679
e1a6bb9522fc4fe9,0.5405627587324918
3beee2c1563f4eb5,0.8869055220043347
1046739ec32b4679,0.8269282311812
9ed0c74fcd774135,0.296055878752499
31d57aa631874518,0.9633291109833664
02e6933f5aad40f4,0.42129385042594764
ab1e177d7948411a,0.22371725166752857
ce1178c5484e44d2,0.7374377784480893
59906bcb00db4421,0.8313933009325194
bfd06dc304544ee9,0.4649731761524155
a6b43cd7c7d34f15,0.7218756430541764
8942149ea8ec424d,0.3587681579397831
b2632e15957c4396,0.6826179992706932
58935adce0ae4df0,0.9517442506355008
bfde0a16337d448a,0.19041905068591275
f5852876853d468f,0.973722270341227
e41975d675e14c9f,0.9287247632417597
ce43053ebcdb4081,0.4104932150317176
5dc3b68593034dae,0.4331698665357197
aae3b26541884363,0.8609449592928814
a90fb699640747e7,0.49914099360421277
255d865edb294fa3,0.38524315689677463
3958ac6d55064fbf,0.9147748969957242
f7d55e57d5214186,0.33748784129105
e63e1c0151754183,0.7333566279173577
e4f49dcb67e44b23,0.49722164253107376
4a329112c37c45e7,0.8963414002696237
b27ab0dabb3b48d7,0.8895162427249986
0e38d67c915a45da,0.8400938896782613
634ee434cfc3468e,0.6288926188198412
673c7079493e429c,0.30970963819946185
5c61147a16284c6e,0.795483849565991
d6a4a45f1af44570,0.9711071888332029
3791feb19bf142d5,0.934638641464304
1d5e211859de4534,0.16353078864323847
17de6f3536b9427f,0.8752254619374751
7c31fb01e6e048e0,0.8172851449196333
f8e4a52042ab4142,0.47479342902668037
ebaf1dd843e848ed,0.7892984001821324
7dad5762574f4c0e,0.9295014669650825
2ff39d5ed40d407b,0.9133654157653746
bff03addd99f4975,0.5429916834473235
b324fb50456341a5,0.7520234872872742
b6d54282c0444ff6,0.17008148725112213
b502fe1fe2464a94,0.9735018258367794
2c2ec6f2c5064cd4,0.6150363079928067
0aad4786efc14ead,0.9485842170962134
d008cce570a84e34,0.22877734929248322
b248c4f014b44447,0.33992703950594383
5970f8e244834349,0.8631421902361823
105b2ee9f9b34883,0.7170029081162921
0349444d18d94f14,0.4694117764473644
20f68fafc79c4468,0.615941705381969
3677229982bc4f3e,0.704771805688435
5335890229c3499d,0.17648554213455067
9c22b30bf0724d6f,0.7212025261087851
acaf45a55b084e52,0.6927000191043412
0a5413caa9ea411c,0.16503940916006227
22f6f7a1e6d346d5,0.9475876131462988
0e86a92793f1413b,0.9370156005175316
60da39f925954fe3,0.4693883170263529
d82416c540fd4293,0.2944082538049342
17fb641dd29b495a,0.8628607163576004
19e57bb8ca104b72,0.9400007346108376
6d67592a94964972,0.3222963587966234
f2538ca8f5ed42b6,0.9191376065030631
689abb16b9ec4261,0.3653392264592285
51f7a97c27dc49b5,0.7326680315061979
6330c07a1b4d4943,0.9360123826677587
4395cf5ee6814a43,0.36118445447395764
4cc74dd00e2742bd,0.3702697406987079
52e98532e09a489b,0.5878130093308352
f32495d582664c64,0.5606143777765352
a3670132c3234a2b,0.9434715712825404
963ef4f312554ff2,0.8740780529781684
2387a5a9b2794c4f,0.4940929810701922
eca5c2173e0d44d5,0.9324105110510055
92e33cb40b86432d,0.7399083149250099
6c3ca95aa60b4440,0.6374146871327528
3659408b26b34adc,0.2384236558261456
72e1e6ec3911401a,0.7082727836750636
8ca5702586fb4f54,0.8056376244992056
be09ad0472164bd7,0.8665177712355626
65c675b1af8540a6,0.6211302997381054
1be8ebe7b2d74376,0.8536371172346664
d1044dae8b4746a9,0.6819506700580508
92b928a665fc4102,0.6884976900020154
b43108a4ca4f469f,0.6494231759385525
933f2d6cd4504a68,0.4323293258795067
a62a5dd54ca9413f,0.8789298914187748
a9538e49dcfb44a9,0.7116371774828796
a9b4075b021b479e,0.4040782981171087
c4d14d74bb9241c5,0.8660889646186064
bd4da9eb9daa4f34,0.9599500086170393
1facec5a33264b95,0.37579812278852903
20563ddf582d4522,0.3874614104743656
51a13b8074bf4809,0.7661574918744467
94f32b52bb8640aa,0.6354065672674182
80140ddfeed04824,0.35570771431665477
69c590ad414e4485,0.8424866427211373
aa621ae28a5744fc,0.8404338258032219
0af7ed9dd1b04fe5,0.6603959286037878
28f01835c74f4897,0.8033868791531015
a0c0b0b745824e08,0.901406103109103
bbbe147363c34483,0.37718539299988446
7f75a24bd2bc4e7a,0.3969417765395892
31a1386f42c14779,0.850800402441308
8c52ae0fecb64486,0.910836556371719
14422089c1cc462d,0.9621398515232449
a7ef25f1ac844f49,0.3450553116253105
0ed2b903ee2646ea,0.5340467754593656
10428bd5997142d4,0.6610583100897971
7ff233f64ae94313,0.9570155229615134
c6f65bd180704705,0.5086323250393471
65cacf25f699406b,0.8956623497416223
d74bf036ccdb4931,0.9464243306032077
06c97c81f1dc4074,0.282353855070172
45a8ce005de7495d,0.7538493043949093
fd1336dabeda4e48,0.6819316301195966
b9a2602d3726409d,0.8224152208868271
ef30fffcd7394d5e,0.9055015686260737
a0942d70d5e74b90,0.509705193409783
4373d3bef4a4494d,0.33053029442272214
54f1329456e44d7e,0.7486329876326068
c1e7f9c6a61d4c51,0.5030660633276682
8630914f47b84ac6,0.7788434213223169
f061a207f36a4ae4,0.6379132953982908
b40b54519fcb49ae,0.33472922501735114
68297a11321c4768,0.7428934273522796
3bb67c46da594ec3,0.9256615448851443
0db8fb14a91e40a9,0.8216629404561413
58b8ce085fb44a31,0.9742444265702876
6aefc5b492194782,0.6266287728618996
4c8d9aa09a8f456f,0.8819171707992515
a734abb703f04bf4,0.3693692177308499
7e11a4a7ce3145b3,0.8368069044921946
56f83e37864c4306,0.9470020915152463
06e13ca2b4604867,0.8974904009983847
982bf33606784d90,0.6248625436887997
58f9d9478ce845c3,0.7415719949559546
d3f530f91856485b,0.7448459174425108
efc8e4434cd8434d,0.6526675206631706
b4b90ccfc3b642bf,0.8456951604133146
48c93dfb8eba4d33,0.884739615763937
01f4746a817d4e90,0.968870828490259
17819fdf04c5437f,0.39638608592776486
bf84073129cd4c88,0.1701585083887375
f5f9b1b441a44dd4,0.8252355499986425
fc38cbaf5e734e24,0.7243020414966636
93295e97fdfd4ff4,0.8271825995259104
8e98af2a55384ef6,0.8559612521528298
05818ba7aefa42ac,0.43602741882442597
37f97b6f5acd4765,0.5308002222952076
da6a6b3631544ba2,0.4139987793865614
0e09833685494374,0.9004069570979885
f7980ef8b4ca4c39,0.34920228529140357
c409fc10c41e4ed3,0.3672285765894949
b80e6bbe002f4401,0.5826212767741497
bea1acb7a85c44a2,0.4896292754166516
dca8a68aa04a4bf6,0.8890517445117584
94dd78447ccf4167,0.7176670629769873
01ef5813f07f40bb,0.3857995955742046
d657d7e6b32d4673,0.5656499488127442
9c0c39a757d744e7,0.8286087809553807
da765aa63dad4610,0.31486797841743625
d43fc13971d641d5,0.3311648103828452
ac84ea30dfca4f93,0.9606149773256869
a1ec7618304747ac,0.6189157377889283
5aa173c56d6f418a,0.8115324520552383
bff17dbdd4704e97,0.4176497242677194
b027e67537484633,0.5498576544484128
6abec175a80e46c1,0.4155104890440458
f688124b89404e30,0.707770797370689
fcf2d88e0d5f4736,0.9131907071640578
0910fbaac7ba4ea2,0.4809571971083112
e34e7a53be054ffd,0.7132707686673995
6e3b18ac8c8c4be3,0.9826656692423981
001dc8d9da4f4433,0.5474365031437899
a093585651294578,0.9293485669784085
000ba5967ee740f5,0.9349223445028864
1f62a8bddf044259,0.3975470296715187
cc533393b6774f38,0.9673077157283214
92efbb2fd7e14a32,0.8646783673308166
59e8f7a202ab4fe0,0.9561229971365632
40a49c1ebd9e4177,0.8417737131360088
6a090709858b49bc,0.9477725388887989
81cd9cdc88cf4c72,0.9166986098551367
4073c70496e34cfb,0.5072673868354997
f64634b4d2a749da,0.43041914858338254
60050784eeab4e49,0.9431872233807369
c8c3e577d8f344a6,0.25009514175322545
facbed128bb54d36,0.9346856293440893
c373747e6a93484f,0.9609271467183444
8725748031b74dce,0.26839744391233034
ff67fb8f6f434378,0.8665745078221307
2ab85e49ebf845cb,0.496227711455007
ce17aad2a53f4176,0.9516605062925556
17f879a9a56b4a28,0.5518646875307257
9c659cbd0ab146fd,0.897121273940799
566ce7bb84b542af,0.7344061496782833
a448847fdbb44c9b,0.7323937599336285
c51f6ceb3c22430d,0.609518294352811
0785240efce84289,0.9324231237227735
865cedaed3f5400a,0.7555620294973199
b1afb13717824295,0.8378719126927026
2563acf775e5488d,0.8068385188829144
5609d230c9874333,0.5324939582119662
ead2ec9394bc4411,0.8232411318927988
fa2e4b6ff56a46ed,0.9225215135519165
6c1ca66509464f1b,0.6684543990284586
4b966e0b85074319,0.9497969553333285
3fc0ee64cb694392,0.2979773296793794
4d8f2b0424a64d64,0.9744920166747054
38669577be3b4cfd,0.4087091438913473
d998425efe4047a7,0.2629578446119848
4fd6c3a941f041aa,0.41810323184913323
a7576f666503470a,0.8109280642290483
81ae527adfe54b1f,0.5982435177006237
321eb8a331674a71,0.8394949852967616
cea39e1b47cb46f0,0.9264175243336886
56288ec780a34231,0.7797575299916533
7f2057d8e78c4953,0.96807956162396
113b8f7b121b47f0,0.8067137910894475
ea84796ae2c74ddb,0.50169856005248
b3f76ed9ebbb41df,0.7546275447728119
c4664c1cef7d415f,0.6759781353935307
c59191fd09b14175,0.9014420447526821
67ec9af8e71e4522,0.7272705902268188
80b4257e36344614,0.8772752855233749
0f125bf315fa4c37,0.7321886024111707
61d43022dae44ae6,0.3045335785903753
a0676ed4e15f4a97,0.2400568301869974
d014d266502e4349,0.19830516185791686
16dfe1e765a240b0,0.5424902070595353
44ef8f445e174340,0.5239881264093665
60640da148d94a9f,0.7277266677506776
0d1cffa9dcba402c,0.5273413412830523
76b16bf96c8a442a,0.8931769658285442
55ba06d202284121,0.378050507915898
0e53dd927a3b4577,0.7689938797000344
97927ec3a0254943,0.6411540674088148
d13e73eb50754fa4,0.8075638681930553
94689be5bc4247ac,0.6576734895531117
56df6a2430854a3f,0.9614733037668757
edbfc360bc8c4876,0.9655585547889411
f6ab092871524326,0.5100026458478844
b67e28c9fb8e4b6d,0.6160689237836912
ff9273932b424d2e,0.6005098835297237
d0ec4a40698d4cb4,0.8881517897678652
4507432e683e47aa,0.8217933955249795
81e69240b5c941a8,0.8303315331701795
cab9b2a0a7374997,0.953613764161665
0a4c290091524ed1,0.7667441452518489
1e394b7d5bca4556,0.5795402015591103
7e1290f1517b4c67,0.29639863159718527
73d28ea859b144a1,0.5130740097801113
33c79a18738e4ad8,0.5587616411163999
8d7047a7ff8843ff,0.9720098051724329
c7e9108ea528463a,0.3506898173184068
8f277d41a902421a,0.649594638064067
f0a12b1c39f74e4c,0.606077153859446
8a26195b347942a7,0.8278261144459775
8499291ae42e44ac,0.4515974975338524
c5709872749748a7,0.9453767839778265
b186ab2e184d42b3,0.3000798823335016
df4629048a0a47c3,0.8909849102883731
9439539b860548be,0.6932946651937706
a00302d8cac440e1,0.8392665283076944
612a0b34eb2a4af2,0.9730774223786939
9b8c45101f3f4b51,0.6750971789612316
0bd52741fee44384,0.7609686928346909
6f318d3105cf4bf4,0.8986526822149691
f434a69d85c444f5,0.9640580891009438
5bfddf4e71ca4748,0.7647408533998097
88d0ec8619a74419,0.6749185765911083
6986e6e4cae949a5,0.4889660133370507
10c1a2fd38fc42c3,0.9204480791835824
9786f866e79d472f,0.4304938684297692
1337196161814a5c,0.9023777636518737
0410eccf0a4f4d63,0.752884465443545
a90cb54127864e3e,0.36549095724749103
9cd3ba8a0eb8468e,0.55379343112653
d7b8b296554647a7,0.6655413432434493
503776aa78b64595,0.9365825504989644
e28d633d07ef4e9a,0.5304317395880621
812311dbf62e47c9,0.6974147321767724
78f97b6c07b24d79,0.7268547846109182
ccbd5be92a8b47b9,0.2568058398762374
09951028b4174a52,0.4314598699133007
34197482fb334861,0.9136085518405037
65986361e6524e6c,0.7140076359947672
5d248dad8d254245,0.7314238241196285
96ea3c4df2434c9f,0.39186488980519757
3c6981fc11874b9f,0.5790551750743737
f2e98a664adb4237,0.6291760290964564
7fec74f4754c4adc,0.5748609695488334
7590ebc337064ad7,0.8395440180166261
9ad24261794a4b73,0.33457814614690623
382d5e8c585d47af,0.9363257622959811
2c8cd0d4335c4ed7,0.9621834351027567
0c0216b9450d4309,0.6745702949967503
c7d7eba88af543ff,0.7552926318946321
048f6b3c29434bc3,0.8886330060642851
174f4153efe14953,0.4412569184055459
babb227916a74d0b,0.21391054649563299
1db4be365b314563,0.9351411490039577
fcf12d915f2b498e,0.9572840071073829
e4a23215fa9b4335,0.7639201739589644
8a64db46c6854f90,0.9593704217855075
afd8d18beba74579,0.3628895201233783
ba04cc365fad43f3,0.3183014266614226
26cc2f45d7e94861,0.5419057228572324
aa373c33fef140bc,0.8323934608027916
2fe16d71b09c4089,0.8319499049665339
c8bb15727c274062,0.7822653610483765
9c5df8d7d6a24b68,0.8559096411644643
50f02dc0888f49f3,0.14326966153942064
96e2d303af084b17,0.8948900529405577
e83bc84931c9408e,0.3740842723892755
259616bce00344b8,0.4130225044071798
07074ad7e4024cf1,0.9391911596867901
f777c8dbaa13485d,0.9359018695425667
708b8caff37144c4,0.9234464484910051
f8fc0be7ed4240dc,0.732698607618939
f82638adc7bc4a4f,0.5113154807257401
9ff60dfaebc246d8,0.5452753117935341
3f458437c3ba4e2d,0.6471254112257957
b4bf668a35634911,0.6683788312351937
3c8c7856e31b48c2,0.3898722952279221
9a108875ddcc4b05,0.6827313706973469
f9455fe2b98b4244,0.8997008564996439
c429d04ccbbe4baa,0.9032522006439299
f4cd80f3959441d0,0.92097421160893
38d3593885ae43d9,0.4438967048697618
d00d85c94dcf4208,0.6858292393055396
d717b8f4bcde40bc,0.972275937522428
3f4b6609ae9b464f,0.8780351138475722
c356f1d85aac4a79,0.9178807507667767
ac5fc1adb9ba4a96,0.49217861794047835
edea83025c3345b0,0.5324813699514462
9f71ef6ac034433d,0.7507185382753714
469d8291b2754cd6,0.43736074064147
84c7c39428d64997,0.5346201713958298
ec97b5a0cd9e4085,0.6809406977139058
79ebe28eb8c14540,0.9617723365054518
1427e19f727b4d33,0.886401937253593
9dd64b951cfe4c63,0.9637708974877461
d30047bd84934421,0.8919233108541057
89b3488f4d2a4f94,0.6000225048505333
9dd0ecfa9b694877,0.7140169009522719
e83f2995e98443bf,0.7348062959559909
9b8bd006151a4083,0.5598350586090354
f9cca0b838f5487c,0.2876601047709624
1b73961830ae4e75,0.8394493950105599
a489d00be5524fe7,0.8730366958258154
f480098c8b204b5c,0.8960830221649392
ca4c31098652461d,0.5659769816003954
488df74c94804588,0.875513904906306
ac51904230bc4435,0.3147806055979073
42141931d53b46c4,0.8505959349795766
67e85d06b93d4620,0.3731609128346194
02f9b9e39be249b1,0.3522353379197346
bf342624d8fd4b8d,0.487048226345071
f714d1f08ad54f90,0.3461641537955111
938b4e2ae2694b24,0.694759220744634
5978c8dc290c4cab,0.6350915182141399
9e4751c6f7ee4056,0.956317139752989
d5b06cad6b4d4fd3,0.6279624439111045
6e4db596c33941a4,0.8896085038184259
66fa4b0a2b7f47fb,0.8405469987405216
3a049f4e015549f5,0.8381402866568528
c9f00f382afb4a5f,0.29641908868625355
2056e71de72e4748,0.2575906909500874
fc1bf1335aa74429,0.8036128587602046
94ae1ffcc8ee4e31,0.5718605656750625
3844128563d142d7,0.5980712210558133
518bc26860bf4828,0.8825739854175026
828cdf77d1a445ad,0.5582238110395293
5224d0d980954ab6,0.9350939308550756
329fac841e314e43,0.4626647588919041
008716d72cbc4fdf,0.8625762511193061
4b550a3cf5524490,0.12977350299401408
5d2d616823274f76,0.4046036251667989
345f49fefe31495b,0.38802240017468814
b391cb6bc83240ee,0.30576679666300277
b381d9a543a04f86,0.9543841693060638
b0fa34483f62429e,0.9696386377938513
99414fdf9e264ed8,0.7350547885124081
f6f79be62b6b4a9a,0.5352958640598936
a751f0c23d374752,0.8582222231096278
587874f53d394a56,0.38293287560456996
692e69cfca474185,0.7248297385636233
91d0cca7c7c94c85,0.6561364527547004
b200f19f19c34e8f,0.6400212918999594
e56bd71a84054b04,0.8162434495422745
00c1750dcaa548eb,0.944464738767261
1f619ce309384a73,0.3444360393662563
d33ff56a5db84cc6,0.7233145813097416
a1a430fc76344367,0.42341354154503674
b616d53bf8cc4fd7,0.9651040703524553
06e7d44ddccc44d8,0.7903504174030689
96578e0fee6142b4,0.9758488731806818
c7ff8842a18c4e98,0.8663538438473989
868ab176d1a64d3f,0.49816740364949375
fc20f8e283ec479c,0.7131175294244432
c854874789c64e0c,0.9374238829202965
fd5c869f558741ff,0.10714254058501368
bebc0486c59e4aa5,0.7829045494425729
b2c09beec5d74da2,0.8698081970099009
b6d1512add8f452c,0.4898602714894611
b3b4371634f84fbf,0.80528994330557
b3986c430179445c,0.8524507343524792
e190d400e7614ee3,0.45020301230200666
ecf9663957ab416f,0.9581130361794812
fe6e92474e994751,0.9197747514341562
fbd278587dfd45ac,0.8501813204848336
5c9758aeed8f4b04,0.8081538020312844
adfbb94bb2884d5a,0.8759215805383925
c94447c90978439b,0.8974208111945078
47574fce20a34d50,0.967971667948918
4e337bf5bd2f42ff,0.6927260161343916
ee980a3ccba84b3b,0.54071725416694
9e2ac1d4d2bd48c1,0.7671735105165262
066fdb15376b4cf6,0.6900070949070259
240f2006aaf54c60,0.683061016619888
ba3037f70f984cf2,0.9512628371284613
0fc26bd0bb8946d9,0.9301221514061184
4a18e761a549430e,0.6559113468977101
fa600176c1a8462a,0.5930977917012281
d78447ccb8444620,0.8589682309710864
15ab778ae7b9451f,0.6491460406279371
6bedc676b7bb45c9,0.6360455715520816
6997ee368a474681,0.7942375633450333
dee71eb335314ee5,0.7037654653291944
20d43777409f45c1,0.8060275459059998
4f19e9216ab744ab,0.7143865413361182
997e4d55a995456e,0.9593751595000233
e91dbc45d9274e95,0.544058547672263
5a1a957b81e6467a,0.2586096848244721
5986b875f5724c7d,0.8764265664203249
4a678011e3394aed,0.5883407388933132
25df83f5db774e19,0.21747936274927396
cf67a1f26d964661,0.4280101970462836
dd0b4bd14e6a49ab,0.9441082633324808
0d004ef9e9684e27,0.9261532916351983
859311c0da6e45f9,0.9319256844382111
674843dae9724299,0.7527621290236647
3c36ee45826f496b,0.6865864611603467
02481c0a68134f7e,0.8952332870568788
90b1908967cc4ef2,0.34112017311933884
2703121c264f43a7,0.8569360635207414
41bf33a024884ceb,0.9638473342442911
533c4ca476d94104,0.7364594404045206
ed166a2987454453,0.4304703834033869
8ce92b3f1eed4c5d,0.8307091912073044
4f513a7e5e0f46da,0.9176569942516547
47c28577990f42d0,0.8612076000277297
f9125dcfce9e4b87,0.8899583935671727
e3d1b3e035f74fea,0.7213958874829967
6e24481c70f34045,0.9352592895019309
1ce304ae720e4993,0.8838568914074955
286a7bef0f8d48bf,0.9262140454324366
2c55d00578834a4a,0.412817581661645
ed34ba9b55eb4136,0.9342804013105386
459ea22ea28941ec,0.961444067963338
510d5cf460f54022,0.569039237089944
3ff0316d031849a0,0.716680204527876
b0f4ba08347b49b3,0.6866219434499662
abcd174885de42bd,0.9147521047813181
c5d611da18a84ee2,0.679147782516745
64353e838c814cac,0.9346281997071824
c5a0c8c1c55242ab,0.5613145051908832
9f258d7160904ba3,0.9311484923659907
d30160a2888b465d,0.7913460404251763
42cb438de68648e3,0.741349543147596
dfd62b77fc5c451f,0.8127134577667744
e21cbe9bb99742e4,0.8664180204059826
51a8c2e602ec4460,0.9224139230823641
07449b61ecd8484b,0.8683223305035326
aeab7220645a4253,0.880705384520692
d44fab65189e456a,0.7408431480132697
38a95742e15b4c51,0.7743096484700186
95873066c1574291,0.894187598301887
2a2ecbb48ea741bf,0.6661941278578528
5.08E+15,0.33078839578312047
02708c4433f54b5f,0.9471004131341965
5c53777bbffd4b12,0.6425332957250073
c6d0aff10a4f4b76,0.9392330583451103
2fa52aaed1fb467a,0.7003664447105249
32b70df53f4a4b8f,0.6816220667397426
6db37e5e215d4651,0.6806592359752053
a2be6ee505524a95,0.9664351310839159
00675eb54d89469d,0.7591125917575867
d3df4fe9997e4cf0,0.39547013252393376
85f9491f86bc4c3a,0.9426652947165804
f6b67c370f974381,0.9184254826250824
2e38d318155b4d7c,0.7697023997859618
3d8bbf46760947f4,0.6082173848372674
00d47f0c5bd64e18,0.5314467373397286
4af5b88d35d546a4,0.9388014235302656
cf5c0565fda74efc,0.7191454626188178
6bfcd8ea2e444c69,0.9743626217904766
e44377a0ff094830,0.9827771861282768
71db0b26685e439d,0.2194247107791987
fad5af9fae8149e7,0.8885878170786744
c74c18a9ab6c4acc,0.7528740767574069
9c82c74820914eff,0.7713539133170093
0abde4e6a4bf4d9a,0.46765161692555757
e0558851d9dd4c9e,0.4613145643542458
4378b7bd35454983,0.8281263846767762
cdc59ff825674f70,0.4956309493241073
ee1908f9e1254fec,0.7594604126036495
26541fc3f6b64fc5,0.4953496468205306
72c8a73059cd4ace,0.545490635172588
eb3480d51e0b47a3,0.7142279881890986
c796526960154c8a,0.7901031607521476
8cd9efb6ba0f479d,0.33922281276203997
43070e123d9a4ef0,0.9348584954790589
6c1b09322b4d4bf8,0.31907813860231093
c8e5f9d6bc9746bf,0.7132883799078213
32dbc66ab47d45a5,0.9558744542284586
5cbabf06ce3f4c9a,0.4410712040087714
0883a78ef5a04c79,0.9020318323751598
fc03662bda6e4374,0.7279935035063473
0a2fc8eea9f64250,0.504807821884664
5b6babb70e874a06,0.9112976733369142
ca93972f076e44d8,0.9180631579646288
d27238baf2ff4d7d,0.8129590371976955
720c0280854d41db,0.4161409313043275
9b9870d556d34c52,0.6522565899242241
a809034c4f8c4cc5,0.4938412750349953
a6e21006c83b4eea,0.655561300020052
28dd40d2345e47b5,0.9335715005114564
afe626e60dea4dd0,0.6867841900191209
b75721081da547f1,0.8463762473301477
05566f64555b4f00,0.7883100593766866
e861797676b2486c,0.4016520105688937
f59be1d3b1ff4ffb,0.9204876285805133
829ed9e12d064ddc,0.7363070805732197
7ef8701deabc4b0b,0.20742304316592833
e363a1b9235849a1,0.9625110300305925
29a38f63d182444b,0.4581561091752542
b53ca64fb7e6412f,0.9148156668121449
a6ee3fef8a4c4046,0.8973001948528538
59d7a67d6bcb4158,0.25882148320087794
98c5c94331d74be5,0.7330611315178978
e9921097807f4d18,0.4914212074367553
0d4cc850907d4a74,0.9689313607505187
9374a76dc7bb4c51,0.91592929845469
bc8dd475a2e544f8,0.3764866384355647
4ac7946b40364598,0.2703737601177251
58ce69dd19254706,0.8896779399733151
b51fb0119e654dc4,0.8896085038184259
56063ee6fab54dab,0.9813177106553217
37fd5faef081487a,0.5013029950179287
047d3cfb99b04a7c,0.36087606610171424
1a60d1f403b046b9,0.3671577530561288
776a45650b9f4f4a,0.31463418643200414
205dbd7d67e344fc,0.319359910972342
32f2c8a4069e42da,0.8585539152559204
3207e7884d9540c3,0.6881558635169902
d03c1c4bbb724b0d,0.4670619160400462
69eafafad5cb47ba,0.4384122228261408
6cccb7142ac04542,0.7967703055188572
9b1441d5ff144836,0.1385178777357997
75b17b01e6764f20,0.5225182203265265
14aef57c68d44d6e,0.7603746969159957
681a417cd42642af,0.14272297454821312
d1b37b28a8954837,0.8265057874121654
00680aecbd1e4b7d,0.27204045774184776
34c474bbea6a44c0,0.7476928173121233
f12d3c46a64349e1,0.9649463299966953
073f388858a14976,0.5849573781966112
2705f0a2ebb44428,0.6808810607473451
1f7ad93c7f744bef,0.4565059901804273
0e49cb0171c6413b,0.7962931585117854
9f2dba0947b34e8d,0.8937133782712728
e73e77bf3e2d4b77,0.9683698463006011
39acff360a40425d,0.9518756715308875
a2149a323c4140eb,0.8519723631807027
3e7978f0b051441a,0.661296172015679
c8e4a981647b4459,0.9350083264774731
af4e8c369dae4825,0.49052934223681316
90e63b5fd84844b5,0.7817588107139023
c7ff6ac9d19f4dbe,0.45810552667559806
f8fbc38eab234b4f,0.6951937345212938
2eb064ea67f84551,0.7035790011748033
c9da8b29ec5c4b45,0.5861187341930622
5e969ab93b63459c,0.5092348212544148
331a0b993eb64f11,0.9401325347099652
d78a6c09a5b844e9,0.3843857795455206
56f541e4444247f1,0.9656527389795556
692ed31b1aa94fa0,0.4426621474521303
d72f04ebaa30459e,0.7294109858144393
8400edeaa2824972,0.32174012801568813
d5f33148f61f465a,0.9366882815903017
d70953dc29c144fe,0.9841296863931805
9cc425b73a284287,0.7052752356539408
1d673b95a33240c1,0.5768573172504875
2ac4aaabfdca4f2c,0.9417607403689352
39f0e864163941b4,0.919220812572858
8c8aba8acc0443fc,0.8303839928595685
b779a83153794d94,0.5804126098382107
62d12628673b455d,0.46107948239862284
889ae51c71ae400b,0.4860497723310084
3a5f260cc8fb4e7a,0.7349981806261474
24dd0a96ace54dd4,0.944288031146757
69a5cddbad4b4301,0.7527301604964384
d34113c8f42c4dee,0.5480546656233011
9880c78e00b24ed9,0.9143112811891697
bd8510831eef40fb,0.8892807058299499
f2849201c4fa4610,0.5412655907389674
97ddae31765a45fd,0.7719761267708597
14e774f3a6f44a82,0.20378976234213897
d195476c5d0746dd,0.9284221692284992
f8c78d4b83f3445c,0.9377940531550805
c8d2686ca7f44d88,0.788077456639972
ef731c3a52124683,0.5617139380552765
c3e8fba401b5414b,0.9322040802713787
eaada7e9ba4c4bdb,0.7822416910394888
7af814e6f2aa4c1d,0.7996728136583737
d2e1619a066b4f6a,0.37760155344970453
3d5e9a56656244bd,0.6797639051663098
d820d9f1e343420c,0.8444460306808734
a60b619e789e4cd0,0.8212274875531921
c40a89d3e4d04e39,0.5473393625649094
765a184f4a044642,0.7045247677812683
3dfe0f4bbc9f478a,0.9741623930549244
4ec30870dd6b4de8,0.9596192991128214
aeb6070ec3e64c0b,0.5183593154033685
0b1139fc7ce641c3,0.72459214299528
6dec5bd8286e47a3,0.46238483470225566
a9715eb33ca448fc,0.4879018134831263
bce403f3469b4bc6,0.9437077789414053
66569db799034778,0.698056379866541
805a7b9510384e62,0.5800866590293259
83aa2b56d44648f6,0.42757516886676744
2f5db55f4d0c4a74,0.7559339389916075
f53838f893ef4d63,0.5051657042132752
be435002d14345aa,0.6106261018086306
356f04a41b5f47a2,0.7903749634001666
2ea282b5223144cf,0.3347526722827368
2e682079a68248b3,0.9370138408392419
fd14969b45424584,0.8710919909822732
176b7a53d6ba4030,0.431553294439254
a796ea61627f40ef,0.9334199319056925
5174fb256ad94ff5,0.745127272175863
4341292ecdf34370,0.887063569307446
439ce5b28efc4db7,0.4294720427947524
d21d2f56f06f420c,0.4950173866224513
ff1ecf5f5d504754,0.9289336504629842
87c08cfbd06f4c28,0.9406802756026262
fe3b48bac3524a6c,0.7293879875963379
009990e6bb7f479c,0.46960507452296174
4c9391df3ce94fd3,0.4386777525115107
29fb582686ca45fa,0.9218192524165032
1e182d6d6a354622,0.3770009449679822
59ad9ccd98c24b7a,0.6201160197937416
5bdeb1436fdf47ee,0.40851668179647344
7947ad57baa94d50,0.7748763585526769
59cc15dd3b3540cc,0.3709400965056235
342767b7fec94376,0.923253118299987
0f6a1a8f801047bb,0.15918486688399094
5318da5fe4f64b07,0.6884755333267198
b32bfe4f1d4f4a66,0.32111050236934097
f1f9616b9e544682,0.6196870306534323
5ca5b69b788a4c15,0.9087682104054978
94b37dac4c2947ee,0.7833329945083872
7e1c563b219b453c,0.6327726600261897
fdf6686cb6c74fa0,0.5475528698620985
75be0c579fbd4d32,0.9370094150417914
b07e452233174327,0.7548080126531965
2cbfe9543c51406b,0.8959984945742143
da8b4fbd0e3c462a,0.9521612447395119
495ec9a5fb15474f,0.6967769252188711
6eb6530474df4533,0.6612876122574658
fce63179e65d48dc,0.31200934855687273
ba366890ccc1440f,0.6059784203185996
d5a5f2545d624daa,0.9606794108738855
960e831cd5674587,0.5700605371411103
611573a6b42644e6,0.8328297538217114
d3f059f5b0e44c4d,0.8360332800446115
76030f592bce4a99,0.38578042741657137
96b31028cee44a86,0.6264872121292995
0f82ee805b70460c,0.7705921872194672
5d9b052e09384046,0.8379691059178204
2490e4d85fe44411,0.9165550022293993
f2ece816b7d24c6b,0.3358917627957409
bbe69a21e2dc4a3e,0.5444027276186585
d8ba376e5a774a1d,0.31125517770755123
caf880bddb7641f4,0.9122732315270969
6a798d381fa64058,0.8155719364358468
b2436cebd56c431d,0.8191256525336512
35fe8ce62f8f41ec,0.9518749994833187
0a64b25961f2459b,0.7122846557013016
da13479128854b9c,0.4831353762145266
6dc3e6a25a6b4b79,0.45504786696050376
c6ad7884b00e47b7,0.8958083236007638
0ff47d0ebd2a4635,0.3559329419441231
01eecac5118f4400,0.6364388903998232
7dda601970794997,0.8934584987600093
d2d8b991e57240c3,0.9259338974850219
62404bef58964bbf,0.8938162047184166
0c8b49cdde784385,0.936384556966655
fa78f3793a824c12,0.9310613636798273
436eb2958c54407d,0.5124458184552465
d81c8a63376e499b,0.5244677787303511
fd4ca21010654995,0.5542399313637458
45310dc76b23444b,0.5860989309325427
6366075046ea46ef,0.528918832701301
0c9aa3a1c53f48f2,0.706159432365808
3632a368b032443f,0.49487378601954907
3ac27551b447441d,0.7382114601717373
0cbe0c5382814794,0.9710607665636082
c5ad5393bd3848ff,0.6676173511514388
9a96dee6873e49b2,0.8989976418405498
d5c6daaa40c946cd,0.6322325570775049
41f3643aae4b4160,0.5254909858446472
1e3d968eb3ee443e,0.5416890547061635
92f5984d72be4e46,0.8333076875052849
7be207c2d7bc4bff,0.6937246617036429
ee0214f42d694f79,0.4447728126687142
ee6f6e6ba0f74cb1,0.741028907870959
cd38278924d8468a,0.9332272924529577
d2e791745d994b06,0.8396697729049117
f33e4e58275743d8,0.8770246346328168
bf5404ae6fd84b93,0.7865636048701636
5507095e54564586,0.579110252321406
c48ea2167a8d46d2,0.6383252219742257
258a615c111448e4,0.8889064078453457
023f368796b543a7,0.5289332823262896
b080dce694b84855,0.47883645524225626
29fe55e0f988428f,0.31918924046142205
b82de012696f4eed,0.975296152665259
a46dadf36bf0403a,0.9752356704133632
983d2b7e95e24eb4,0.6291250273260374
a13cfd277b5247e1,0.39798101811602193
307e68a534474a19,0.22205168382056747
615afc14a43c47fe,0.23801705656024524
d052d22d00464918,0.41220778743582664
c79cab7fc2364933,0.29697524287809995
f8f8604599ca4118,0.9309513836156001
7fa9896c0c4e4df3,0.8391385799423603
60809847b0524be9,0.9479943298787504
9916e4af090b402b,0.6812495907144968
6f1fc66a47e84cfd,0.8434631533370748
152e8bbf87044e03,0.7698852502139376
54659c521c294384,0.8014380243559442
3842d76437b840a4,0.7885514571234065
49a5107e2e4b4d70,0.3592759831469816
79e64eb77a65487d,0.4421030356814096
7aca60e29d6542e8,0.45827057656160924
cceedfff725a466e,0.2560137353210735
6ee18967b43f445c,0.9072840110693763
3721328c43004518,0.6858732341027313
66f0c1b9198a4f7f,0.5280958758907548
4f3c90cf53ff4d56,0.5046769027932069
a1e1c750b11141dd,0.9558830961084421
280cdaeda35c4cdd,0.4636582599402562
7721c9b3b1394398,0.9577929553646214
db9916a5e150488d,0.7505870099147004
0fc1483806ea4271,0.8893402653555259
17d01920ae7b4b07,0.29680802196624717
1b36f4a8601b41b7,0.8627573901851042
b084e728f30842dd,0.9048639423186885
eb95cd5759f2409a,0.2975239741676348
4e4b253c072d4c26,0.9082922446144017
0c7ad4b9052449b8,0.3241268310567325
b0268cb45ae7479f,0.6995469954955407
b6fec34a1e73428d,0.3681768335960224
862fdd7a60e64a8f,0.8753522995090984
14cf8196a84d4e48,0.9792542757697575
131145c82e2a46d7,0.3096932307887011
aaac61632f0a4cdd,0.8328377889802948
2f64ce1d82ca4d50,0.9231836143946981
c620968157104666,0.4774042806166494
98e9a34d74f04393,0.9372472047515181
e87ddde7faca4c30,0.9696622628812405
a0c11c270d7a445c,0.9570707945433488
548c1856323342d3,0.27902779724372895
c9a5b06f9f924e59,0.5012743586407615
6e3b5d044d1140f3,0.9608748648591273
bcb167260eaa4826,0.9401361250654662
8411f9c2f7c049a1,0.6247749039584383
13e07114a5e948d0,0.8778529034198004
c2ead70cfa234e0a,0.7439130721253033
7cc3021708e04d7f,0.6124180778617176
748a5062893a487a,0.8820679411605871
442f57dee7ba4a51,0.27877715779748996
e31e77f764ae41b5,0.4497236841529315
d566774ffbbc421e,0.8270440589217715
0c3184f6973d40b4,0.5026996541798292
eca7dd78fdc44e4c,0.926720350576863
e6b1d4f46c554896,0.699110340007436
5525dec470ee44af,0.6548739136521183
bb9e8382e25d4f7b,0.5212533442535663
5640071b727e48f1,0.7778679953776858
fbd24f8b92d947a6,0.7124237646098951
82b0829c54944418,0.48201871194461227
7d6a260998d6418f,0.6706955682363082
571b0fb01a7945fa,0.94372012515169
2dad53950de14530,0.5168618802827957
efb946af5dee4aee,0.8639099086321775
89c1c14b3d8d430c,0.23696567274405406
3badc0cccc8f4b31,0.5847748826689516
29b9aa3931314b9f,0.8651100502860403
ebf9d97478fc46c8,0.8704090848997983
2ffebe1b77f942d1,0.8324061384637367
0d2640a463084d00,0.9427609586014928
fc613477929c4b83,0.4509962007733193
ad371e25fa924d6e,0.3647321175155213
f6ca0795b8a34ddc,0.816542119010342
7bb1959382dd4a8c,0.928973993330908
86c07e48956e481a,0.9502095943633109
2f715c0523754468,0.4976971881797066
a5da4bf7f90443e3,0.6845604500561333
ca656eed01a44b54,0.9793833578968473
f1878857eb0148b3,0.8733470458388014
6cf0790fbc2c4035,0.7544271038980094
4ad3c739e70c4693,0.7256537517302883
98c982d0993e4c09,0.5597062659567101
6c75c4ce5bfb4238,0.8473109275399878
9e489e6d34d144ad,0.6494243867487005
531fc2514e2a481e,0.4796983245203911
6c84551ae4384808,0.6554766400487869
0816faa765ad441f,0.25033573852534297
b6d81503a86b4a10,0.9535365229497885
08c41ced49d442e4,0.31454234409056026
b00857ee8bc84d50,0.9277260175733608
a58d2bf89ed741b3,0.3521083118554016
ed374cb7cc514f67,0.5295675121807212
1a644873cf0e4514,0.6855604800052354
0c3ee4c5813e4a26,0.2603495372630055
b83104c402d94716,0.9411620543882804
e935ed8584b449f5,0.9265409560374126
3b8f632eafe7419b,0.8645868463631199
d2e21c93fe9a42e2,0.5320490963320798
c3474f96ad5f4ec1,0.6500727963428401
8c6ec805e24342eb,0.48716470100153286
e133081fa168471f,0.878123305873839
3e7775623c244a86,0.7394045492030903
b0c9ac700bb64283,0.9431794638488581
d3ad022f70a64ca9,0.8930188875000049
9469eaf932be4d56,0.8563931123386878
94bfbe9c9f5f47f8,0.6670199646730625
a70472051560470d,0.6184366225605769
b2d504343f254e26,0.9041388525984131
63d965279eeb494b,0.8965862505482675
de2ac552e9294b14,0.6321497074137721
4aacb541361c438e,0.9472088450854657
4c726b80690f4f46,0.6742252147145537
ae66de79394e45a7,0.6510454102338694
fdf5312da9ed4bbc,0.9430199454679947
cca6ae73b0d04965,0.8757513600633227
ebc10d19894541c9,0.6936854378507159
ce90763c141546a2,0.40794063533107405
c1397616be5d4bb9,0.6591099585167117
789dba0635d04101,0.42553069199551263
3d93f744c9c346af,0.4554519780138699
19a20b833cae4e40,0.8888619912523057
81fdc6b6e63742c0,0.7613340980774671
631ebc50a29d4dcd,0.8625783302689841
99fef0e4ff794c8c,0.9316353184477948
d83b098ec73241df,0.7545470930091503
bbabc6428d2f4e0e,0.9624058691151712
aef186649e394353,0.2634900302805523
6d209d9956c243fc,0.9207026735483422
85522fbc25324784,0.5248723685136522
66393f1c12f84c49,0.9421526524946782
0663badab6474e75,0.5522913042956061
140792167f67410b,0.8061580077900369
b2119276206b4624,0.9013099551939268
a2d571f0497c4fa9,0.36620504739434606
4b0c164930b6456d,0.9214045196425987
7ca446a193234d78,0.9529987425032899
b4fd28b93b994eb9,0.602758635711957
6e83a956332f4b4a,0.5930150520960834
35ab7cdab0d24b06,0.1716462493759951
776fb75d6ea04f63,0.5887385814395333
ebaf36d8332448a6,0.3129229636943433
ef7fc1afca054b61,0.3317381375166376
ad0da0c9227a4718,0.941958342547619
08164f3f32444c76,0.43693455252494784
8a84d21d11724e82,0.9493237020987314
9873a0bf0218476e,0.13481116823679315
ebe4d1d2a1ab4355,0.5387201341602923
43838a9e602a4809,0.7863854756878613
7d37fdd402a64d3a,0.9299396753190347
67b1d0476cb04daa,0.7245238240399908
68fa6915ab954cbb,0.6469140800222368
89f910bbd17f4db7,0.7151167217390109
0d899955282140e6,0.9828648726015198
f792e2a0196a4c96,0.9548657948966958
8afbd2a0d00949e2,0.7354309024051987
09123e40fc5d4ffa,0.848961753246614
a664536bd06040d5,0.7167550687068227
22daf76f8efd443c,0.555665489093574
326e57c8063d493b,0.622649123143656
c779f365b1124257,0.6473951694063069
f0fda418c7774d8a,0.852658647083129
ed2fb0ba12d34708,0.9242877107699436
64a274c0e2ab4e39,0.5482525391039845
d5f0eba8d1fb4239,0.4916111013435016
9fe2614340b64978,0.42960196481259527
f677a89d77934c05,0.614356798054366
751202cd6a7d4c92,0.7901092522017008
90fe6dbbb38d4a07,0.935837163427419
9cf59dd47b92435b,0.9158448068664893
84f4bcf7b9cc4576,0.7431561899956222
88e8ad48fe644e69,0.5548718227727238
ec2672b806cf433f,0.9171829352687251
8b25eae62b3b4c9b,0.6223315357504763
c2a22721f40d42e2,0.8459557772241403
edb557b327024fff,0.5879475642059668
a4263527049f438a,0.8418862944272091
f5cb95721be94eba,0.8633540508437216
dc4d58f06eeb41de,0.19306237591514896
2757ea5b71344123,0.44224842926548114
b05594a51f194a55,0.5701537599490614
3cd7eb4f0b704fa9,0.6167705032813396
ac957c3f4c294532,0.9502421594432764
2c45460073ea4c7e,0.623907740392015
b34beaf08dc2469b,0.8932735681329322
b207594217d84054,0.881277637496699
01ea470fbfd248e5,0.32053116494162953
0e4e849bd7044314,0.9030975799998117
c8f2637d398040f4,0.5122407862265688
e1fb064119b540e3,0.8509241561378358
8ab80f38394641f1,0.6001377019150298
20fec7cf15784439,0.9056126157466822
28ec2122fbf44c50,0.9407258229732831
75e5664de6174828,0.21399654927050665
797b9c1229164130,0.7558823672980027
7dc9c748ada34162,0.2207941250772205
9646e10a74174230,0.40911277770557875
35f6f40040dd400a,0.9707423948112374
869c89aa8eba4aba,0.9371427912907575
cda1b3f4b9574568,0.7823764658564644
b131a2f577144bb5,0.19753187003355985
456316a370574525,0.6139014036261928
c1a1f7fbdbbf4917,0.7866149100692524
295072e2959349e2,0.9632527345060861
950e540731f141b8,0.9848847421833719
866d6e16aafb4f72,0.25929149165602433
b1b4164d68cc424b,0.36961161352986766
6f88f6d3d7f9458b,0.9588387188733591
93516a55a0284b5c,0.8199405500590345
b893525e7a2d42a8,0.871774491058625
01b39141cdc44e84,0.6504985805186486
a68d16712ce9406a,0.9366179506110813
6a9d160581244cfe,0.20835470905122574
6e73d033143e4de1,0.43783114354483715
0282617c88e74d62,0.5451947002748148
1ac27fa308274c90,0.49405898583571234
4cc748ac667d4fc6,0.4804930223776171
fc96355b2ac1406b,0.9481535973186487
124e876b5b154a00,0.9562172595029043
b9eb4f22eca345a3,0.8137177933186378
ca83d4daa9784471,0.5232801087601705
49c2d0cb998d47c5,0.9358479301692182
74fd56b5e53c4f97,0.8998363310436589
185da50287c343fa,0.7243525118231862
40961b92ded54ae0,0.35164701771913615
be2501021b294587,0.7159844417173139
36522719ec7e4a50,0.9025558179143003
900b9ca5492848ac,0.6100455968337877
6824da993cfd4125,0.6971562608508484
ae45354de1724b83,0.4588999038568325
c39bec45d22745e8,0.5868772514581203
d719cec2780b49b1,0.5765499891079333
ce1387097a724769,0.6367500739488633
af8930389e3847d5,0.6423043791364212
f502028dc95841ef,0.4367025200978637
b01f8be7e721400a,0.7932434788202152
38a2c41420124e84,0.9057588912380962
7b4042d14e884fbb,0.947433282836547
b4ceea349db84f54,0.4388264490970551
e73a47babd0f4706,0.7116946892710384
07b49e735d1c4a3f,0.38491789261473286
969f6b007e9045ea,0.15300146190461442
7c75fd22556c400b,0.6753417905154074
2501f4993700488f,0.860940454043419
78f6bfa0fb65450a,0.8868767576413346
433316c84b2e4b07,0.4388688858653608
16215306131b414f,0.9352308668198862
4f91857d74774ddf,0.37885842142569304
3626b966ad5843dc,0.8079251661017878
8ef2eeb6f48643cd,0.49304978935719684
66f3963e52244cf7,0.5481804992624756
b020241b14e34dc7,0.4097681757375716
fd560814bb194f0b,0.2355954039333939
183bbbeabae645a0,0.8067335412376337
9db406f0dc174091,0.7683145347376342
e145f25c487544bb,0.6869119830013465
2982f3f5a3f24185,0.5237265701275695
a80a12c6c7c547f4,0.9478749757014816
300d4b54cb04407b,0.3547115770211728
7d90663bb4ed4271,0.21580406722323045
0eaed7337c7b4460,0.9592204225498003
fa12ebba0ff0427b,0.8688837602348297
bef4d947384740c4,0.6843052708725341
c5332b32604e47be,0.9668542796349127
716a7505a4664b19,0.6314665481742971
2d4ae81829ee4f5e,0.38341224192772116
555c12d14e8f44a9,0.856595745883073
fc287e0d5378427a,0.9304477393071325
3a0d337d299041fc,0.9579648739618679
ee63ad813a444666,0.8277423248827859
c433ad321a8841bd,0.9513246473689382
4df4853444d2444f,0.7796015806133454
0e1643c0938b40c9,0.45261487890980784
5d2ac23ab9dd4e6f,0.8520279548074701
7fff43289d434ae5,0.8253458268354879
70c5814b9f1d4c6f,0.3748296708555155
6a71adeb8ad941d5,0.8798717929477307
20829280ca314850,0.6248481700784224
3a9ad366828549f9,0.9772372439752525
31a844f4729a4dcb,0.8533888211244527
203da4b7594c4212,0.5863024704267641
a1cba51170f24a40,0.5761089090814776
0aada215f2974a72,0.8754734647459833
7eb880f0015d44f2,0.9483835623648196
145c049a59aa4aa3,0.898456037710855
8b066d09d49c4bcf,0.16871513804836458
651eed1ba6e946d5,0.5678525118790313
338dca450a344ad0,0.7048540837364519
759a0b1a18f04450,0.5229435790210922
cfbc105967c443d7,0.8993631975497968
ad353c049ccb4298,0.3689612808978968
610fae246dfd4d45,0.8951757637916337
6b26aa4ae2494e2d,0.8576973424896568
e14ea7a60eb74968,0.9449884313677247
49ef4bacae5a4b06,0.27330954393413553
0ed777b3913d47a7,0.5361766609058695
aeb28846b0ec46a2,0.8234952659447216
3557ce46043c4960,0.33472578467078007
060b42fa8d674f04,0.9460798042845441
1ffc2928d33b4e83,0.5046565053474901
443ee2d9b6264a78,0.6509544810193664
4abae8eaa82b4209,0.3478556403991806
9a2744201318475c,0.9233998999444155
f65d4e5198fd4832,0.8877866521753688
7d7f7e35188047e3,0.8207886282051094
5168bdaabe3e4df6,0.6565028353316408
cf71693494614532,0.9700865796442093
e05a8dccd7604c3a,0.7293514478663896
fe438eb14bac445b,0.3614351753508505
2e0d8acc4f94479a,0.9691249111248186
8fe3314c1cc14e48,0.7572947366182637
2db90fc08d55472e,0.944601915171888
dc7597174d224d6c,0.8402158996734049
b71a8362eced4da1,0.9518532384187853
6785b41b7834416c,0.6127744709877403
46f0e5e88ffd43e2,0.9097445271874357
49b7a03896654018,0.8802414641148294
ac85f754c1024aa6,0.7566390523918491
dcae2e7ab8a044f1,0.9475930748942438
ea61d221e5d14ec2,0.25153190734904207
a3b12a65ed944096,0.31730616258508076
6106116d7d394afb,0.8592650378104836
ee99a689cfcd4549,0.9217937296206237
854ef6c722e24c1c,0.8916744912594753
f832955d052a4312,0.3297186931864945
376b71e697fb4ae9,0.3561641695977016
016f88fe93b94c02,0.3776094047356482
35b7f72ad7e44c4b,0.5342532541543883
1fcca71656a44620,0.5110471239597818
0e5999aae76e4cb0,0.6243338838564999
49644e9ec35c496d,0.638377211127878
e1e2d162aa694f61,0.29625066719531806
bf999dbbabc74426,0.48703579186498885
35f9f8d1d9684ace,0.6925226441626317
ab321c05671343d4,0.25063473283871635
474477989dd0465a,0.342821840444098
7b72282753fc49e0,0.6477168250535641
06196160542e4957,0.9030458223784179
238761f125914016,0.8551592358895374
008bc37b28d44c6b,0.4916900710530054
8501b9ed4c774d4c,0.9418715941851927
b20463d9a0134a25,0.9564210705464311
c353603757ea4261,0.9487835946824034
721d3e19c19d4319,0.8135295880258747
c4fe85ddbb854e77,0.9523428144084491
3f027c629bf14b83,0.8943768759624878
ac98099fc360464f,0.4532209786266161
0db2398605074c4e,0.8799945378979807
f02cbcc6692542e8,0.8957051706350896
0829321c70ac49f9,0.4801500481449996
e9aeb2f82d874cb0,0.49866434712822855
e53e155f03884277,0.22166554051646276
cb82f20d40fa4b35,0.5917682435520868
85a0a10302904df5,0.4077029463312475
df4023d8b4064ed6,0.9827939415577117
d532f22bcef74b9a,0.5896464106681665
6ccf4e6767914ce9,0.8540333031954518
db19e5105bd84a46,0.3204710832638389
9a6e40a827214ab7,0.6787835295228525
94afa34756f44cda,0.7705838724892208
8053c051f9ef4070,0.8646030786105713
2368e91a14734159,0.4526533500840412
205e54c16aef4d76,0.8177992479191565
0029be170ae54722,0.8143310619380261
a7ee91ad733443b5,0.8249129911774895
de9736e042b045e9,0.935116023140118
05333ce9f03d4ef2,0.7171848753572301
948086c42f4e4439,0.345842185375097
1f08daf9b9ad400e,0.5870639521718446
128e6e963e444ea1,0.4412463181129663
5a8d733c69a14c93,0.679423626244336
ffa57e3b482749fb,0.7595020064431823
0a020cf10f804ff4,0.939734268803162
c78478b80e044e98,0.6510916179469987
075aabe7c0fc4fe7,0.46588464792291856
1873745416cc43da,0.9053340777816163
ee94b529b2464d35,0.6765438318395903
8418a3243ff34564,0.8945793036929028
60319111ee724aa9,0.4388264490970551
dbd128c111024fae,0.8594776954458475
d77fed3fa47244c1,0.23399366384386247
0e9376cc1ce34e1a,0.9465960089474644
e033b5f623564684,0.9094647696301656
2574ce134ea04028,0.8509501308241488
63f72fee242e4ccf,0.9110600731696031
20c811992fe44285,0.7784694891234865
9893ec45231045f3,0.8036163271346991
e35859e815c14aa9,0.21281229603343155
6a06c82b97354869,0.9262667649184525
9f43417aaa7c4686,0.6674041145002189
4e5e4def3bf64b91,0.185976206618302
6bc82123cf194e43,0.5852983802688126
ce4862a52072467e,0.5870267416492209
d9f7e3aef3e042c5,0.9680024399030445
339d3a2cfd514230,0.8098029008053359
b706c9c6ce6b48de,0.9469006840588183
9447931da5644df8,0.8516799005589683
de8156118d224464,0.9051916620153158
b42729d7babd43b9,0.8786657800336563
0ee6928c02a04b2d,0.8976659476546586
bee967a35a7744b5,0.41253226687210465
a6b19146e9c54c88,0.9453722433780457
b13a49b10f3044da,0.43476711252801414
0291f5e63807413e,0.5986514501388901
6e802238fe5d46f7,0.5999020874913905
7c96c28b120a46eb,0.975964545614985
3a801bbb29a34970,0.31721788723009436
fcdbc8d762914e88,0.9437657130673542
4ed5b16f7be54f80,0.8761845160709696
cbb793aad14d4ea0,0.8934120169407991
2f6678e2492049dd,0.2569084142344966
1ce5660b136a4517,0.9576183316299305
0caae72f13c247e3,0.613268690964643
55a7aa0bd63a4891,0.5298465702563541
cd42b3ad422e46ae,0.940448233191059
84a24dc81aba4c87,0.6257403155317717
80e71cc02ccb4dbe,0.7737999667230139
acadebd3cd5e488e,0.6367737549560027
446da89de79040ab,0.32202456846548705
ff6813bfca3244b1,0.6984292913854254
4fc9ef42b54c427c,0.853928527193261
2c52081e23c04380,0.9028046490712961
4556c4d83ba8439d,0.713563237737124
ae587f8eb4004fc1,0.8871168620749341
2018f81f37414cd9,0.5249342423388706
1693f86480c44c43,0.5018827527540087
b2a531d91ae84a89,0.8938993065210171
76a9031ed7d8460c,0.8512117282089795
9ab326af3b8a4d12,0.3930228706949791
c0b982b7b643445c,0.6265249612279716
6eafb8ce3baf421c,0.567261510234065
59766bf737da48ed,0.7071485353363124
55db255b81d04900,0.3979413927820431
1ee5c88daae945f4,0.9597135845696778
989ce33a39da44fe,0.43879083311785694
8778fe2879224dcf,0.7574141747856313
ac1dea8651014d4a,0.8385053412443035
f253c20383fa4abc,0.39880613759119854
75fe20a953b142ba,0.6575202863652053
dd58d42b54d3445c,0.7357777176321716
fc4b7e61f5584a06,0.7967289953259614
b22300b792b545ab,0.9281749737585695
740c5d0f729d441a,0.7702938993188746
724453af0e3947f1,0.9159872812376078
9c1db9f764ce4890,0.5542472270059174
ff25c92ac5cf45cd,0.8691108441691527
7cacdeab836f43fc,0.6311870090364088
e0bc0ccf0447443f,0.3475752597118892
d77242f44abe4afe,0.4281691626771383
b6e5ae425cae4086,0.838672136364979
3dce8f836d414a87,0.5314625370285304
2c841af53a8841ec,0.8029493471977137
61fa28bac3ae44dc,0.4891862282724554
397bb5ce694a46bf,0.5822880022172462
49fa3ca1394a47b7,0.8837637204634679
a82c281448c0452a,0.9754191271744771
f5dcc20cc39b4b0f,0.9617685702329957
4e942c4c2de14d51,0.8955306875255942
8ac944b0d57342e2,0.9316750932990354
30aef35c040e4db1,0.6966417327509482
13662d0cfbc742aa,0.7349864493909519
75858bbde22d46a9,0.3465568798189634
2bdbc524dab94b45,0.6113399974154474
0077056f939849d7,0.5705745809351374
3b51f487b45d4559,0.9469133868114535
0575ae4f41744bfd,0.9438602138539085
c6b02ac28092459e,0.525688838332215
1e19307bef774ccb,0.9169183814376545
b31088ae90454dbf,0.8843194598758556
39424608b06a4199,0.7707930342555184
460bd37702f04fea,0.3376883970125117
2703cb62e35543af,0.686630962341384
5611efb7b5db4d04,0.9379955876341507
c4c03ddc6636443b,0.6539315611345958
cf9ff63c741c4d38,0.8646048851763164
38f8b251468c4010,0.2770228130861011
09eadbb785564c2b,0.9542590499183646
918d9da73a444960,0.4164409791308887
3f9a9422e6b94348,0.8320994192071764
b2ff067789154d05,0.941552035097759
2e3011f3c61649db,0.9176370330375414
324bf22e756f48eb,0.9410811614563386
a9bda3e07873445b,0.9594973367705266
4277dff099224155,0.977295846722807
cc441f925a944a79,0.928600029891238
6d7172c2dd0a4202,0.221875158715796
07294f9c1d39407f,0.8536668189429336
06d3a49f258e4077,0.7232786846399011
e26861f5f59c4264,0.8271859381297948
886540fcc0344dd4,0.5529403742891812
7685f09e3ca94703,0.3484080111294845
2aa7611afca14908,0.4586311473641528
3ae51a6fa3194169,0.90793577081062
73cd646122ec4f67,0.45112092145667526
bee7e86ba0774ef5,0.6413617340041333
174ecf8184bb48b8,0.8671889144929552
4cce1581256d45ad,0.6302729174042758
96bac94a511b4146,0.9635758068951812
39b6df857aff4399,0.9168453676142768
0143e55c0c314326,0.6907966961605052
01b194b0e2ca4215,0.7203274321894768
5b01f5aea1bd4d99,0.9475349123670471
7ab598ce87be46e7,0.2525594954540787
596afb75da644e1e,0.8352830919445765
abeb1bfef44844fd,0.9389396290821914
6db176b6e6cf45b9,0.43876801219381234
5f5e26baa37b4fa3,0.9133128232912603
7ce4fd008a334c73,0.44670273889148465
b1b426605b234b24,0.5908794634101859
41f24ca925884745,0.899127892555239
9468e626aaf249a2,0.9645843423213848
0998b5c189f74638,0.6935821070551718
9797f6b1a4c2426b,0.4062359851814956
9192865d9d7d4721,0.5904253691766641
dfff5b0d96ca4b82,0.4340495377702272
856a2433fa234f98,0.511685896251631
6507a90e09e1488e,0.8504938754399561
ba41bd5a20424fc2,0.48502677772966074
eaefdd877e1b41a9,0.8993631975497968
e6a52ed611284564,0.6962245987690698
534bc1f85fa841a6,0.8003891021277282
52ef29d838284832,0.5419364501835741
d91d386ce36b41fc,0.6642332658924108
224d18c82e1440b7,0.4683392425262866
dd8977c0244e40fa,0.5682034828432925
0f6cab3834ab4adf,0.43514736298049833
735b5e65c8b94074,0.2813541799793034
03ac53f16549451e,0.8271889701775657
65fa3f79e18f4c15,0.8259771460052385
181a386d0e64446e,0.4882966499994742
f4052d342674425e,0.9458395420462163
aae24a55d4d5428c,0.8784617339273036
c5df7999603a47cb,0.7701105455352416
3a76c4e569ba44c9,0.5504029320799354
55ed1e9cec854631,0.8719622084680384
716571e8557843ac,0.36386921552410173
0303e1db5be24b71,0.33026064719047915
ab4716abb2a6404f,0.7560226323891468
625135ac35f64844,0.8483546203203487
83c8678717fc4ccc,0.4982215329609873
d4660f618f274785,0.9755426044363016
bc14620bd59d449c,0.23586363131832425
dbb5c90685ab4904,0.9120067485203845
be0d405e66364679,0.9478277221760644
0148037acae74b34,0.9597300727928764
3ba8c9f63905452f,0.9313866990344306
d8444adcb8a44203,0.9630511860453682
69add4ae0ec141f6,0.35423113829603775
68ac52e1dac44515,0.9091274739129793
642e3be9b23f4d43,0.3373197838909975
8a9765cb09bb4220,0.9354416955696877
1ec87cd7221b4d3b,0.3941726629220707
7b063bf2bc564b5c,0.9540063794890138
f499207b97ec4fdb,0.6723666003085009
a3561ecf12dd4a5a,0.8739278742318671
ae4f50f1bbba4cc3,0.9618208977295062
26ac0cde8941478a,0.28047243074034844
f191c158e0eb4df1,0.6938704744120171
71775ba635ed4995,0.9215400949770958
e3a5c05f05ce4530,0.9129367207886157
77b2eae06624484c,0.6402451222360944
7cb99803b6664ef7,0.9050063852265896
70f571c76b7142f2,0.7507684541669493
88e782de52a642da,0.4602301322883245
edfcb09a03d04ccd,0.40431659745145754
03c40faea55f4c63,0.7049088934388078
659b99e513ba434d,0.9702268315528461
c5edddd4e8654653,0.568162874891498
2fc2cd17d80f4ca3,0.19910967098752896
c5721fb751d24575,0.38107875403183594
5db06c2bfedf47a3,0.5082917691400514
6d38f6dcc8214345,0.9486097364138018
a2256ab2e19a416b,0.7171017908506261
f990cf1f87874c8e,0.8239666419433951
50aec4ad60c44335,0.8803554222850736
65e465b9c50d47d6,0.7820628358036313
c53f6f1f431e4dad,0.7537844569869567
3dd7dd6e4ce84e20,0.9391532666769805
25604928552e4199,0.3745728137884469
c98db733fc864920,0.6619454820185111
3c3035e94ba14065,0.5937172608536861
9dc8af19a3e34ca5,0.9781171224594553
8ab3f2d82b3a492c,0.7714459200807408
57c2e259e28b48da,0.8614785450958626
8aa5a64d407543fa,0.5046072873696613
90a3b868da95457f,0.6348353664533767
a096a58bf42e4020,0.8867636916184828
ac1fe15447754aee,0.8867000715611432
a321e1172d46461b,0.9386065274634444
737397033f99451c,0.45984372290251496
5a40ba09da254613,0.4958688652706673
43aee30466c241cc,0.9392168086099589
95968abfa5084035,0.9828355267521911
435f84d052ab45e0,0.9319962149284216
681c116a0d8645b2,0.8365797640670058
2f120d23fbd3488c,0.5940746844082044
9ff32654a78c4f16,0.3883732342102018
0a49777506a24030,0.23653247205728567
3022ce68a20d48a2,0.6923768744879568
959464b6a474492f,0.8927609790285729
4790698208d04961,0.7004878844833677
861f24225b4c4336,0.349231665365998
1de7af77dc50464b,0.8834502949771139
e0196710aedd4d6d,0.7939776685021134
c3b62dbce9144224,0.8295278329573365
97b4c615ac5f472a,0.3935801422280907
78696d1f4af54cf4,0.8395118656649558
a8490bcc6a3748c2,0.9172605808507517
f7136f9d9641465c,0.4473686539295767
cb0268380675468c,0.7560862747363316
c9bea64701274232,0.25632628593790174
902b49ce05624582,0.5807394914013244
df180efc64a649da,0.5944267126658818
7b4d4d52e6b84ce9,0.6927343631326753
24fda56c0faa4f9b,0.9444398475963479
c0588d047bc0473b,0.9603793506292377
43826dfcd77c44af,0.7917754851212654
e7b509ca816143f7,0.7793359079441129
a409c173ae4245fc,0.964250568221575
e34a114f1bb346c6,0.9108091821886846
7721d71e194845f7,0.8160734039878008
65830242e77c484a,0.915028941542255
b4742e5069454971,0.2523155855112312
